row,file,date,imageNo,image,multipleEmbNotes,strain,spn4,condition,transcript,cell_stage,total_no_RNA,No_RNA_clusters,No_RNA_in_clusters,fraction_RNA_in_clusters,avg_no_RNA_per_cluster
1,C04.csv,211102,Image_08,211102_Image_08,NA,DG5256_wDMP91,spn4_plus,Balancer_GFP,C04B4.2,2-cell,2868,17,103,0.035913529,6.058823529
2,C04.csv,211102,Image_11,211102_Image_11,NA,DG5256_wDMP91,spn4_plus,Balancer_GFP,C04B4.2,2-cell,3471,21,127,0.036588879,6.047619048
3,C04.csv,211102,Image_18,211102_Image_18,NA,DG5256_wDMP91,spn4_plus,Balancer_GFP,C04B4.2,2-cell,2733,20,112,0.040980607,5.6
4,C04.csv,211102,Image_19,211102_Image_19,NA,DG5256_wDMP91,spn4_plus,Balancer_GFP,C04B4.2,2-cell,2498,18,127,0.050840673,7.055555556
5,C04.csv,211105,Image_11,211105_Image_11,NA,DG5256_wDMP91,spn4_plus,Balancer_GFP,C04B4.2,2-cell,2371,8,45,0.018979334,5.625
6,C04.csv,211105,Image_12,211105_Image_12,NA,DG5256_wDMP91,spn4_plus,Balancer_GFP,C04B4.2,2-cell,3330,12,69,0.020720721,5.75
7,C04.csv,211105,Image_16,211105_Image_16,NA,DG5256_wDMP91,spn4_plus,Balancer_GFP,C04B4.2,2-cell,2670,6,35,0.013108614,5.833333333
8,C04.csv,211105,Image_19,211105_Image_19,NA,DG5256_wDMP91,spn4_plus,Balancer_GFP,C04B4.2,2-cell,3920,17,101,0.025765306,5.941176471
9,C04.csv,211102,Image_04,211102_Image_04,NA,DG5256_wDMP91,spn4_plus,Balancer_GFP,C04B4.2,16-28-cell,495,6,108,0.218181818,18
10,C04.csv,211102,Image_12,211102_Image_12,NA,DG5256_wDMP91,spn4_plus,Balancer_GFP,C04B4.2,16-28-cell,284,2,80,0.281690141,40
11,C04.csv,211102,Image_29,211102_Image_29,NA,DG5256_wDMP91,spn4_plus,Balancer_GFP,C04B4.2,16-28-cell,353,5,56,0.158640227,11.2
12,C04.csv,211105,Image_01,211105_Image_01,NA,DG5256_wDMP91,spn4_plus,Balancer_GFP,C04B4.2,16-28-cell,210,3,45,0.214285714,15
13,C04.csv,211105,Image_06,211105_Image_06,NA,DG5256_wDMP91,spn4_plus,Balancer_GFP,C04B4.2,16-28-cell,161,2,15,0.093167702,7.5
14,C04.csv,211105,Image_13,211105_Image_13,NA,DG5256_wDMP91,spn4_plus,Balancer_GFP,C04B4.2,16-28-cell,214,4,40,0.186915888,10
15,C04.csv,211105,Image_14,211105_Image_14,NA,DG5256_wDMP91,spn4_plus,Balancer_GFP,C04B4.2,16-28-cell,290,7,82,0.282758621,11.71428571
16,C04.csv,211105,Image_30,211105_Image_30,NA,DG5256_wDMP91,spn4_plus,Balancer_GFP,C04B4.2,16-28-cell,112,0,0,0,0
17,C04.csv,211102,Image_06,211102_Image_06,NA,DG5256_wDMP91,spn4_plus,Balancer_GFP,C04B4.2,4-cell,1719,15,110,0.063990692,7.333333333
18,C04.csv,211102,Image_07,211102_Image_07,NA,DG5256_wDMP91,spn4_plus,Balancer_GFP,C04B4.2,4-cell,2287,29,193,0.084390031,6.655172414
19,C04.csv,211102,Image_16,211102_Image_16,NA,DG5256_wDMP91,spn4_plus,Balancer_GFP,C04B4.2,4-cell,3471,36,250,0.072025353,6.944444444
20,C04.csv,211105,Image_12,211105_Image_12,NA,DG5256_wDMP91,spn4_plus,Balancer_GFP,C04B4.2,4-cell,2308,15,91,0.039428076,6.066666667
21,C04.csv,211105,Image_21,211105_Image_21,NA,DG5256_wDMP91,spn4_plus,Balancer_GFP,C04B4.2,4-cell,1888,3,19,0.010063559,6.333333333
22,C04.csv,211105,Image_26,211105_Image_26,NA,DG5256_wDMP91,spn4_plus,Balancer_GFP,C04B4.2,4-cell,1784,4,21,0.0117713,5.25
23,C04.csv,211105,Image_23,211105_Image_23,NA,DG5256_wDMP91,spn4_plus,Balancer_GFP,C04B4.2,4-cell,1646,9,52,0.031591738,5.777777778
24,C04.csv,211102,Image_01,211102_Image_01,NA,DG5256_wDMP91,spn4_plus,Balancer_GFP,C04B4.2,8-11-cell,1244,17,199,0.159967846,11.70588235
25,C04.csv,211102,Image_13,211102_Image_13,NA,DG5256_wDMP91,spn4_plus,Balancer_GFP,C04B4.2,8-11-cell,1057,8,95,0.08987701,11.875
26,C04.csv,211102,Image_15,211102_Image_15,NA,DG5256_wDMP91,spn4_plus,Balancer_GFP,C04B4.2,8-11-cell,1147,15,143,0.12467306,9.533333333
27,C04.csv,211102,Image_17,211102_Image_17,NA,DG5256_wDMP91,spn4_plus,Balancer_GFP,C04B4.2,8-11-cell,1275,22,145,0.11372549,6.590909091
28,C04.csv,211102,Image_26,211102_Image_26,NA,DG5256_wDMP91,spn4_plus,Balancer_GFP,C04B4.2,8-11-cell,1512,14,143,0.09457672,10.21428571
29,C04.csv,211102,Image_32,211102_Image_32,NA,DG5256_wDMP91,spn4_plus,Balancer_GFP,C04B4.2,8-11-cell,2478,29,212,0.085552865,7.310344828
30,C04.csv,211105,Image_04,211105_Image_04,NA,DG5256_wDMP91,spn4_plus,Balancer_GFP,C04B4.2,8-11-cell,1890,15,108,0.057142857,7.2
31,C04.csv,211105,Image_05,211105_Image_05,NA,DG5256_wDMP91,spn4_plus,Balancer_GFP,C04B4.2,8-11-cell,1677,27,233,0.138938581,8.62962963
32,C04.csv,211102,Image_23,211102_Image_23,NA,DG5256_wDMP91,spn4_plus,Balancer_GFP,C04B4.2,12-15-cell,674,9,131,0.194362018,14.55555556
33,C04.csv,211102,Image_31,211102_Image_31,NA,DG5256_wDMP91,spn4_plus,Balancer_GFP,C04B4.2,12-15-cell,932,9,76,0.081545064,8.444444444
34,C04.csv,211102,Image_32,211102_Image_32,NA,DG5256_wDMP91,spn4_plus,Balancer_GFP,C04B4.2,12-15-cell,1175,15,154,0.13106383,10.26666667
35,C04.csv,211105,Image_03,211105_Image_03,NA,DG5256_wDMP91,spn4_plus,Balancer_GFP,C04B4.2,12-15-cell,832,8,56,0.067307692,7
36,C04.csv,211102,Image_33,211102_Image_33_top,top,DG5256_wDMP91,spn4_plus,Balancer_GFP,C04B4.2,12-15-cell,1154,16,151,0.13084922,9.4375
37,C04.csv,211102,Image_33,211102_Image_33_bottom,bottom,DG5256_wDMP91,spn4_plus,Balancer_GFP,C04B4.2,12-15-cell,536,9,78,0.145522388,8.666666667
38,C04.csv,211105,Image_07,211105_Image_07,NA,DG5256_wDMP91,spn4_plus,Balancer_GFP,C04B4.2,12-15-cell,949,9,66,0.069546891,7.333333333
39,C04.csv,211105,Image_08,211105_Image_08,NA,DG5256_wDMP91,spn4_plus,Balancer_GFP,C04B4.2,12-15-cell,482,7,65,0.134854772,9.285714286
40,C04.csv,211105,Image_09,211105_Image_09,NA,DG5256_wDMP91,spn4_plus,Balancer_GFP,C04B4.2,12-15-cell,569,6,55,0.096660808,9.166666667
41,C04.csv,211102,Image_20,211102_Image_20,NA,DG5256_wDMP91,spn4_minus,Balancer_no_GFP,C04B4.2,2-cell,1979,11,59,0.029813037,5.363636364
42,C04.csv,211102,Image_09,211102_Image_09,NA,DG5256_wDMP91,spn4_minus,Balancer_no_GFP,C04B4.2,2-cell,4106,37,211,0.051388212,5.702702703
43,C04.csv,211102,Image_03,211102_Image_03,NA,DG5256_wDMP91,spn4_minus,Balancer_no_GFP,C04B4.2,2-cell,5091,45,255,0.050088391,5.666666667
44,C04.csv,211102,Image_25,211102_Image_25,NA,DG5256_wDMP91,spn4_minus,Balancer_no_GFP,C04B4.2,2-cell,1703,11,71,0.041691133,6.454545455
45,C04.csv,211102,Image_37,211102_Image_37,NA,DG5256_wDMP91,spn4_minus,Balancer_no_GFP,C04B4.2,2-cell,4337,46,307,0.070786258,6.673913043
46,C04.csv,211105,Image_17,211105_Image_17,NA,DG5256_wDMP91,spn4_minus,Balancer_no_GFP,C04B4.2,2-cell,2155,6,49,0.022737819,8.166666667
47,C04.csv,211105,Image_18,211105_Image_18,NA,DG5256_wDMP91,spn4_minus,Balancer_no_GFP,C04B4.2,2-cell,4816,42,233,0.048380399,5.547619048
48,C04.csv,211105,Image_27,211105_Image_27,NA,DG5256_wDMP91,spn4_minus,Balancer_no_GFP,C04B4.2,2-cell,2158,8,45,0.020852641,5.625
49,C04.csv,211102,Image_18,211102_Image_18,NA,DG5256_wDMP91,spn4_minus,Balancer_no_GFP,C04B4.2,4-cell,3187,29,213,0.066834013,7.344827586
50,C04.csv,211102,Image_21,211102_Image_21,NA,DG5256_wDMP91,spn4_minus,Balancer_no_GFP,C04B4.2,4-cell,3299,23,158,0.047893301,6.869565217
51,C04.csv,211102,Image_22,211102_Image_22,NA,DG5256_wDMP91,spn4_minus,Balancer_no_GFP,C04B4.2,4-cell,4718,47,314,0.066553624,6.680851064
52,C04.csv,211102,Image_23,211102_Image_23,NA,DG5256_wDMP91,spn4_minus,Balancer_no_GFP,C04B4.2,4-cell,4114,46,294,0.071463296,6.391304348
53,C04.csv,211105,Image_13,211105_Image_13,NA,DG5256_wDMP91,spn4_minus,Balancer_no_GFP,C04B4.2,4-cell,3719,16,89,0.023931164,5.5625
54,C04.csv,211105,Image_15,211105_Image_15,NA,DG5256_wDMP91,spn4_minus,Balancer_no_GFP,C04B4.2,4-cell,3781,12,86,0.022745305,7.166666667
55,C04.csv,211105,Image_22,211105_Image_22,NA,DG5256_wDMP91,spn4_minus,Balancer_no_GFP,C04B4.2,4-cell,3081,17,107,0.034728984,6.294117647
56,C04.csv,211105,Image_24,211105_Image_24,NA,DG5256_wDMP91,spn4_minus,Balancer_no_GFP,C04B4.2,4-cell,3500,11,64,0.018285714,5.818181818
57,C04.csv,211105,Image_25,211105_Image_25,NA,DG5256_wDMP91,spn4_minus,Balancer_no_GFP,C04B4.2,4-cell,2865,8,44,0.015357766,5.5
58,C04.csv,211102,Image_01,211102_Image_01,NA,DG5256_wDMP91,spn4_minus,Balancer_no_GFP,C04B4.2,8-11-cell,2429,14,146,0.06010704,10.42857143
59,C04.csv,211102,Image_14,211102_Image_14,NA,DG5256_wDMP91,spn4_minus,Balancer_no_GFP,C04B4.2,8-11-cell,4676,44,307,0.065654405,6.977272727
60,C04.csv,211102,Image_27,211102_Image_27_top,top,DG5256_wDMP91,spn4_minus,Balancer_no_GFP,C04B4.2,8-11-cell,1421,8,50,0.035186488,6.25
61,C04.csv,211102,Image_27,211102_Image_27_bottom,bottom,DG5256_wDMP91,spn4_minus,Balancer_no_GFP,C04B4.2,8-11-cell,3577,24,137,0.038300252,5.708333333
62,C04.csv,211102,Image_34,211102_Image_34,NA,DG5256_wDMP91,spn4_minus,Balancer_no_GFP,C04B4.2,8-11-cell,2916,33,181,0.062071331,5.484848485
63,C04.csv,211105,Image_02,211105_Image_02,NA,DG5256_wDMP91,spn4_minus,Balancer_no_GFP,C04B4.2,8-11-cell,4223,16,99,0.02344305,6.1875
64,C04.csv,211105,Image_10,211105_Image_10,NA,DG5256_wDMP91,spn4_minus,Balancer_no_GFP,C04B4.2,8-11-cell,2856,7,42,0.014705882,6
65,C04.csv,211105,Image_15,211105_Image_15,NA,DG5256_wDMP91,spn4_minus,Balancer_no_GFP,C04B4.2,8-11-cell,2698,14,96,0.035581913,6.857142857
66,C04.csv,211102,Image_02,211102_Image_02,NA,DG5256_wDMP91,spn4_minus,Balancer_no_GFP,C04B4.2,12-15-cell,3291,27,180,0.054694622,6.666666667
67,C04.csv,211102,Image_35,211102_Image_35,NA,DG5256_wDMP91,spn4_minus,Balancer_no_GFP,C04B4.2,12-15-cell,3065,28,162,0.052854812,5.785714286
68,C04.csv,211102,Image_36,211102_Image_36,NA,DG5256_wDMP91,spn4_minus,Balancer_no_GFP,C04B4.2,12-15-cell,3990,40,281,0.070426065,7.025
69,C04.csv,211102,Image_37,211102_Image_37,NA,DG5256_wDMP91,spn4_minus,Balancer_no_GFP,C04B4.2,12-15-cell,3065,18,117,0.03817292,6.5
70,C04.csv,211105,Image_14,211105_Image_14,NA,DG5256_wDMP91,spn4_minus,Balancer_no_GFP,C04B4.2,12-15-cell,1826,3,22,0.012048193,7.333333333
71,C04.csv,211105,Image_20,211105_Image_20,NA,DG5256_wDMP91,spn4_minus,Balancer_no_GFP,C04B4.2,12-15-cell,600,1,7,0.011666667,7
72,C04.csv,211105,Image_28,211105_Image_28,NA,DG5256_wDMP91,spn4_minus,Balancer_no_GFP,C04B4.2,12-15-cell,2863,4,21,0.007334963,5.25
73,C04.csv,211105,Image_29,211105_Image_29,NA,DG5256_wDMP91,spn4_minus,Balancer_no_GFP,C04B4.2,12-15-cell,2518,8,57,0.022637014,7.125
74,C04.csv,211102,Image_10,211102_Image_10,NA,DG5256_wDMP91,spn4_minus,Balancer_no_GFP,C04B4.2,16-28-cell,1093,6,38,0.034766697,6.333333333
75,C04.csv,211102,Image_05,211102_Image_05,NA,DG5256_wDMP91,spn4_minus,Balancer_no_GFP,C04B4.2,16-28-cell,2979,22,128,0.042967439,5.818181818
76,C04.csv,211102,Image_24,211102_Image_24,NA,DG5256_wDMP91,spn4_minus,Balancer_no_GFP,C04B4.2,16-28-cell,2080,8,45,0.021634615,5.625
77,C04.csv,211102,Image_28,211102_Image_28,NA,DG5256_wDMP91,spn4_minus,Balancer_no_GFP,C04B4.2,16-28-cell,2019,6,33,0.016344725,5.5
78,C04.csv,211102,Image_30,211102_Image_30_upper_right,upper,DG5256_wDMP91,spn4_minus,Balancer_no_GFP,C04B4.2,16-28-cell,2218,6,33,0.014878269,5.5
79,C04.csv,211105,Image_01,211105_Image_01,NA,DG5256_wDMP91,spn4_minus,Balancer_no_GFP,C04B4.2,16-28-cell,1767,4,32,0.018109791,8
80,C04.csv,211102,Image_30,211102_Image_30_bottom_left,bottom,DG5256_wDMP91,spn4_minus,Balancer_no_GFP,C04B4.2,16-28-cell,3263,37,220,0.067422617,5.945945946
81,C04.csv,211105,Image_02,211105_Image_02,NA,DG5256_wDMP91,spn4_minus,Balancer_no_GFP,C04B4.2,16-28-cell,817,1,5,0.006119951,5
82,C04.csv,211102,Image_03,211102_Image_03,NA,N2,spn4_wt,N2,C04B4.2,2-cell,3300,31,233,0.070606061,7.516129032
83,C04.csv,211102,Image_04,211102_Image_04,NA,N2,spn4_wt,N2,C04B4.2,2-cell,3656,40,260,0.071115974,6.5
84,C04.csv,211102,Image_05,211102_Image_05,NA,N2,spn4_wt,N2,C04B4.2,2-cell,3792,69,546,0.143987342,7.913043478
85,C04.csv,211102,Image_09,211102_Image_09,NA,N2,spn4_wt,N2,C04B4.2,2-cell,2589,31,186,0.07184241,6
86,C04.csv,211102,Image_10,211102_Image_10,NA,N2,spn4_wt,N2,C04B4.2,2-cell,2703,19,119,0.044025157,6.263157895
87,C04.csv,211102,Image_13,211102_Image_13,NA,N2,spn4_wt,N2,C04B4.2,2-cell,1505,28,172,0.114285714,6.142857143
88,C04.csv,211105,Image_04,211105_Image_04,NA,N2,spn4_wt,N2,C04B4.2,2-cell,3803,74,511,0.134367605,6.905405405
89,C04.csv,211105,Image_07,211105_Image_07,NA,N2,spn4_wt,N2,C04B4.2,2-cell,2969,12,68,0.022903334,5.666666667
90,C04.csv,211102,Image_02,211102_Image_02,NA,N2,spn4_wt,N2,C04B4.2,8-11-cell,2009,20,189,0.094076655,9.45
91,C04.csv,211102,Image_05,211102_Image_05,NA,N2,spn4_wt,N2,C04B4.2,8-11-cell,781,6,63,0.080665813,10.5
92,C04.csv,211102,Image_08,211102_Image_08_left,left,N2,spn4_wt,N2,C04B4.2,8-11-cell,1983,25,248,0.125063036,9.92
93,C04.csv,211102,Image_08,211102_Image_08_right,right,N2,spn4_wt,N2,C04B4.2,8-11-cell,673,13,101,0.150074294,7.769230769
94,C04.csv,211105,Image_06,211105_Image_06,NA,N2,spn4_wt,N2,C04B4.2,8-11-cell,1969,24,151,0.076688674,6.291666667
95,C04.csv,211105,Image_08,211105_Image_08,NA,N2,spn4_wt,N2,C04B4.2,8-11-cell,1076,15,127,0.11802974,8.466666667
96,C04.csv,211105,Image_14,211105_Image_14,NA,N2,spn4_wt,N2,C04B4.2,8-11-cell,1011,18,169,0.167161227,9.388888889
97,C04.csv,211105,Image_17,211105_Image_17,NA,N2,spn4_wt,N2,C04B4.2,8-11-cell,1054,19,123,0.116698292,6.473684211
98,C04.csv,211102,Image_01,211102_Image_01,NA,N2,spn4_wt,N2,C04B4.2,4-cell,1961,24,182,0.092809791,7.583333333
99,C04.csv,211102,Image_11,211102_Image_11,NA,N2,spn4_wt,N2,C04B4.2,4-cell,2373,19,146,0.061525495,7.684210526
100,C04.csv,211102,Image_13,211102_Image_13,NA,N2,spn4_wt,N2,C04B4.2,4-cell,2779,30,211,0.075926592,7.033333333
101,C04.csv,211102,Image_14,211102_Image_14,NA,N2,spn4_wt,N2,C04B4.2,4-cell,2340,40,329,0.140598291,8.225
102,C04.csv,211105,Image_05,211105_Image_05,NA,N2,spn4_wt,N2,C04B4.2,4-cell,2114,20,151,0.071428571,7.55
103,C04.csv,211105,Image_06,211105_Image_06,NA,N2,spn4_wt,N2,C04B4.2,4-cell,2092,18,121,0.057839388,6.722222222
104,C04.csv,211105,Image_10,211105_Image_10,NA,N2,spn4_wt,N2,C04B4.2,4-cell,1160,6,43,0.037068966,7.166666667
105,C04.csv,211105,Image_11,211105_Image_11,NA,N2,spn4_wt,N2,C04B4.2,4-cell,1358,9,48,0.035346097,5.333333333
106,C04.csv,211105,Image_15,211105_Image_15,NA,N2,spn4_wt,N2,C04B4.2,4-cell,3069,34,263,0.085695666,7.735294118
107,C04.csv,211102,Image_09,211102_Image_09,NA,N2,spn4_wt,N2,C04B4.2,12-15-cell,1323,24,259,0.195767196,10.79166667
108,C04.csv,211102,Image_10,211102_Image_10,NA,N2,spn4_wt,N2,C04B4.2,12-15-cell,1043,11,98,0.093959732,8.909090909
109,C04.csv,211102,Image_12,211102_Image_12,NA,N2,spn4_wt,N2,C04B4.2,12-15-cell,1048,14,149,0.142175573,10.64285714
110,C04.csv,211102,Image_15,211102_Image_15,NA,N2,spn4_wt,N2,C04B4.2,12-15-cell,566,17,163,0.287985866,9.588235294
111,C04.csv,211105,Image_01,211105_Image_01,NA,N2,spn4_wt,N2,C04B4.2,12-15-cell,399,9,67,0.167919799,7.444444444
112,C04.csv,211105,Image_03,211105_Image_03,NA,N2,spn4_wt,N2,C04B4.2,12-15-cell,795,8,93,0.116981132,11.625
113,C04.csv,211105,Image_12,211105_Image_12,NA,N2,spn4_wt,N2,C04B4.2,12-15-cell,380,12,120,0.315789474,10
114,C04.csv,211105,Image_13,211105_Image_13,NA,N2,spn4_wt,N2,C04B4.2,12-15-cell,335,5,32,0.095522388,6.4
115,C04.csv,211105,Image_16,211105_Image_16,NA,N2,spn4_wt,N2,C04B4.2,12-15-cell,1101,16,138,0.125340599,8.625
116,C04.csv,211102,Image_01,211102_Image_01,NA,N2,spn4_wt,N2,C04B4.2,16-28-cell,217,6,71,0.32718894,11.83333333
117,C04.csv,211102,Image_06,211102_Image_06,NA,N2,spn4_wt,N2,C04B4.2,16-28-cell,262,4,38,0.145038168,9.5
118,C04.csv,211102,Image_07,211102_Image_07_bottom,bottom,N2,spn4_wt,N2,C04B4.2,16-28-cell,280,2,72,0.257142857,36
119,C04.csv,211102,Image_07,211102_Image_07_top,top,N2,spn4_wt,N2,C04B4.2,16-28-cell,173,2,20,0.115606936,10
120,C04.csv,211105,Image_02,211105_Image_02,NA,N2,spn4_wt,N2,C04B4.2,16-28-cell,224,3,44,0.196428571,14.66666667
121,C04.csv,211105,Image_09,211105_Image_09,NA,N2,spn4_wt,N2,C04B4.2,16-28-cell,190,2,20,0.105263158,10
122,C04.csv,211105,Image_15,211105_Image_15,NA,N2,spn4_wt,N2,C04B4.2,16-28-cell,301,6,66,0.219269103,11
123,C04.csv,211105,Image_18,211105_Image_18,NA,N2,spn4_wt,N2,C04B4.2,16-28-cell,165,5,49,0.296969697,9.8
124,car-1.csv,211109,Image_03,211109_Image_03,NA,DG5256_wDMP91,spn4_plus,Balancer_GFP,car-1,2-cell,23981,960,11268,0.469871982,11.7375
125,car-1.csv,211109,Image_10,211109_Image_10,NA,DG5256_wDMP91,spn4_plus,Balancer_GFP,car-1,2-cell,19954,806,9097,0.455898567,11.2866005
126,car-1.csv,211109,Image_15,211109_Image_15,NA,DG5256_wDMP91,spn4_plus,Balancer_GFP,car-1,2-cell,22592,779,12890,0.570555949,16.54685494
127,car-1.csv,211109,Image_18,211109_Image_18,NA,DG5256_wDMP91,spn4_plus,Balancer_GFP,car-1,2-cell,18265,715,8817,0.482726526,12.33146853
128,car-1.csv,211109,Image_23,211109_Image_23,NA,DG5256_wDMP91,spn4_plus,Balancer_GFP,car-1,2-cell,22290,895,10928,0.490264693,12.21005587
129,car-1.csv,211109,Image_34,211109_Image_34,NA,DG5256_wDMP91,spn4_plus,Balancer_GFP,car-1,2-cell,17420,647,8352,0.479448909,12.90880989
130,car-1.csv,211113,Image_05,211113_Image_05,NA,DG5256_wDMP91,spn4_plus,Balancer_GFP,car-1,2-cell,19480,714,10844,0.556673511,15.18767507
131,car-1.csv,211113,Image_13,211113_Image_13,NA,DG5256_wDMP91,spn4_plus,Balancer_GFP,car-1,2-cell,24530,741,14909,0.607786384,20.12010796
132,car-1.csv,211109,Image_05,211109_Image_05,NA,DG5256_wDMP91,spn4_minus,Balancer_no_GFP,car-1,2-cell,23374,877,11081,0.474073757,12.63511973
133,car-1.csv,211109,Image_09,211109_Image_09,NA,DG5256_wDMP91,spn4_minus,Balancer_no_GFP,car-1,2-cell,17395,715,8186,0.470594999,11.44895105
134,car-1.csv,211109,Image_19,211109_Image_19,NA,DG5256_wDMP91,spn4_minus,Balancer_no_GFP,car-1,2-cell,20541,767,11027,0.536828781,14.3767927
135,car-1.csv,211109,Image_23,211109_Image_23,NA,DG5256_wDMP91,spn4_minus,Balancer_no_GFP,car-1,2-cell,24042,830,12425,0.516803926,14.96987952
136,car-1.csv,211113,Image_09,211113_Image_09,NA,DG5256_wDMP91,spn4_minus,Balancer_no_GFP,car-1,2-cell,19951,572,12982,0.650694201,22.6958042
137,car-1.csv,211113,Image_22,211113_Image_22_bottom,bottom,DG5256_wDMP91,spn4_minus,Balancer_no_GFP,car-1,2-cell,14547,407,9474,0.651268303,23.27764128
138,car-1.csv,211113,Image_22,211113_Image_22_top,top,DG5256_wDMP91,spn4_minus,Balancer_no_GFP,car-1,2-cell,23380,848,13986,0.598203593,16.49292453
139,car-1.csv,211113,Image_23,211113_Image_23,NA,DG5256_wDMP91,spn4_minus,Balancer_no_GFP,car-1,2-cell,19844,790,11231,0.565964523,14.2164557
140,car-1.csv,211109,Image_06,211109_Image_06,NA,DG5256_wDMP91,spn4_plus,Balancer_GFP,car-1,4-cell,16628,590,8072,0.485446235,13.68135593
141,car-1.csv,211109,Image_17,211109_Image_17,NA,DG5256_wDMP91,spn4_plus,Balancer_GFP,car-1,4-cell,17020,538,8687,0.51039953,16.14684015
142,car-1.csv,211109,Image_27,211109_Image_27,NA,DG5256_wDMP91,spn4_plus,Balancer_GFP,car-1,4-cell,22145,795,10556,0.476676451,13.27798742
143,car-1.csv,211109,Image_31,211109_Image_31,NA,DG5256_wDMP91,spn4_plus,Balancer_GFP,car-1,4-cell,10177,337,4505,0.442664832,13.36795252
144,car-1.csv,211113,Image_01,211113_Image_01,NA,DG5256_wDMP91,spn4_plus,Balancer_GFP,car-1,4-cell,14022,479,7240,0.516331479,15.11482255
145,car-1.csv,211113,Image_18,211113_Image_18,NA,DG5256_wDMP91,spn4_plus,Balancer_GFP,car-1,4-cell,14127,469,8340,0.590358887,17.78251599
146,car-1.csv,211113,Image_25,211113_Image_25,NA,DG5256_wDMP91,spn4_plus,Balancer_GFP,car-1,4-cell,16772,460,10848,0.646792273,23.5826087
147,car-1.csv,211109,Image_16,211109_Image_16,NA,DG5256_wDMP91,spn4_minus,Balancer_no_GFP,car-1,4-cell,23810,817,15171,0.637169257,18.56915545
148,car-1.csv,211109,Image_32,211109_Image_32,NA,DG5256_wDMP91,spn4_minus,Balancer_no_GFP,car-1,4-cell,21986,852,12551,0.570863277,14.73122066
149,car-1.csv,211109,Image_34,211109_Image_34,NA,DG5256_wDMP91,spn4_minus,Balancer_no_GFP,car-1,4-cell,26673,853,14677,0.550256814,17.2063306
150,car-1.csv,211109,Image_35,211109_Image_35,NA,DG5256_wDMP91,spn4_minus,Balancer_no_GFP,car-1,4-cell,26515,909,15306,0.577258156,16.83828383
151,car-1.csv,211113,Image_03,211113_Image_03,NA,DG5256_wDMP91,spn4_minus,Balancer_no_GFP,car-1,4-cell,18357,774,10117,0.551124911,13.07105943
152,car-1.csv,211113,Image_06,211113_Image_06,NA,DG5256_wDMP91,spn4_minus,Balancer_no_GFP,car-1,4-cell,27688,1114,16056,0.579890205,14.41292639
153,car-1.csv,211113,Image_13,211113_Image_13,NA,DG5256_wDMP91,spn4_minus,Balancer_no_GFP,car-1,4-cell,18809,658,10839,0.576266681,16.47264438
154,car-1.csv,211113,Image_17,211113_Image_17,NA,DG5256_wDMP91,spn4_minus,Balancer_no_GFP,car-1,4-cell,17494,734,8373,0.478621242,11.40735695
155,car-1.csv,211109,Image_04,211109_Image_04,NA,DG5256_wDMP91,spn4_plus,Balancer_GFP,car-1,8-11-cell,17849,580,9116,0.510728892,15.71724138
156,car-1.csv,211109,Image_07,211109_Image_07,NA,DG5256_wDMP91,spn4_plus,Balancer_GFP,car-1,8-11-cell,13636,354,6229,0.456805515,17.5960452
157,car-1.csv,211109,Image_12,211109_Image_12,NA,DG5256_wDMP91,spn4_plus,Balancer_GFP,car-1,8-11-cell,15257,511,6284,0.411876516,12.29745597
158,car-1.csv,211109,Image_11,211109_Image_11,NA,DG5256_wDMP91,spn4_plus,Balancer_GFP,car-1,8-11-cell,15580,524,7145,0.45860077,13.63549618
159,car-1.csv,211109,Image_26,211109_Image_26,NA,DG5256_wDMP91,spn4_plus,Balancer_GFP,car-1,8-11-cell,8930,287,3136,0.351175812,10.92682927
160,car-1.csv,211109,Image_33,211109_Image_33,NA,DG5256_wDMP91,spn4_plus,Balancer_GFP,car-1,8-11-cell,21391,808,9910,0.463278949,12.26485149
161,car-1.csv,211109,Image_34,211109_Image_34,NA,DG5256_wDMP91,spn4_plus,Balancer_GFP,car-1,8-11-cell,11849,313,3895,0.328719723,12.44408946
162,car-1.csv,211113,Image_09,211113_Image_09,NA,DG5256_wDMP91,spn4_plus,Balancer_GFP,car-1,8-11-cell,4904,102,1759,0.358686786,17.24509804
163,car-1.csv,211113,Image_25,211113_Image_25,NA,DG5256_wDMP91,spn4_plus,Balancer_GFP,car-1,8-11-cell,10559,297,5635,0.533667961,18.97306397
164,car-1.csv,211113,Image_26,211113_Image_26,NA,DG5256_wDMP91,spn4_plus,Balancer_GFP,car-1,8-11-cell,7487,183,3917,0.523173501,21.40437158
165,car-1.csv,211109,Image_20,211109_Image_20,NA,DG5256_wDMP91,spn4_minus,Balancer_no_GFP,car-1,8-11-cell,23568,816,12435,0.5276222,15.23897059
166,car-1.csv,211109,Image_21,211109_Image_21,NA,DG5256_wDMP91,spn4_minus,Balancer_no_GFP,car-1,8-11-cell,12753,436,6463,0.506782718,14.8233945
167,car-1.csv,211109,Image_31,211109_Image_31_left,left,DG5256_wDMP91,spn4_minus,Balancer_no_GFP,car-1,8-11-cell,19382,649,11120,0.573728201,17.13405239
168,car-1.csv,211109,Image_31,211109_Image_31_right,right,DG5256_wDMP91,spn4_minus,Balancer_no_GFP,car-1,8-11-cell,25669,887,15788,0.615060968,17.79932356
169,car-1.csv,211113,Image_01,211113_Image_01,NA,DG5256_wDMP91,spn4_minus,Balancer_no_GFP,car-1,8-11-cell,23130,784,14923,0.645179421,19.03443878
170,car-1.csv,211113,Image_02,211113_Image_02_top,top,DG5256_wDMP91,spn4_minus,Balancer_no_GFP,car-1,8-11-cell,25402,1005,13827,0.544327218,13.75820896
171,car-1.csv,211113,Image_02,211113_Image_02_bottom,bottom,DG5256_wDMP91,spn4_minus,Balancer_no_GFP,car-1,8-11-cell,22779,893,11824,0.519074586,13.24076148
172,car-1.csv,211113,Image_07,211113_Image_07,NA,DG5256_wDMP91,spn4_minus,Balancer_no_GFP,car-1,8-11-cell,14177,548,7487,0.528108909,13.66240876
173,car-1.csv,211109,Image_14,211109_Image_14,NA,DG5256_wDMP91,spn4_plus,Balancer_GFP,car-1,12-15-cell,4361,80,2088,0.478789269,26.1
174,car-1.csv,211109,Image_24,211109_Image_24,NA,DG5256_wDMP91,spn4_plus,Balancer_GFP,car-1,12-15-cell,6688,96,3113,0.465460526,32.42708333
175,car-1.csv,211109,Image_25,211109_Image_25,NA,DG5256_wDMP91,spn4_plus,Balancer_GFP,car-1,12-15-cell,4629,69,2406,0.519766688,34.86956522
176,car-1.csv,211113,Image_14,211113_Image_14,NA,DG5256_wDMP91,spn4_plus,Balancer_GFP,car-1,12-15-cell,6483,150,3219,0.496529385,21.46
177,car-1.csv,211113,Image_16,211113_Image_16,NA,DG5256_wDMP91,spn4_plus,Balancer_GFP,car-1,12-15-cell,6549,144,2981,0.455183998,20.70138889
178,car-1.csv,211113,Image_20,211113_Image_20,NA,DG5256_wDMP91,spn4_plus,Balancer_GFP,car-1,12-15-cell,2648,29,1235,0.466389728,42.5862069
179,car-1.csv,211113,Image_21,211113_Image_21,NA,DG5256_wDMP91,spn4_plus,Balancer_GFP,car-1,12-15-cell,2537,76,819,0.322822231,10.77631579
180,car-1.csv,211109,Image_08,211109_Image_08,NA,DG5256_wDMP91,spn4_minus,Balancer_no_GFP,car-1,12-15-cell,18365,667,8442,0.459678737,12.65667166
181,car-1.csv,211109,Image_18,211109_Image_18,NA,DG5256_wDMP91,spn4_minus,Balancer_no_GFP,car-1,12-15-cell,25074,884,13980,0.557549653,15.81447964
182,car-1.csv,211109,Image_28,211109_Image_28,NA,DG5256_wDMP91,spn4_minus,Balancer_no_GFP,car-1,12-15-cell,21607,809,11200,0.518350535,13.84425216
183,car-1.csv,211109,Image_29,211109_Image_29,NA,DG5256_wDMP91,spn4_minus,Balancer_no_GFP,car-1,12-15-cell,22641,848,12683,0.560178437,14.95636792
184,car-1.csv,211109,Image_30,211109_Image_30,NA,DG5256_wDMP91,spn4_minus,Balancer_no_GFP,car-1,12-15-cell,13202,525,5569,0.421830026,10.60761905
185,car-1.csv,211113,Image_10,211113_Image_10,NA,DG5256_wDMP91,spn4_minus,Balancer_no_GFP,car-1,12-15-cell,13413,507,6557,0.488854097,12.93293886
186,car-1.csv,211113,Image_19,211113_Image_19,NA,DG5256_wDMP91,spn4_minus,Balancer_no_GFP,car-1,12-15-cell,23045,840,13230,0.574094164,15.75
187,car-1.csv,211113,Image_23,211113_Image_23,NA,DG5256_wDMP91,spn4_minus,Balancer_no_GFP,car-1,12-15-cell,16980,625,10302,0.606713781,16.4832
188,car-1.csv,211113,Image_24,211113_Image_24,NA,DG5256_wDMP91,spn4_minus,Balancer_no_GFP,car-1,12-15-cell,20908,619,13631,0.651951406,22.02100162
189,car-1.csv,211109,Image_04,211109_Image_04,NA,DG5256_wDMP91,spn4_plus,Balancer_GFP,car-1,16-28-cell,1880,15,942,0.50106383,62.8
190,car-1.csv,211109,Image_13,211109_Image_13,NA,DG5256_wDMP91,spn4_plus,Balancer_GFP,car-1,16-28-cell,1832,23,977,0.533296943,42.47826087
191,car-1.csv,211109,Image_20,211109_Image_20,NA,DG5256_wDMP91,spn4_plus,Balancer_GFP,car-1,16-28-cell,665,3,49,0.073684211,16.33333333
192,car-1.csv,211109,Image_22,211109_Image_22,NA,DG5256_wDMP91,spn4_plus,Balancer_GFP,car-1,16-28-cell,2504,25,1197,0.478035144,47.88
193,car-1.csv,211113,Image_04,211113_Image_04,NA,DG5256_wDMP91,spn4_plus,Balancer_GFP,car-1,16-28-cell,364,11,113,0.31043956,10.27272727
194,car-1.csv,211113,Image_11,211113_Image_11_lower_right,lower,DG5256_wDMP91,spn4_plus,Balancer_GFP,car-1,16-28-cell,1324,10,596,0.450151057,59.6
195,car-1.csv,211113,Image_11,211113_Image_11_upper_left,upper,DG5256_wDMP91,spn4_plus,Balancer_GFP,car-1,16-28-cell,1106,15,169,0.152802893,11.26666667
196,car-1.csv,211113,Image_12,211113_Image_12,NA,DG5256_wDMP91,spn4_plus,Balancer_GFP,car-1,16-28-cell,3856,40,1230,0.318983402,30.75
197,car-1.csv,211109,Image_01,211109_Image_01,NA,DG5256_wDMP91,spn4_minus,Balancer_no_GFP,car-1,16-28-cell,16840,682,8836,0.524703088,12.95601173
198,car-1.csv,211109,Image_02,211109_Image_02,NA,DG5256_wDMP91,spn4_minus,Balancer_no_GFP,car-1,16-28-cell,21369,841,12911,0.60419299,15.35196195
199,car-1.csv,211109,Image_06,211109_Image_06,NA,DG5256_wDMP91,spn4_minus,Balancer_no_GFP,car-1,16-28-cell,20830,812,11124,0.534037446,13.69950739
200,car-1.csv,211109,Image_23,211109_Image_23,NA,DG5256_wDMP91,spn4_minus,Balancer_no_GFP,car-1,16-28-cell,27160,1061,15246,0.561340206,14.36946277
201,car-1.csv,211113,Image_03,211113_Image_03,NA,DG5256_wDMP91,spn4_minus,Balancer_no_GFP,car-1,16-28-cell,16626,791,7854,0.472392638,9.92920354
202,car-1.csv,211113,Image_08,211113_Image_08,NA,DG5256_wDMP91,spn4_minus,Balancer_no_GFP,car-1,16-28-cell,18666,575,4656,0.24943748,8.097391304
203,car-1.csv,211113,Image_11,211113_Image_11,NA,DG5256_wDMP91,spn4_minus,Balancer_no_GFP,car-1,16-28-cell,15170,501,3979,0.262294001,7.942115768
204,car-1.csv,211113,Image_15,211113_Image_15,NA,DG5256_wDMP91,spn4_minus,Balancer_no_GFP,car-1,16-28-cell,17487,557,4363,0.249499628,7.833034111
205,car-1.csv,211109,Image_01,211109_Image_01,NA,N2,spn4_wt,N2,car-1,2-cell,20353,692,10560,0.518842431,15.26011561
206,car-1.csv,211109,Image_04,211109_Image_04,NA,N2,spn4_wt,N2,car-1,2-cell,13789,491,6401,0.464210603,13.03665988
207,car-1.csv,211109,Image_05,211109_Image_05,NA,N2,spn4_wt,N2,car-1,2-cell,21429,825,12138,0.566428671,14.71272727
208,car-1.csv,211109,Image_10,211109_Image_10_lower_right,lower,N2,spn4_wt,N2,car-1,2-cell,16858,573,9099,0.539743742,15.87958115
209,car-1.csv,211109,Image_10,211109_Image_10_upper_left,upper,N2,spn4_wt,N2,car-1,2-cell,24877,1006,13752,0.552799775,13.66998012
210,car-1.csv,211113,Image_07,211113_Image_07,NA,N2,spn4_wt,N2,car-1,2-cell,14247,464,4074,0.285954938,8.780172414
211,car-1.csv,211113,Image_16,211113_Image_16,NA,N2,spn4_wt,N2,car-1,2-cell,11963,341,2140,0.178884895,6.275659824
212,car-1.csv,211113,Image_14,211113_Image_14,NA,N2,spn4_wt,N2,car-1,2-cell,12906,343,2362,0.183015652,6.886297376
213,car-1.csv,211109,Image_01,211109_Image_01,NA,N2,spn4_wt,N2,car-1,4-cell,15522,476,7686,0.495168148,16.14705882
214,car-1.csv,211109,Image_02,211109_Image_02,NA,N2,spn4_wt,N2,car-1,4-cell,9100,255,3886,0.427032967,15.23921569
215,car-1.csv,211109,Image_13,211109_Image_13,NA,N2,spn4_wt,N2,car-1,4-cell,10764,347,3944,0.36640654,11.36599424
216,car-1.csv,211109,Image_14,211109_Image_14,NA,N2,spn4_wt,N2,car-1,4-cell,6831,251,2224,0.325574586,8.860557769
217,car-1.csv,211109,Image_15,211109_Image_15,NA,N2,spn4_wt,N2,car-1,4-cell,14284,481,8218,0.575329039,17.08523909
218,car-1.csv,211113,Image_05,211113_Image_05,NA,N2,spn4_wt,N2,car-1,4-cell,11712,364,2976,0.254098361,8.175824176
219,car-1.csv,211113,Image_11,211113_Image_11,NA,N2,spn4_wt,N2,car-1,4-cell,12679,452,4107,0.323921445,9.086283186
220,car-1.csv,211113,Image_12,211113_Image_12,NA,N2,spn4_wt,N2,car-1,4-cell,12644,417,3199,0.253005378,7.67146283
221,car-1.csv,211109,Image_07,211109_Image_07,NA,N2,spn4_wt,N2,car-1,8-11-cell,5631,124,2123,0.377020067,17.12096774
222,car-1.csv,211109,Image_08,211109_Image_08,NA,N2,spn4_wt,N2,car-1,8-11-cell,4693,109,1637,0.348817388,15.01834862
223,car-1.csv,211109,Image_09,211109_Image_09,NA,N2,spn4_wt,N2,car-1,8-11-cell,8868,255,3712,0.418583672,14.55686275
224,car-1.csv,211109,Image_12,211109_Image_12,NA,N2,spn4_wt,N2,car-1,8-11-cell,1165,25,285,0.244635193,11.4
225,car-1.csv,211113,Image_01,211113_Image_01,NA,N2,spn4_wt,N2,car-1,8-11-cell,7593,220,2890,0.380613723,13.13636364
226,car-1.csv,211113,Image_02,211113_Image_02,NA,N2,spn4_wt,N2,car-1,8-11-cell,6230,95,3308,0.530979133,34.82105263
227,car-1.csv,211113,Image_06,211113_Image_06,NA,N2,spn4_wt,N2,car-1,8-11-cell,7539,218,3031,0.402042711,13.90366972
228,car-1.csv,211113,Image_09,211113_Image_09,NA,N2,spn4_wt,N2,car-1,8-11-cell,4080,99,1342,0.328921569,13.55555556
229,car-1.csv,211109,Image_03,211109_Image_03,NA,N2,spn4_wt,N2,car-1,12-15-cell,2181,39,1376,0.630903255,35.28205128
230,car-1.csv,211109,Image_06,211109_Image_06,NA,N2,spn4_wt,N2,car-1,12-15-cell,2313,34,1225,0.529615218,36.02941176
231,car-1.csv,211109,Image_09,211109_Image_09,NA,N2,spn4_wt,N2,car-1,12-15-cell,1829,27,757,0.41388737,28.03703704
232,car-1.csv,211109,Image_11,211109_Image_11,NA,N2,spn4_wt,N2,car-1,12-15-cell,2343,48,622,0.265471618,12.95833333
233,car-1.csv,211113,Image_01,211113_Image_01,NA,N2,spn4_wt,N2,car-1,12-15-cell,1985,38,1083,0.54559194,28.5
234,car-1.csv,211113,Image_03,211113_Image_03,NA,N2,spn4_wt,N2,car-1,12-15-cell,2974,75,1264,0.425016812,16.85333333
235,car-1.csv,211113,Image_08,211113_Image_08,NA,N2,spn4_wt,N2,car-1,12-15-cell,3107,62,1326,0.426778243,21.38709677
236,car-1.csv,211113,Image_10,211113_Image_10,NA,N2,spn4_wt,N2,car-1,12-15-cell,2878,60,1213,0.421473245,20.21666667
237,car-1.csv,211109,Image_13,211109_Image_13,NA,N2,spn4_wt,N2,car-1,16-28-cell,829,14,529,0.638118215,37.78571429
238,car-1.csv,211109,Image_15,211109_Image_15,NA,N2,spn4_wt,N2,car-1,16-28-cell,1837,17,828,0.450734894,48.70588235
239,car-1.csv,211109,Image_16,211109_Image_16,NA,N2,spn4_wt,N2,car-1,16-28-cell,720,8,315,0.4375,39.375
240,car-1.csv,211109,Image_17,211109_Image_17,NA,N2,spn4_wt,N2,car-1,16-28-cell,1055,12,621,0.588625592,51.75
241,car-1.csv,211113,Image_02,211113_Image_02,NA,N2,spn4_wt,N2,car-1,16-28-cell,1502,21,1010,0.672436751,48.0952381
242,car-1.csv,211113,Image_04,211113_Image_04,NA,N2,spn4_wt,N2,car-1,16-28-cell,983,16,538,0.547304171,33.625
243,car-1.csv,211113,Image_13,211113_Image_13,NA,N2,spn4_wt,N2,car-1,16-28-cell,1231,26,580,0.471161657,22.30769231
244,car-1.csv,211113,Image_15,211113_Image_15,NA,N2,spn4_wt,N2,car-1,16-28-cell,1174,22,531,0.45229983,24.13636364
245,cgh-1.csv,211102,Image_01,211102_Image_01,NA,DG5256_wDMP91,spn4_plus,Balancer_GFP,cgh-1,4-cell,18782,732,8060,0.429134277,11.01092896
246,cgh-1.csv,211102,Image_04,211102_Image_04,NA,DG5256_wDMP91,spn4_plus,Balancer_GFP,cgh-1,4-cell,18387,676,8431,0.458530483,12.47189349
247,cgh-1.csv,211102,Image_07,211102_Image_07,NA,DG5256_wDMP91,spn4_plus,Balancer_GFP,cgh-1,4-cell,12772,466,6167,0.482853116,13.23390558
248,cgh-1.csv,211102,Image_08,211102_Image_08,NA,DG5256_wDMP91,spn4_plus,Balancer_GFP,cgh-1,4-cell,21654,789,13024,0.601459315,16.50697085
249,cgh-1.csv,211102,Image_25,211102_Image_25,NA,DG5256_wDMP91,spn4_plus,Balancer_GFP,cgh-1,4-cell,11803,418,6490,0.549860205,15.52631579
250,cgh-1.csv,211102,Image_26,211102_Image_26,NA,DG5256_wDMP91,spn4_plus,Balancer_GFP,cgh-1,4-cell,14892,501,8481,0.569500403,16.92814371
251,cgh-1.csv,211102,Image_30,211102_Image_30,NA,DG5256_wDMP91,spn4_plus,Balancer_GFP,cgh-1,4-cell,8780,241,2044,0.232801822,8.481327801
252,cgh-1.csv,211105,Image_08,211105_Image_08,NA,DG5256_wDMP91,spn4_plus,Balancer_GFP,cgh-1,4-cell,17139,654,8063,0.470447517,12.32874618
253,cgh-1.csv,211102,Image_03,211102_Image_03,NA,DG5256_wDMP91,spn4_minus,Balancer_no_GFP,cgh-1,2-cell,15429,629,6746,0.437228596,10.72496025
254,cgh-1.csv,211102,Image_05,211102_Image_05,NA,DG5256_wDMP91,spn4_minus,Balancer_no_GFP,cgh-1,2-cell,13417,494,4078,0.303942759,8.255060729
255,cgh-1.csv,211102,Image_19,211102_Image_19,NA,DG5256_wDMP91,spn4_minus,Balancer_no_GFP,cgh-1,2-cell,10535,428,3698,0.351020408,8.640186916
256,cgh-1.csv,211102,Image_28,211102_Image_28,NA,DG5256_wDMP91,spn4_minus,Balancer_no_GFP,cgh-1,2-cell,14238,549,4999,0.351102683,9.10564663
257,cgh-1.csv,211102,Image_29,211102_Image_29,NA,DG5256_wDMP91,spn4_minus,Balancer_no_GFP,cgh-1,2-cell,13886,558,5085,0.366196169,9.112903226
258,cgh-1.csv,211102,Image_31,211102_Image_31,NA,DG5256_wDMP91,spn4_minus,Balancer_no_GFP,cgh-1,2-cell,10809,378,3025,0.279859376,8.002645503
259,cgh-1.csv,211105,Image_02,211105_Image_02,NA,DG5256_wDMP91,spn4_minus,Balancer_no_GFP,cgh-1,2-cell,9600,331,2525,0.263020833,7.628398792
260,cgh-1.csv,211105,Image_05,211105_Image_05,NA,DG5256_wDMP91,spn4_minus,Balancer_no_GFP,cgh-1,2-cell,10590,340,2600,0.245514636,7.647058824
261,cgh-1.csv,210718,Image_05,210718_Image_05,NA,DG5256_wDMP91,spn4_minus,Balancer_no_GFP,cgh-1,4-cell,10905,387,3336,0.305914718,8.620155039
262,cgh-1.csv,210718,Image_10,210718_Image_10,NA,DG5256_wDMP91,spn4_minus,Balancer_no_GFP,cgh-1,4-cell,10519,384,4213,0.400513357,10.97135417
263,cgh-1.csv,210718,Image_11,210718_Image_11,NA,DG5256_wDMP91,spn4_minus,Balancer_no_GFP,cgh-1,4-cell,11277,411,3795,0.336525672,9.233576642
264,cgh-1.csv,210718,Image_16,210718_Image_16,NA,DG5256_wDMP91,spn4_minus,Balancer_no_GFP,cgh-1,4-cell,12995,491,5981,0.460253944,12.18126273
265,cgh-1.csv,211102,Image_22,211102_Image_22,NA,DG5256_wDMP91,spn4_minus,Balancer_no_GFP,cgh-1,4-cell,10957,440,3899,0.355845578,8.861363636
266,cgh-1.csv,211102,Image_23,211102_Image_23,NA,DG5256_wDMP91,spn4_minus,Balancer_no_GFP,cgh-1,4-cell,11482,475,4333,0.37737328,9.122105263
267,cgh-1.csv,211105,Image_01,211105_Image_01,NA,DG5256_wDMP91,spn4_minus,Balancer_no_GFP,cgh-1,4-cell,10414,316,2326,0.223353178,7.360759494
268,cgh-1.csv,211105,Image_15,211105_Image_15,NA,DG5256_wDMP91,spn4_minus,Balancer_no_GFP,cgh-1,4-cell,9737,343,3319,0.340864743,9.67638484
269,cgh-1.csv,210718,Image_08,210718_Image_08,NA,DG5256_wDMP91,spn4_minus,Balancer_no_GFP,cgh-1,8-11-cell,14456,549,5929,0.410141118,10.7996357
270,cgh-1.csv,210718,Image_13,210718_Image_13,NA,DG5256_wDMP91,spn4_minus,Balancer_no_GFP,cgh-1,8-11-cell,7993,238,1831,0.229075441,7.693277311
271,cgh-1.csv,210718,Image_14,210718_Image_14,NA,DG5256_wDMP91,spn4_minus,Balancer_no_GFP,cgh-1,8-11-cell,10718,416,3585,0.334484046,8.617788462
272,cgh-1.csv,210718,Image_15,210718_Image_15,NA,DG5256_wDMP91,spn4_minus,Balancer_no_GFP,cgh-1,8-11-cell,2902,66,523,0.180220538,7.924242424
273,cgh-1.csv,211102,Image_15,211102_Image_15,NA,DG5256_wDMP91,spn4_minus,Balancer_no_GFP,cgh-1,8-11-cell,10173,240,1789,0.175857662,7.454166667
274,cgh-1.csv,211102,Image_27,211102_Image_27,NA,DG5256_wDMP91,spn4_minus,Balancer_no_GFP,cgh-1,8-11-cell,8644,270,2123,0.245603887,7.862962963
275,cgh-1.csv,211105,Image_13,211105_Image_13,NA,DG5256_wDMP91,spn4_minus,Balancer_no_GFP,cgh-1,8-11-cell,8490,223,1710,0.201413428,7.668161435
276,cgh-1.csv,210718,Image_03,210718_Image_03,NA,DG5256_wDMP91,spn4_minus,Balancer_no_GFP,cgh-1,12-15-cell,4260,146,1193,0.280046948,8.171232877
277,cgh-1.csv,210718,Image_06,210718_Image_06,NA,DG5256_wDMP91,spn4_minus,Balancer_no_GFP,cgh-1,12-15-cell,10152,359,2943,0.289893617,8.197771588
278,cgh-1.csv,210718,Image_07,210718_Image_07,NA,DG5256_wDMP91,spn4_minus,Balancer_no_GFP,cgh-1,12-15-cell,9499,267,2018,0.212443415,7.558052434
279,cgh-1.csv,210718,Image_12,210718_Image_12,NA,DG5256_wDMP91,spn4_minus,Balancer_no_GFP,cgh-1,12-15-cell,7788,230,1820,0.233692861,7.913043478
280,cgh-1.csv,211102,Image_02,211102_Image_02,NA,DG5256_wDMP91,spn4_minus,Balancer_no_GFP,cgh-1,12-15-cell,8138,82,514,0.063160482,6.268292683
281,cgh-1.csv,211102,Image_09,211102_Image_09,NA,DG5256_wDMP91,spn4_minus,Balancer_no_GFP,cgh-1,12-15-cell,8742,156,1129,0.129146648,7.237179487
282,cgh-1.csv,211102,Image_13,211102_Image_13,NA,DG5256_wDMP91,spn4_minus,Balancer_no_GFP,cgh-1,12-15-cell,8974,216,1546,0.172275462,7.157407407
283,cgh-1.csv,211105,Image_10,211105_Image_10,NA,DG5256_wDMP91,spn4_minus,Balancer_no_GFP,cgh-1,12-15-cell,9343,299,2467,0.26404795,8.25083612
284,cgh-1.csv,211105,Image_11,211105_Image_11,NA,DG5256_wDMP91,spn4_minus,Balancer_no_GFP,cgh-1,12-15-cell,9228,237,1946,0.210879931,8.210970464
285,cgh-1.csv,210718,Image_01,210718_Image_01,NA,DG5256_wDMP91,spn4_minus,Balancer_no_GFP,cgh-1,16-28-cell,6895,194,1642,0.238143582,8.463917526
286,cgh-1.csv,210718,Image_02,210718_Image_02,NA,DG5256_wDMP91,spn4_minus,Balancer_no_GFP,cgh-1,16-28-cell,8048,261,2084,0.258946322,7.98467433
287,cgh-1.csv,210718,Image_04,210718_Image_04,NA,DG5256_wDMP91,spn4_minus,Balancer_no_GFP,cgh-1,16-28-cell,7844,259,2049,0.261218766,7.911196911
288,cgh-1.csv,210718,Image_09,210718_Image_09,NA,DG5256_wDMP91,spn4_minus,Balancer_no_GFP,cgh-1,16-28-cell,6733,225,1843,0.273726422,8.191111111
289,cgh-1.csv,211102,Image_04,211102_Image_04,NA,DG5256_wDMP91,spn4_minus,Balancer_no_GFP,cgh-1,16-28-cell,6784,119,824,0.121462264,6.924369748
290,cgh-1.csv,211102,Image_08,211102_Image_08,NA,DG5256_wDMP91,spn4_minus,Balancer_no_GFP,cgh-1,16-28-cell,9651,316,2335,0.24194384,7.389240506
291,cgh-1.csv,211102,Image_26,211102_Image_26,NA,DG5256_wDMP91,spn4_minus,Balancer_no_GFP,cgh-1,16-28-cell,6435,195,1432,0.222533023,7.343589744
292,cgh-1.csv,211105,Image_03,211105_Image_03,NA,DG5256_wDMP91,spn4_minus,Balancer_no_GFP,cgh-1,16-28-cell,7108,158,1112,0.156443444,7.037974684
293,cgh-1.csv,211102,Image_10,211102_Image_10,NA,DG5256_wDMP91,spn4_plus,Balancer_GFP,cgh-1,2-cell,14071,572,6737,0.478786156,11.77797203
294,cgh-1.csv,211102,Image_12,211102_Image_12,NA,DG5256_wDMP91,spn4_plus,Balancer_GFP,cgh-1,2-cell,15843,574,7838,0.494729534,13.65505226
295,cgh-1.csv,211102,Image_16,211102_Image_16,NA,DG5256_wDMP91,spn4_plus,Balancer_GFP,cgh-1,2-cell,19819,759,10277,0.518542812,13.54018445
296,cgh-1.csv,211102,Image_21,211102_Image_21,NA,DG5256_wDMP91,spn4_plus,Balancer_GFP,cgh-1,2-cell,16265,671,7712,0.474146941,11.49329359
297,cgh-1.csv,211105,Image_04,211105_Image_04,NA,DG5256_wDMP91,spn4_plus,Balancer_GFP,cgh-1,2-cell,17828,663,8205,0.460231097,12.37556561
298,cgh-1.csv,211105,Image_06,211105_Image_06,NA,DG5256_wDMP91,spn4_plus,Balancer_GFP,cgh-1,2-cell,19781,796,11380,0.57529953,14.29648241
299,cgh-1.csv,211105,Image_12,211105_Image_12,NA,DG5256_wDMP91,spn4_plus,Balancer_GFP,cgh-1,2-cell,24340,1013,14725,0.604971241,14.53603159
300,cgh-1.csv,211105,Image_14,211105_Image_14,NA,DG5256_wDMP91,spn4_plus,Balancer_GFP,cgh-1,2-cell,16758,480,9566,0.570831842,19.92916667
301,cgh-1.csv,211102,Image_03,211102_Image_03,NA,DG5256_wDMP91,spn4_plus,Balancer_GFP,cgh-1,8-11-cell,14331,535,5937,0.414276743,11.09719626
302,cgh-1.csv,211102,Image_06,211102_Image_06,NA,DG5256_wDMP91,spn4_plus,Balancer_GFP,cgh-1,8-11-cell,16898,665,7258,0.429518286,10.91428571
303,cgh-1.csv,211102,Image_11,211102_Image_11,NA,DG5256_wDMP91,spn4_plus,Balancer_GFP,cgh-1,8-11-cell,16918,645,7494,0.442960161,11.61860465
304,cgh-1.csv,211102,Image_14,211102_Image_14,NA,DG5256_wDMP91,spn4_plus,Balancer_GFP,cgh-1,8-11-cell,20204,754,11438,0.56612552,15.16976127
305,cgh-1.csv,211102,Image_18,211102_Image_18,NA,DG5256_wDMP91,spn4_plus,Balancer_GFP,cgh-1,8-11-cell,20355,726,11641,0.571898796,16.03443526
306,cgh-1.csv,211102,Image_24,211102_Image_24,NA,DG5256_wDMP91,spn4_plus,Balancer_GFP,cgh-1,8-11-cell,15539,591,9939,0.639616449,16.81725888
307,cgh-1.csv,211102,Image_31,211102_Image_31,NA,DG5256_wDMP91,spn4_plus,Balancer_GFP,cgh-1,8-11-cell,12949,493,5860,0.452544598,11.88640974
308,cgh-1.csv,211105,Image_09,211105_Image_09,NA,DG5256_wDMP91,spn4_plus,Balancer_GFP,cgh-1,8-11-cell,12522,499,4830,0.385721131,9.679358717
309,cgh-1.csv,211102,Image_20,211102_Image_20,NA,DG5256_wDMP91,spn4_plus,Balancer_GFP,cgh-1,12-15-cell,8197,266,2637,0.321703062,9.913533835
310,cgh-1.csv,211102,Image_32,211102_Image_32,NA,DG5256_wDMP91,spn4_plus,Balancer_GFP,cgh-1,12-15-cell,9464,277,2856,0.301775148,10.31046931
311,cgh-1.csv,211102,Image_33,211102_Image_33,NA,DG5256_wDMP91,spn4_plus,Balancer_GFP,cgh-1,12-15-cell,9855,297,3325,0.337392187,11.1952862
312,cgh-1.csv,211102,Image_34,211102_Image_34,NA,DG5256_wDMP91,spn4_plus,Balancer_GFP,cgh-1,12-15-cell,10393,330,3794,0.365053401,11.4969697
313,cgh-1.csv,211105,Image_06,211105_Image_06,NA,DG5256_wDMP91,spn4_plus,Balancer_GFP,cgh-1,12-15-cell,3517,47,1033,0.293716235,21.9787234
314,cgh-1.csv,211105,Image_17,211105_Image_17,NA,DG5256_wDMP91,spn4_plus,Balancer_GFP,cgh-1,12-15-cell,9634,303,2816,0.292298111,9.293729373
315,cgh-1.csv,211105,Image_16,211105_Image_16,NA,DG5256_wDMP91,spn4_plus,Balancer_GFP,cgh-1,12-15-cell,10639,392,4488,0.421844158,11.44897959
316,cgh-1.csv,211102,Image_13,211102_Image_13,NA,DG5256_wDMP91,spn4_plus,Balancer_GFP,cgh-1,16-28-cell,5675,92,1651,0.29092511,17.94565217
317,cgh-1.csv,211102,Image_16,211102_Image_16,NA,DG5256_wDMP91,spn4_plus,Balancer_GFP,cgh-1,16-28-cell,8254,216,2243,0.271747032,10.38425926
318,cgh-1.csv,211102,Image_17,211102_Image_17,NA,DG5256_wDMP91,spn4_plus,Balancer_GFP,cgh-1,16-28-cell,3732,35,940,0.25187567,26.85714286
319,cgh-1.csv,211102,Image_24,211102_Image_24,NA,DG5256_wDMP91,spn4_plus,Balancer_GFP,cgh-1,16-28-cell,2729,31,867,0.317698791,27.96774194
320,cgh-1.csv,211102,Image_31,211102_Image_31,NA,DG5256_wDMP91,spn4_plus,Balancer_GFP,cgh-1,16-28-cell,9153,290,2994,0.327105867,10.32413793
321,cgh-1.csv,211102,Image_33,211102_Image_33,NA,DG5256_wDMP91,spn4_plus,Balancer_GFP,cgh-1,16-28-cell,3684,67,1239,0.336319218,18.49253731
322,cgh-1.csv,211105,Image_06,211105_Image_06,NA,DG5256_wDMP91,spn4_plus,Balancer_GFP,cgh-1,16-28-cell,6975,118,1740,0.249462366,14.74576271
323,cgh-1.csv,211105,Image_07,211105_Image_07,NA,DG5256_wDMP91,spn4_plus,Balancer_GFP,cgh-1,16-28-cell,4650,41,673,0.144731183,16.41463415
324,cgh-1.csv,211102,Image_04,211102_Image_04,NA,N2,spn4_wt,N2,cgh-1,2-cell,20985,631,14081,0.671003097,22.31537242
325,cgh-1.csv,211102,Image_07,211102_Image_07,NA,N2,spn4_wt,N2,cgh-1,2-cell,11888,405,5758,0.48435397,14.21728395
326,cgh-1.csv,211102,Image_08,211102_Image_08,NA,N2,spn4_wt,N2,cgh-1,2-cell,19578,582,13212,0.674839105,22.70103093
327,cgh-1.csv,211102,Image_10,211102_Image_10,NA,N2,spn4_wt,N2,cgh-1,2-cell,21633,789,13539,0.625849397,17.15969582
328,cgh-1.csv,211102,Image_11,211102_Image_11,NA,N2,spn4_wt,N2,cgh-1,2-cell,20925,681,13251,0.633261649,19.45814978
329,cgh-1.csv,211102,Image_12,211102_Image_12,NA,N2,spn4_wt,N2,cgh-1,2-cell,19789,789,10396,0.525342362,13.17617237
330,cgh-1.csv,211105,Image_05,211105_Image_05,NA,N2,spn4_wt,N2,cgh-1,2-cell,19579,576,12173,0.621737576,21.13368056
331,cgh-1.csv,210718,Image_04,210718_Image_04,NA,N2,spn4_wt,N2,cgh-1,4-cell,17690,685,8500,0.480497456,12.40875912
332,cgh-1.csv,210718,Image_05,210718_Image_05,NA,N2,spn4_wt,N2,cgh-1,4-cell,20249,822,8837,0.436416613,10.75060827
333,cgh-1.csv,210718,Image_07,210718_Image_07,NA,N2,spn4_wt,N2,cgh-1,4-cell,15215,545,6040,0.396976668,11.08256881
334,cgh-1.csv,210718,Image_09,210718_Image_09,NA,N2,spn4_wt,N2,cgh-1,4-cell,14850,590,5700,0.383838384,9.661016949
335,cgh-1.csv,211102,Image_01,211102_Image_01,NA,N2,spn4_wt,N2,cgh-1,4-cell,21993,882,13632,0.619833583,15.45578231
336,cgh-1.csv,211102,Image_02,211102_Image_02,NA,N2,spn4_wt,N2,cgh-1,4-cell,17482,675,8034,0.459558403,11.90222222
337,cgh-1.csv,211105,Image_02,211105_Image_02,NA,N2,spn4_wt,N2,cgh-1,4-cell,20562,842,10848,0.527575139,12.88361045
338,cgh-1.csv,211105,Image_03,211105_Image_03,NA,N2,spn4_wt,N2,cgh-1,4-cell,27548,1056,17829,0.647197619,16.88352273
339,cgh-1.csv,211105,Image_07,211105_Image_07,NA,N2,spn4_wt,N2,cgh-1,4-cell,16136,601,8672,0.537431829,14.42928453
340,cgh-1.csv,210718,Image_01,210718_Image_01,NA,N2,spn4_wt,N2,cgh-1,8-11-cell,19215,706,7836,0.407806401,11.09915014
341,cgh-1.csv,210718,Image_03,210718_Image_03,NA,N2,spn4_wt,N2,cgh-1,8-11-cell,17182,708,7477,0.435164707,10.56073446
342,cgh-1.csv,210718,Image_06,210718_Image_06,NA,N2,spn4_wt,N2,cgh-1,8-11-cell,14641,546,5363,0.366300116,9.822344322
343,cgh-1.csv,210718,Image_13,210718_Image_13,NA,N2,spn4_wt,N2,cgh-1,8-11-cell,14648,564,5688,0.388312398,10.08510638
344,cgh-1.csv,211102,Image_06,211102_Image_06,NA,N2,spn4_wt,N2,cgh-1,8-11-cell,17187,675,8850,0.514924071,13.11111111
345,cgh-1.csv,211102,Image_09,211102_Image_09,NA,N2,spn4_wt,N2,cgh-1,8-11-cell,14228,515,8465,0.594953613,16.4368932
346,cgh-1.csv,211102,Image_12,211102_Image_12,NA,N2,spn4_wt,N2,cgh-1,8-11-cell,16936,623,8955,0.528755314,14.37399679
347,cgh-1.csv,211105,Image_04,211105_Image_04,NA,N2,spn4_wt,N2,cgh-1,8-11-cell,18541,706,11551,0.622997681,16.3611898
348,cgh-1.csv,210718,Image_06,210718_Image_06,NA,N2,spn4_wt,N2,cgh-1,12-15-cell,14442,483,4847,0.335618335,10.03519669
349,cgh-1.csv,210718,Image_08,210718_Image_08,NA,N2,spn4_wt,N2,cgh-1,12-15-cell,8983,282,2583,0.287543137,9.159574468
350,cgh-1.csv,210718,Image_10,210718_Image_10,NA,N2,spn4_wt,N2,cgh-1,12-15-cell,9238,312,2587,0.280038969,8.291666667
351,cgh-1.csv,210718,Image_11,210718_Image_11,NA,N2,spn4_wt,N2,cgh-1,12-15-cell,10936,423,4325,0.395482809,10.22458629
352,cgh-1.csv,211102,Image_03,211102_Image_03,NA,N2,spn4_wt,N2,cgh-1,12-15-cell,14557,540,6319,0.434086694,11.70185185
353,cgh-1.csv,211102,Image_04,211102_Image_04,NA,N2,spn4_wt,N2,cgh-1,12-15-cell,9449,373,4772,0.505026987,12.79356568
354,cgh-1.csv,211102,Image_05,211102_Image_05,NA,N2,spn4_wt,N2,cgh-1,12-15-cell,9388,328,4491,0.478376651,13.69207317
355,cgh-1.csv,211105,Image_01,211105_Image_01,NA,N2,spn4_wt,N2,cgh-1,12-15-cell,8498,174,2152,0.253236056,12.36781609
356,cgh-1.csv,210718,Image_02,210718_Image_02,NA,N2,spn4_wt,N2,cgh-1,16-28-cell,5457,85,1168,0.214037017,13.74117647
357,cgh-1.csv,210718,Image_12,210718_Image_12,NA,N2,spn4_wt,N2,cgh-1,16-28-cell,4968,91,1393,0.280394525,15.30769231
358,cgh-1.csv,210718,Image_13,210718_Image_13,NA,N2,spn4_wt,N2,cgh-1,16-28-cell,6763,156,1734,0.256395091,11.11538462
359,cgh-1.csv,210718,Image_14,210718_Image_14,NA,N2,spn4_wt,N2,cgh-1,16-28-cell,3765,49,483,0.128286853,9.857142857
360,cgh-1.csv,211102,Image_01,211102_Image_01,NA,N2,spn4_wt,N2,cgh-1,16-28-cell,10979,316,2878,0.262136807,9.107594937
361,cgh-1.csv,211102,Image_05,211102_Image_05,NA,N2,spn4_wt,N2,cgh-1,16-28-cell,3251,31,811,0.249461704,26.16129032
362,cgh-1.csv,211105,Image_02,211105_Image_02,NA,N2,spn4_wt,N2,cgh-1,16-28-cell,5804,88,2125,0.366126809,24.14772727
363,cgh-1.csv,211105,Image_06,211105_Image_06,NA,N2,spn4_wt,N2,cgh-1,16-28-cell,4588,108,831,0.181124673,7.694444444
364,chs-1.csv,211029,Image_04,211029_Image_04,NA,DG5256_wDMP91,spn4_minus,Balancer_no_GFP,chs-1,2-cell,9505,311,2643,0.278064177,8.498392283
365,chs-1.csv,211029,Image_06,211029_Image_06,NA,DG5256_wDMP91,spn4_minus,Balancer_no_GFP,chs-1,2-cell,11362,461,4780,0.420700581,10.36876356
366,chs-1.csv,211029,Image_07,211029_Image_07,NA,DG5256_wDMP91,spn4_minus,Balancer_no_GFP,chs-1,2-cell,12299,464,3802,0.309130824,8.193965517
367,chs-1.csv,211029,Image_17,211029_Image_17,NA,DG5256_wDMP91,spn4_minus,Balancer_no_GFP,chs-1,2-cell,12646,487,5017,0.396726238,10.30184805
368,chs-1.csv,211102,Image_20,211102_Image_20,NA,DG5256_wDMP91,spn4_minus,Balancer_no_GFP,chs-1,2-cell,13178,491,6374,0.483684929,12.98167006
369,chs-1.csv,211102,Image_23,211102_Image_23,NA,DG5256_wDMP91,spn4_minus,Balancer_no_GFP,chs-1,2-cell,10933,366,3673,0.335955364,10.03551913
370,chs-1.csv,211102,Image_24,211102_Image_24,NA,DG5256_wDMP91,spn4_minus,Balancer_no_GFP,chs-1,2-cell,13114,486,6495,0.495272228,13.36419753
371,chs-1.csv,211102,Image_33,211102_Image_33,NA,DG5256_wDMP91,spn4_minus,Balancer_no_GFP,chs-1,2-cell,12773,462,5401,0.422845064,11.69047619
372,chs-1.csv,211029,Image_05,211029_Image_05,NA,DG5256_wDMP91,spn4_plus,Balancer_GFP,chs-1,16-28-cell,167,6,98,0.586826347,16.33333333
373,chs-1.csv,211029,Image_20,211029_Image_20,NA,DG5256_wDMP91,spn4_plus,Balancer_GFP,chs-1,16-28-cell,148,3,90,0.608108108,30
374,chs-1.csv,211029,Image_21,211029_Image_21,NA,DG5256_wDMP91,spn4_plus,Balancer_GFP,chs-1,16-28-cell,271,5,96,0.354243542,19.2
375,chs-1.csv,211029,Image_22,211029_Image_22,NA,DG5256_wDMP91,spn4_plus,Balancer_GFP,chs-1,16-28-cell,213,7,129,0.605633803,18.42857143
376,chs-1.csv,211102,Image_04,211102_Image_04,NA,DG5256_wDMP91,spn4_plus,Balancer_GFP,chs-1,16-28-cell,52,3,17,0.326923077,5.666666667
377,chs-1.csv,211102,Image_08,211102_Image_08,NA,DG5256_wDMP91,spn4_plus,Balancer_GFP,chs-1,16-28-cell,112,2,28,0.25,14
378,chs-1.csv,211102,Image_09,211102_Image_09_left,left,DG5256_wDMP91,spn4_plus,Balancer_GFP,chs-1,16-28-cell,200,4,90,0.45,22.5
379,chs-1.csv,211109,Image_09,211109_Image_09_right,right,DG5256_wDMP91,spn4_plus,Balancer_GFP,chs-1,16-28-cell,134,2,79,0.589552239,39.5
380,chs-1.csv,211029,Image_01,211029_Image_01,NA,DG5256_wDMP91,spn4_plus,Balancer_GFP,chs-1,2-cell,3260,62,885,0.271472393,14.27419355
381,chs-1.csv,211029,Image_02,211029_Image_02,NA,DG5256_wDMP91,spn4_plus,Balancer_GFP,chs-1,2-cell,4632,106,1223,0.264032815,11.53773585
382,chs-1.csv,211029,Image_04,211029_Image_04,NA,DG5256_wDMP91,spn4_plus,Balancer_GFP,chs-1,2-cell,3447,71,980,0.284305193,13.8028169
383,chs-1.csv,211029,Image_09,211029_Image_09,NA,DG5256_wDMP91,spn4_plus,Balancer_GFP,chs-1,2-cell,3805,64,1344,0.353219448,21
384,chs-1.csv,211102,Image_02,211102_Image_02,NA,DG5256_wDMP91,spn4_plus,Balancer_GFP,chs-1,2-cell,7267,151,1941,0.26709784,12.85430464
385,chs-1.csv,211102,Image_10,211102_Image_10,NA,DG5256_wDMP91,spn4_plus,Balancer_GFP,chs-1,2-cell,2819,63,898,0.318552678,14.25396825
386,chs-1.csv,211102,Image_13,211102_Image_13,NA,DG5256_wDMP91,spn4_plus,Balancer_GFP,chs-1,2-cell,1652,32,282,0.170702179,8.8125
387,chs-1.csv,211102,Image_26,211102_Image_26,NA,DG5256_wDMP91,spn4_plus,Balancer_GFP,chs-1,2-cell,2959,70,643,0.217303143,9.185714286
388,chs-1.csv,211029,Image_02,211029_Image_02,NA,DG5256_wDMP91,spn4_minus,Balancer_no_GFP,chs-1,4-cell,7594,274,2614,0.34421912,9.540145985
389,chs-1.csv,211029,Image_13,211029_Image_13,NA,DG5256_wDMP91,spn4_minus,Balancer_no_GFP,chs-1,4-cell,12509,426,5680,0.454073067,13.33333333
390,chs-1.csv,211029,Image_25,211029_Image_25,NA,DG5256_wDMP91,spn4_minus,Balancer_no_GFP,chs-1,4-cell,9772,329,3436,0.351616865,10.443769
391,chs-1.csv,211029,Image_28,211029_Image_28,NA,DG5256_wDMP91,spn4_minus,Balancer_no_GFP,chs-1,4-cell,6692,234,2040,0.304841602,8.717948718
392,chs-1.csv,211102,Image_16,211102_Image_16,NA,DG5256_wDMP91,spn4_minus,Balancer_no_GFP,chs-1,4-cell,15063,714,7656,0.508265286,10.72268908
393,chs-1.csv,211102,Image_25,211102_Image_25,NA,DG5256_wDMP91,spn4_minus,Balancer_no_GFP,chs-1,4-cell,12239,476,4965,0.405670398,10.43067227
394,chs-1.csv,211102,Image_29,211102_Image_29,NA,DG5256_wDMP91,spn4_minus,Balancer_no_GFP,chs-1,4-cell,14039,570,6912,0.492342759,12.12631579
395,chs-1.csv,211102,Image_31,211102_Image_31,NA,DG5256_wDMP91,spn4_minus,Balancer_no_GFP,chs-1,4-cell,11472,495,5279,0.460163877,10.66464646
396,chs-1.csv,211029,Image_02,211029_Image_02,NA,DG5256_wDMP91,spn4_plus,Balancer_GFP,chs-1,4-cell,793,12,101,0.127364439,8.416666667
397,chs-1.csv,211029,Image_05,211029_Image_05_left,left,DG5256_wDMP91,spn4_plus,Balancer_GFP,chs-1,4-cell,1246,22,328,0.263242376,14.90909091
398,chs-1.csv,211029,Image_05,211029_Image_05_right,right,DG5256_wDMP91,spn4_plus,Balancer_GFP,chs-1,4-cell,1761,49,821,0.466212379,16.75510204
399,chs-1.csv,211029,Image_07,211029_Image_07,NA,DG5256_wDMP91,spn4_plus,Balancer_GFP,chs-1,4-cell,2636,53,1337,0.507207891,25.22641509
400,chs-1.csv,211029,Image_10,211029_Image_10,NA,DG5256_wDMP91,spn4_plus,Balancer_GFP,chs-1,4-cell,1508,54,896,0.594164456,16.59259259
401,chs-1.csv,211029,Image_17,211029_Image_17,NA,DG5256_wDMP91,spn4_plus,Balancer_GFP,chs-1,4-cell,1197,28,581,0.485380117,20.75
402,chs-1.csv,211029,Image_19,211029_Image_19,NA,DG5256_wDMP91,spn4_plus,Balancer_GFP,chs-1,4-cell,1454,37,690,0.474552957,18.64864865
403,chs-1.csv,211102,Image_03,211102_Image_03,NA,DG5256_wDMP91,spn4_plus,Balancer_GFP,chs-1,4-cell,1739,40,674,0.387579068,16.85
404,chs-1.csv,211029,Image_18,211029_Image_18,NA,DG5256_wDMP91,spn4_minus,Balancer_no_GFP,chs-1,8-11-cell,7234,263,2429,0.335775505,9.235741445
405,chs-1.csv,211029,Image_19,211029_Image_19,NA,DG5256_wDMP91,spn4_minus,Balancer_no_GFP,chs-1,8-11-cell,8759,306,2629,0.300148419,8.591503268
406,chs-1.csv,211029,Image_26,211029_Image_26,NA,DG5256_wDMP91,spn4_minus,Balancer_no_GFP,chs-1,8-11-cell,10033,370,3273,0.326223463,8.845945946
407,chs-1.csv,211029,Image_27,211029_Image_27,NA,DG5256_wDMP91,spn4_minus,Balancer_no_GFP,chs-1,8-11-cell,10459,396,4093,0.391337604,10.33585859
408,chs-1.csv,211102,Image_01,211102_Image_01,NA,DG5256_wDMP91,spn4_minus,Balancer_no_GFP,chs-1,8-11-cell,9991,426,4119,0.412271044,9.669014085
409,chs-1.csv,211102,Image_12,211102_Image_12,NA,DG5256_wDMP91,spn4_minus,Balancer_no_GFP,chs-1,8-11-cell,11360,391,6672,0.587323944,17.06393862
410,chs-1.csv,211102,Image_17,211102_Image_17,NA,DG5256_wDMP91,spn4_minus,Balancer_no_GFP,chs-1,8-11-cell,12287,510,5945,0.483844714,11.65686275
411,chs-1.csv,211102,Image_21,211102_Image_21,NA,DG5256_wDMP91,spn4_minus,Balancer_no_GFP,chs-1,8-11-cell,13486,567,7032,0.521429631,12.4021164
412,chs-1.csv,211029,Image_02,211029_Image_02,NA,DG5256_wDMP91,spn4_plus,Balancer_GFP,chs-1,8-11-cell,413,16,193,0.467312349,12.0625
413,chs-1.csv,211029,Image_07,211029_Image_07,NA,DG5256_wDMP91,spn4_plus,Balancer_GFP,chs-1,8-11-cell,1120,34,703,0.627678571,20.67647059
414,chs-1.csv,211029,Image_08,211029_Image_08,NA,DG5256_wDMP91,spn4_plus,Balancer_GFP,chs-1,8-11-cell,526,13,244,0.463878327,18.76923077
415,chs-1.csv,211029,Image_14,211029_Image_14,NA,DG5256_wDMP91,spn4_plus,Balancer_GFP,chs-1,8-11-cell,845,31,493,0.583431953,15.90322581
416,chs-1.csv,211102,Image_11,211102_Image_11,NA,DG5256_wDMP91,spn4_plus,Balancer_GFP,chs-1,8-11-cell,486,13,189,0.388888889,14.53846154
417,chs-1.csv,211102,Image_22,211102_Image_22,NA,DG5256_wDMP91,spn4_plus,Balancer_GFP,chs-1,8-11-cell,563,24,265,0.470692718,11.04166667
418,chs-1.csv,211102,Image_27,211102_Image_27,NA,DG5256_wDMP91,spn4_plus,Balancer_GFP,chs-1,8-11-cell,924,29,629,0.680735931,21.68965517
419,chs-1.csv,211102,Image_28,211102_Image_28,NA,DG5256_wDMP91,spn4_plus,Balancer_GFP,chs-1,8-11-cell,640,21,352,0.55,16.76190476
420,chs-1.csv,211029,Image_06,211029_Image_06,NA,DG5256_wDMP91,spn4_minus,Balancer_no_GFP,chs-1,12-15-cell,10418,378,3825,0.367153004,10.11904762
421,chs-1.csv,211029,Image_11,211029_Image_11,NA,DG5256_wDMP91,spn4_minus,Balancer_no_GFP,chs-1,12-15-cell,9427,315,2541,0.269544924,8.066666667
422,chs-1.csv,211029,Image_23,211029_Image_23,NA,DG5256_wDMP91,spn4_minus,Balancer_no_GFP,chs-1,12-15-cell,8425,305,2422,0.287477745,7.940983607
423,chs-1.csv,211029,Image_24,211029_Image_24,NA,DG5256_wDMP91,spn4_minus,Balancer_no_GFP,chs-1,12-15-cell,7614,235,2111,0.27725243,8.982978723
424,chs-1.csv,211102,Image_06,211102_Image_06,NA,DG5256_wDMP91,spn4_minus,Balancer_no_GFP,chs-1,12-15-cell,12415,530,4825,0.388642771,9.103773585
425,chs-1.csv,211102,Image_07,211102_Image_07,NA,DG5256_wDMP91,spn4_minus,Balancer_no_GFP,chs-1,12-15-cell,12686,454,4652,0.366703453,10.24669604
426,chs-1.csv,211102,Image_19,211102_Image_19,NA,DG5256_wDMP91,spn4_minus,Balancer_no_GFP,chs-1,12-15-cell,10900,444,4204,0.385688073,9.468468468
427,chs-1.csv,211102,Image_32,211102_Image_32,NA,DG5256_wDMP91,spn4_minus,Balancer_no_GFP,chs-1,12-15-cell,10972,447,4372,0.39846883,9.780760626
428,chs-1.csv,211029,Image_03,211029_Image_03,NA,DG5256_wDMP91,spn4_plus,Balancer_GFP,chs-1,12-15-cell,337,13,194,0.575667656,14.92307692
429,chs-1.csv,211029,Image_09,211029_Image_09,NA,DG5256_wDMP91,spn4_plus,Balancer_GFP,chs-1,12-15-cell,254,8,150,0.590551181,18.75
430,chs-1.csv,211029,Image_15,211029_Image_15,NA,DG5256_wDMP91,spn4_plus,Balancer_GFP,chs-1,12-15-cell,520,11,293,0.563461538,26.63636364
431,chs-1.csv,211029,Image_16,211029_Image_16,NA,DG5256_wDMP91,spn4_plus,Balancer_GFP,chs-1,12-15-cell,221,6,143,0.647058824,23.83333333
432,chs-1.csv,211102,Image_14,211102_Image_14,NA,DG5256_wDMP91,spn4_plus,Balancer_GFP,chs-1,12-15-cell,187,4,32,0.171122995,8
433,chs-1.csv,211102,Image_15,211102_Image_15,NA,DG5256_wDMP91,spn4_plus,Balancer_GFP,chs-1,12-15-cell,162,10,111,0.685185185,11.1
434,chs-1.csv,211102,Image_18,211102_Image_18,NA,DG5256_wDMP91,spn4_plus,Balancer_GFP,chs-1,12-15-cell,252,9,166,0.658730159,18.44444444
435,chs-1.csv,211102,Image_30,211102_Image_30,NA,DG5256_wDMP91,spn4_plus,Balancer_GFP,chs-1,12-15-cell,406,9,210,0.517241379,23.33333333
436,chs-1.csv,211029,Image_01,211029_Image_01,NA,DG5256_wDMP91,spn4_minus,Balancer_no_GFP,chs-1,16-28-cell,8147,257,2070,0.254081257,8.054474708
437,chs-1.csv,211029,Image_03,211029_Image_03,NA,DG5256_wDMP91,spn4_minus,Balancer_no_GFP,chs-1,16-28-cell,8487,235,1921,0.226346177,8.174468085
438,chs-1.csv,211029,Image_10,211029_Image_10,NA,DG5256_wDMP91,spn4_minus,Balancer_no_GFP,chs-1,16-28-cell,7215,158,1070,0.148302148,6.772151899
439,chs-1.csv,211029,Image_18,211029_Image_18,NA,DG5256_wDMP91,spn4_minus,Balancer_no_GFP,chs-1,16-28-cell,6088,187,1471,0.241622865,7.86631016
440,chs-1.csv,211029,Image_12,211029_Image_12,NA,DG5256_wDMP91,spn4_minus,Balancer_no_GFP,chs-1,16-28-cell,7944,264,2272,0.286002014,8.606060606
441,chs-1.csv,211102,Image_05,211102_Image_05,NA,DG5256_wDMP91,spn4_minus,Balancer_no_GFP,chs-1,16-28-cell,8834,274,2238,0.253339371,8.167883212
442,chs-1.csv,211102,Image_08,211102_Image_08,NA,DG5256_wDMP91,spn4_minus,Balancer_no_GFP,chs-1,16-28-cell,9739,364,3297,0.338535784,9.057692308
443,chs-1.csv,211102,Image_10,211102_Image_10,NA,DG5256_wDMP91,spn4_minus,Balancer_no_GFP,chs-1,16-28-cell,7578,274,2307,0.304433888,8.419708029
444,chs-1.csv,211029,Image_01,211029_Image_01,NA,N2,spn4_wt,N2,chs-1,4-cell,333,9,68,0.204204204,7.555555556
445,chs-1.csv,211029,Image_03,211029_Image_03,NA,N2,spn4_wt,N2,chs-1,4-cell,699,26,288,0.412017167,11.07692308
446,chs-1.csv,211029,Image_05,211029_Image_05,NA,N2,spn4_wt,N2,chs-1,4-cell,218,8,69,0.316513761,8.625
447,chs-1.csv,211029,Image_07,211029_Image_07,NA,N2,spn4_wt,N2,chs-1,4-cell,338,15,139,0.411242604,9.266666667
448,chs-1.csv,211102,Image_03,211102_Image_03,NA,N2,spn4_wt,N2,chs-1,4-cell,739,29,350,0.473612991,12.06896552
449,chs-1.csv,211102,Image_10,211102_Image_10,NA,N2,spn4_wt,N2,chs-1,4-cell,714,23,236,0.330532213,10.26086957
450,chs-1.csv,211102,Image_13,211102_Image_13,NA,N2,spn4_wt,N2,chs-1,4-cell,477,21,259,0.542976939,12.33333333
451,chs-1.csv,211102,Image_15,211102_Image_15,NA,N2,spn4_wt,N2,chs-1,4-cell,385,12,131,0.34025974,10.91666667
452,chs-1.csv,211029,Image_03,211029_Image_03,NA,N2,spn4_wt,N2,chs-1,2-cell,1393,36,401,0.287867911,11.13888889
453,chs-1.csv,211029,Image_04,211029_Image_04,NA,N2,spn4_wt,N2,chs-1,2-cell,1069,23,194,0.181478017,8.434782609
454,chs-1.csv,211029,Image_08,211029_Image_08_left,left,N2,spn4_wt,N2,chs-1,2-cell,602,12,83,0.137873754,6.916666667
455,chs-1.csv,211029,Image_08,211029_Image_08_right,right,N2,spn4_wt,N2,chs-1,2-cell,1213,25,296,0.244023083,11.84
456,chs-1.csv,211102,Image_02,211102_Image_02,NA,N2,spn4_wt,N2,chs-1,2-cell,697,18,155,0.222381636,8.611111111
457,chs-1.csv,211102,Image_05,211102_Image_05,NA,N2,spn4_wt,N2,chs-1,2-cell,1151,44,472,0.410078193,10.72727273
458,chs-1.csv,211102,Image_07,211102_Image_07,NA,N2,spn4_wt,N2,chs-1,2-cell,1368,46,453,0.331140351,9.847826087
459,chs-1.csv,211102,Image_09,211102_Image_09,NA,N2,spn4_wt,N2,chs-1,2-cell,2531,42,590,0.233109443,14.04761905
460,chs-1.csv,211029,Image_01,211029_Image_01,NA,N2,spn4_wt,N2,chs-1,8-11-cell,103,2,22,0.213592233,11
461,chs-1.csv,211029,Image_03,211029_Image_03,NA,N2,spn4_wt,N2,chs-1,8-11-cell,253,12,109,0.43083004,9.083333333
462,chs-1.csv,211029,Image_05,211029_Image_05,NA,N2,spn4_wt,N2,chs-1,8-11-cell,171,7,54,0.315789474,7.714285714
463,chs-1.csv,211029,Image_09,211029_Image_09,NA,N2,spn4_wt,N2,chs-1,8-11-cell,283,15,133,0.469964664,8.866666667
464,chs-1.csv,211102,Image_04,211102_Image_04,NA,N2,spn4_wt,N2,chs-1,8-11-cell,244,9,120,0.491803279,13.33333333
465,chs-1.csv,211102,Image_08,211102_Image_08,NA,N2,spn4_wt,N2,chs-1,8-11-cell,258,11,84,0.325581395,7.636363636
466,chs-1.csv,211102,Image_12,211102_Image_12,NA,N2,spn4_wt,N2,chs-1,8-11-cell,261,13,121,0.463601533,9.307692308
467,chs-1.csv,211102,Image_14,211102_Image_14,NA,N2,spn4_wt,N2,chs-1,8-11-cell,418,19,164,0.392344498,8.631578947
468,chs-1.csv,211102,Image_16,211102_Image_16,NA,N2,spn4_wt,N2,chs-1,8-11-cell,280,10,114,0.407142857,11.4
469,chs-1.csv,211029,Image_04,211029_Image_04,NA,N2,spn4_wt,N2,chs-1,12-15-cell,75,2,12,0.16,6
470,chs-1.csv,211029,Image_06,211029_Image_06,NA,N2,spn4_wt,N2,chs-1,12-15-cell,80,1,6,0.075,6
471,chs-1.csv,211029,Image_07,211029_Image_07,NA,N2,spn4_wt,N2,chs-1,12-15-cell,91,5,40,0.43956044,8
472,chs-1.csv,211029,Image_09,211029_Image_09,NA,N2,spn4_wt,N2,chs-1,12-15-cell,82,4,33,0.402439024,8.25
473,chs-1.csv,211102,Image_01,211102_Image_01,NA,N2,spn4_wt,N2,chs-1,12-15-cell,113,4,31,0.274336283,7.75
474,chs-1.csv,211102,Image_06,211102_Image_06,NA,N2,spn4_wt,N2,chs-1,12-15-cell,120,1,6,0.05,6
475,chs-1.csv,211102,Image_11,211102_Image_11,NA,N2,spn4_wt,N2,chs-1,12-15-cell,152,6,69,0.453947368,11.5
476,chs-1.csv,211102,Image_17,211102_Image_17,NA,N2,spn4_wt,N2,chs-1,12-15-cell,97,4,24,0.24742268,6
477,chs-1.csv,211029,Image_01,211029_Image_01,NA,N2,spn4_wt,N2,chs-1,16-28-cell,64,1,6,0.09375,6
478,chs-1.csv,211029,Image_02,211029_Image_02_left,left,N2,spn4_wt,N2,chs-1,16-28-cell,109,4,40,0.366972477,10
479,chs-1.csv,211029,Image_02,211029_Image_02_right,right,N2,spn4_wt,N2,chs-1,16-28-cell,37,1,5,0.135135135,5
480,chs-1.csv,211029,Image_06,211029_Image_06,NA,N2,spn4_wt,N2,chs-1,16-28-cell,39,0,0,0,0
481,chs-1.csv,211029,Image_07,211029_Image_07,NA,N2,spn4_wt,N2,chs-1,16-28-cell,53,3,27,0.509433962,9
482,chs-1.csv,211102,Image_02,211102_Image_02,NA,N2,spn4_wt,N2,chs-1,16-28-cell,88,2,11,0.125,5.5
483,chs-1.csv,211102,Image_03,211102_Image_03,NA,N2,spn4_wt,N2,chs-1,16-28-cell,50,1,7,0.14,7
484,chs-1.csv,211102,Image_04,211102_Image_04,NA,N2,spn4_wt,N2,chs-1,16-28-cell,79,2,32,0.405063291,16
485,cpg-2.csv,211029,Image_04,211029_Image_04,NA,DG5256_wDMP91,spn4_minus,Balancer_no_GFP,cpg-2,2-cell,20619,684,9705,0.47068238,14.18859649
486,cpg-2.csv,211029,Image_06,211029_Image_06,NA,DG5256_wDMP91,spn4_minus,Balancer_no_GFP,cpg-2,2-cell,19679,654,10567,0.536968342,16.15749235
487,cpg-2.csv,211029,Image_07,211029_Image_07,NA,DG5256_wDMP91,spn4_minus,Balancer_no_GFP,cpg-2,2-cell,29541,1058,19496,0.659964118,18.42722117
488,cpg-2.csv,211029,Image_17,211029_Image_17,NA,DG5256_wDMP91,spn4_minus,Balancer_no_GFP,cpg-2,2-cell,20351,696,10857,0.533487298,15.59913793
489,cpg-2.csv,211102,Image_20,211102_Image_20,NA,DG5256_wDMP91,spn4_minus,Balancer_no_GFP,cpg-2,2-cell,17115,678,5454,0.318667835,8.044247788
490,cpg-2.csv,211102,Image_23,211102_Image_23,NA,DG5256_wDMP91,spn4_minus,Balancer_no_GFP,cpg-2,2-cell,14960,491,4829,0.322794118,9.83503055
491,cpg-2.csv,211102,Image_24,211102_Image_24,NA,DG5256_wDMP91,spn4_minus,Balancer_no_GFP,cpg-2,2-cell,16934,573,6974,0.41183418,12.17102967
492,cpg-2.csv,211102,Image_33,211102_Image_33,NA,DG5256_wDMP91,spn4_minus,Balancer_no_GFP,cpg-2,2-cell,18968,708,6375,0.336092366,9.004237288
493,cpg-2.csv,211029,Image_05,211029_Image_05,NA,DG5256_wDMP91,spn4_plus,Balancer_GFP,cpg-2,16-28-cell,1846,19,1213,0.657096425,63.84210526
494,cpg-2.csv,211029,Image_20,211029_Image_20,NA,DG5256_wDMP91,spn4_plus,Balancer_GFP,cpg-2,16-28-cell,915,23,240,0.262295082,10.43478261
495,cpg-2.csv,211029,Image_21,211029_Image_21,NA,DG5256_wDMP91,spn4_plus,Balancer_GFP,cpg-2,16-28-cell,3672,64,1560,0.424836601,24.375
496,cpg-2.csv,211029,Image_22,211029_Image_22,NA,DG5256_wDMP91,spn4_plus,Balancer_GFP,cpg-2,16-28-cell,2445,26,1491,0.609815951,57.34615385
497,cpg-2.csv,211102,Image_04,211102_Image_04,NA,DG5256_wDMP91,spn4_plus,Balancer_GFP,cpg-2,16-28-cell,558,12,95,0.170250896,7.916666667
498,cpg-2.csv,211102,Image_08,211102_Image_08,NA,DG5256_wDMP91,spn4_plus,Balancer_GFP,cpg-2,16-28-cell,1088,22,174,0.159926471,7.909090909
499,cpg-2.csv,211102,Image_09,211102_Image_09_left,left,DG5256_wDMP91,spn4_plus,Balancer_GFP,cpg-2,16-28-cell,2373,27,1114,0.469447956,41.25925926
500,cpg-2.csv,211109,Image_09,211109_Image_09_right,right,DG5256_wDMP91,spn4_plus,Balancer_GFP,cpg-2,16-28-cell,1367,28,220,0.160936357,7.857142857
501,cpg-2.csv,211029,Image_01,211029_Image_01,NA,DG5256_wDMP91,spn4_plus,Balancer_GFP,cpg-2,2-cell,19505,809,8661,0.44403999,10.70580964
502,cpg-2.csv,211029,Image_02,211029_Image_02,NA,DG5256_wDMP91,spn4_plus,Balancer_GFP,cpg-2,2-cell,18126,617,8074,0.445437493,13.08589951
503,cpg-2.csv,211029,Image_04,211029_Image_04,NA,DG5256_wDMP91,spn4_plus,Balancer_GFP,cpg-2,2-cell,18286,676,9511,0.520124686,14.06952663
504,cpg-2.csv,211029,Image_09,211029_Image_09,NA,DG5256_wDMP91,spn4_plus,Balancer_GFP,cpg-2,2-cell,17624,616,7055,0.4003064,11.45292208
505,cpg-2.csv,211102,Image_02,211102_Image_02,NA,DG5256_wDMP91,spn4_plus,Balancer_GFP,cpg-2,2-cell,29538,1074,17150,0.58060803,15.96834264
506,cpg-2.csv,211102,Image_10,211102_Image_10,NA,DG5256_wDMP91,spn4_plus,Balancer_GFP,cpg-2,2-cell,22596,849,11331,0.501460435,13.34628975
507,cpg-2.csv,211102,Image_13,211102_Image_13,NA,DG5256_wDMP91,spn4_plus,Balancer_GFP,cpg-2,2-cell,24386,696,15993,0.655827114,22.97844828
508,cpg-2.csv,211102,Image_26,211102_Image_26,NA,DG5256_wDMP91,spn4_plus,Balancer_GFP,cpg-2,2-cell,30366,929,20881,0.687644076,22.47685684
509,cpg-2.csv,211029,Image_02,211029_Image_02,NA,DG5256_wDMP91,spn4_minus,Balancer_no_GFP,cpg-2,4-cell,18258,539,11051,0.605268923,20.50278293
510,cpg-2.csv,211029,Image_13,211029_Image_13,NA,DG5256_wDMP91,spn4_minus,Balancer_no_GFP,cpg-2,4-cell,22093,872,8400,0.380210927,9.633027523
511,cpg-2.csv,211029,Image_25,211029_Image_25,NA,DG5256_wDMP91,spn4_minus,Balancer_no_GFP,cpg-2,4-cell,9653,247,3414,0.353672433,13.82186235
512,cpg-2.csv,211029,Image_28,211029_Image_28,NA,DG5256_wDMP91,spn4_minus,Balancer_no_GFP,cpg-2,4-cell,14521,465,7192,0.495282694,15.46666667
513,cpg-2.csv,211102,Image_16,211102_Image_16,NA,DG5256_wDMP91,spn4_minus,Balancer_no_GFP,cpg-2,4-cell,18688,650,4476,0.239511986,6.886153846
514,cpg-2.csv,211102,Image_25,211102_Image_25,NA,DG5256_wDMP91,spn4_minus,Balancer_no_GFP,cpg-2,4-cell,19214,679,4843,0.252055793,7.132547865
515,cpg-2.csv,211102,Image_29,211102_Image_29,NA,DG5256_wDMP91,spn4_minus,Balancer_no_GFP,cpg-2,4-cell,19165,710,5117,0.26699713,7.207042254
516,cpg-2.csv,211102,Image_31,211102_Image_31,NA,DG5256_wDMP91,spn4_minus,Balancer_no_GFP,cpg-2,4-cell,16273,547,3870,0.237817243,7.074954296
517,cpg-2.csv,211029,Image_02,211029_Image_02,NA,DG5256_wDMP91,spn4_plus,Balancer_GFP,cpg-2,4-cell,4343,101,769,0.177066544,7.613861386
518,cpg-2.csv,211029,Image_05,211029_Image_05_left,left,DG5256_wDMP91,spn4_plus,Balancer_GFP,cpg-2,4-cell,11073,292,3982,0.359613474,13.6369863
519,cpg-2.csv,211029,Image_05,211029_Image_05_right,right,DG5256_wDMP91,spn4_plus,Balancer_GFP,cpg-2,4-cell,10118,276,3590,0.354813204,13.00724638
520,cpg-2.csv,211029,Image_07,211029_Image_07,NA,DG5256_wDMP91,spn4_plus,Balancer_GFP,cpg-2,4-cell,12208,388,6523,0.534321756,16.81185567
521,cpg-2.csv,211029,Image_10,211029_Image_10,NA,DG5256_wDMP91,spn4_plus,Balancer_GFP,cpg-2,4-cell,4864,140,2084,0.428453947,14.88571429
522,cpg-2.csv,211029,Image_17,211029_Image_17,NA,DG5256_wDMP91,spn4_plus,Balancer_GFP,cpg-2,4-cell,9953,283,3862,0.388023711,13.64664311
523,cpg-2.csv,211029,Image_19,211029_Image_19,NA,DG5256_wDMP91,spn4_plus,Balancer_GFP,cpg-2,4-cell,12049,334,5491,0.455722467,16.44011976
524,cpg-2.csv,211102,Image_03,211102_Image_03,NA,DG5256_wDMP91,spn4_plus,Balancer_GFP,cpg-2,4-cell,10197,349,4340,0.425615377,12.43553009
525,cpg-2.csv,211029,Image_18,211029_Image_18,NA,DG5256_wDMP91,spn4_minus,Balancer_no_GFP,cpg-2,8-11-cell,17393,535,10929,0.628356235,20.42803738
526,cpg-2.csv,211029,Image_19,211029_Image_19,NA,DG5256_wDMP91,spn4_minus,Balancer_no_GFP,cpg-2,8-11-cell,18678,740,8406,0.450048185,11.35945946
527,cpg-2.csv,211029,Image_26,211029_Image_26,NA,DG5256_wDMP91,spn4_minus,Balancer_no_GFP,cpg-2,8-11-cell,23843,849,11921,0.499979029,14.04122497
528,cpg-2.csv,211029,Image_27,211029_Image_27,NA,DG5256_wDMP91,spn4_minus,Balancer_no_GFP,cpg-2,8-11-cell,25256,745,15225,0.602827051,20.43624161
529,cpg-2.csv,211102,Image_01,211102_Image_01,NA,DG5256_wDMP91,spn4_minus,Balancer_no_GFP,cpg-2,8-11-cell,17097,655,5587,0.326782476,8.529770992
530,cpg-2.csv,211102,Image_12,211102_Image_12,NA,DG5256_wDMP91,spn4_minus,Balancer_no_GFP,cpg-2,8-11-cell,15793,564,4204,0.266193883,7.453900709
531,cpg-2.csv,211102,Image_17,211102_Image_17,NA,DG5256_wDMP91,spn4_minus,Balancer_no_GFP,cpg-2,8-11-cell,18631,671,4925,0.264344372,7.339791356
532,cpg-2.csv,211102,Image_21,211102_Image_21,NA,DG5256_wDMP91,spn4_minus,Balancer_no_GFP,cpg-2,8-11-cell,18431,678,5415,0.293798492,7.986725664
533,cpg-2.csv,211029,Image_02,211029_Image_02,NA,DG5256_wDMP91,spn4_plus,Balancer_GFP,cpg-2,8-11-cell,3914,75,1379,0.352324987,18.38666667
534,cpg-2.csv,211029,Image_07,211029_Image_07,NA,DG5256_wDMP91,spn4_plus,Balancer_GFP,cpg-2,8-11-cell,11123,310,6447,0.579609817,20.79677419
535,cpg-2.csv,211029,Image_08,211029_Image_08,NA,DG5256_wDMP91,spn4_plus,Balancer_GFP,cpg-2,8-11-cell,5225,111,1626,0.311196172,14.64864865
536,cpg-2.csv,211029,Image_14,211029_Image_14,NA,DG5256_wDMP91,spn4_plus,Balancer_GFP,cpg-2,8-11-cell,5067,150,1819,0.35898954,12.12666667
537,cpg-2.csv,211102,Image_11,211102_Image_11,NA,DG5256_wDMP91,spn4_plus,Balancer_GFP,cpg-2,8-11-cell,7540,152,3571,0.473607427,23.49342105
538,cpg-2.csv,211102,Image_22,211102_Image_22,NA,DG5256_wDMP91,spn4_plus,Balancer_GFP,cpg-2,8-11-cell,7164,173,3533,0.493160246,20.42196532
539,cpg-2.csv,211102,Image_27,211102_Image_27,NA,DG5256_wDMP91,spn4_plus,Balancer_GFP,cpg-2,8-11-cell,5970,181,2947,0.493634841,16.28176796
540,cpg-2.csv,211102,Image_28,211102_Image_28,NA,DG5256_wDMP91,spn4_plus,Balancer_GFP,cpg-2,8-11-cell,8360,250,3960,0.473684211,15.84
541,cpg-2.csv,211029,Image_06,211029_Image_06,NA,DG5256_wDMP91,spn4_minus,Balancer_no_GFP,cpg-2,12-15-cell,24460,721,13846,0.566067048,19.2038835
542,cpg-2.csv,211029,Image_11,211029_Image_11,NA,DG5256_wDMP91,spn4_minus,Balancer_no_GFP,cpg-2,12-15-cell,22515,744,11649,0.517388408,15.65725806
543,cpg-2.csv,211029,Image_23,211029_Image_23,NA,DG5256_wDMP91,spn4_minus,Balancer_no_GFP,cpg-2,12-15-cell,14577,610,7683,0.527063182,12.59508197
544,cpg-2.csv,211029,Image_24,211029_Image_24,NA,DG5256_wDMP91,spn4_minus,Balancer_no_GFP,cpg-2,12-15-cell,12796,388,6529,0.510237574,16.82731959
545,cpg-2.csv,211102,Image_06,211102_Image_06,NA,DG5256_wDMP91,spn4_minus,Balancer_no_GFP,cpg-2,12-15-cell,18178,687,5754,0.316536473,8.375545852
546,cpg-2.csv,211102,Image_07,211102_Image_07,NA,DG5256_wDMP91,spn4_minus,Balancer_no_GFP,cpg-2,12-15-cell,27876,907,16611,0.595888937,18.31422271
547,cpg-2.csv,211102,Image_19,211102_Image_19,NA,DG5256_wDMP91,spn4_minus,Balancer_no_GFP,cpg-2,12-15-cell,25807,690,17903,0.693726508,25.94637681
548,cpg-2.csv,211102,Image_32,211102_Image_32,NA,DG5256_wDMP91,spn4_minus,Balancer_no_GFP,cpg-2,12-15-cell,21802,710,14492,0.66470966,20.41126761
549,cpg-2.csv,211029,Image_03,211029_Image_03,NA,DG5256_wDMP91,spn4_plus,Balancer_GFP,cpg-2,12-15-cell,2791,47,1465,0.524901469,31.17021277
550,cpg-2.csv,211029,Image_09,211029_Image_09,NA,DG5256_wDMP91,spn4_plus,Balancer_GFP,cpg-2,12-15-cell,3129,53,1807,0.577500799,34.09433962
551,cpg-2.csv,211029,Image_15,211029_Image_15,NA,DG5256_wDMP91,spn4_plus,Balancer_GFP,cpg-2,12-15-cell,6861,147,3007,0.438274304,20.45578231
552,cpg-2.csv,211029,Image_16,211029_Image_16,NA,DG5256_wDMP91,spn4_plus,Balancer_GFP,cpg-2,12-15-cell,1027,15,619,0.602726388,41.26666667
553,cpg-2.csv,211102,Image_14,211102_Image_14,NA,DG5256_wDMP91,spn4_plus,Balancer_GFP,cpg-2,12-15-cell,2607,50,627,0.240506329,12.54
554,cpg-2.csv,211102,Image_15,211102_Image_15,NA,DG5256_wDMP91,spn4_plus,Balancer_GFP,cpg-2,12-15-cell,1079,16,583,0.540315107,36.4375
555,cpg-2.csv,211102,Image_18,211102_Image_18,NA,DG5256_wDMP91,spn4_plus,Balancer_GFP,cpg-2,12-15-cell,2143,29,607,0.283247783,20.93103448
556,cpg-2.csv,211102,Image_30,211102_Image_30,NA,DG5256_wDMP91,spn4_plus,Balancer_GFP,cpg-2,12-15-cell,3352,88,904,0.269689737,10.27272727
557,cpg-2.csv,211029,Image_01,211029_Image_01,NA,DG5256_wDMP91,spn4_minus,Balancer_no_GFP,cpg-2,16-28-cell,19962,706,11095,0.555806031,15.71529745
558,cpg-2.csv,211029,Image_03,211029_Image_03,NA,DG5256_wDMP91,spn4_minus,Balancer_no_GFP,cpg-2,16-28-cell,20195,711,10483,0.519088883,14.7440225
559,cpg-2.csv,211029,Image_10,211029_Image_10,NA,DG5256_wDMP91,spn4_minus,Balancer_no_GFP,cpg-2,16-28-cell,14992,611,6852,0.457043757,11.21440262
560,cpg-2.csv,211029,Image_18,211029_Image_18,NA,DG5256_wDMP91,spn4_minus,Balancer_no_GFP,cpg-2,16-28-cell,13531,511,7845,0.579779765,15.35225049
561,cpg-2.csv,211029,Image_12,211029_Image_12,NA,DG5256_wDMP91,spn4_minus,Balancer_no_GFP,cpg-2,16-28-cell,22953,699,12622,0.54990633,18.05722461
562,cpg-2.csv,211102,Image_05,211102_Image_05,NA,DG5256_wDMP91,spn4_minus,Balancer_no_GFP,cpg-2,16-28-cell,19352,557,4039,0.208712278,7.251346499
563,cpg-2.csv,211102,Image_08,211102_Image_08,NA,DG5256_wDMP91,spn4_minus,Balancer_no_GFP,cpg-2,16-28-cell,22103,836,10099,0.456906302,12.08014354
564,cpg-2.csv,211102,Image_10,211102_Image_10,NA,DG5256_wDMP91,spn4_minus,Balancer_no_GFP,cpg-2,16-28-cell,15867,568,8781,0.553412743,15.45950704
565,cpg-2.csv,211029,Image_01,211029_Image_01,NA,N2,spn4_wt,N2,cpg-2,4-cell,4608,114,1048,0.227430556,9.192982456
566,cpg-2.csv,211029,Image_03,211029_Image_03,NA,N2,spn4_wt,N2,cpg-2,4-cell,5846,146,1307,0.223571673,8.952054795
567,cpg-2.csv,211029,Image_05,211029_Image_05,NA,N2,spn4_wt,N2,cpg-2,4-cell,763,19,157,0.20576671,8.263157895
568,cpg-2.csv,211029,Image_07,211029_Image_07,NA,N2,spn4_wt,N2,cpg-2,4-cell,2495,65,707,0.283366733,10.87692308
569,cpg-2.csv,211102,Image_03,211102_Image_03,NA,N2,spn4_wt,N2,cpg-2,4-cell,4194,105,1342,0.319980925,12.78095238
570,cpg-2.csv,211102,Image_10,211102_Image_10,NA,N2,spn4_wt,N2,cpg-2,4-cell,6443,182,1889,0.293186404,10.37912088
571,cpg-2.csv,211102,Image_13,211102_Image_13,NA,N2,spn4_wt,N2,cpg-2,4-cell,2316,63,699,0.301813472,11.0952381
572,cpg-2.csv,211102,Image_15,211102_Image_15,NA,N2,spn4_wt,N2,cpg-2,4-cell,1987,42,353,0.177654756,8.404761905
573,cpg-2.csv,211029,Image_03,211029_Image_03,NA,N2,spn4_wt,N2,cpg-2,2-cell,15137,580,6272,0.414348946,10.8137931
574,cpg-2.csv,211029,Image_04,211029_Image_04,NA,N2,spn4_wt,N2,cpg-2,2-cell,19878,748,9243,0.464986417,12.35695187
575,cpg-2.csv,211029,Image_08,211029_Image_08_left,left,N2,spn4_wt,N2,cpg-2,2-cell,6412,192,1939,0.302401747,10.09895833
576,cpg-2.csv,211029,Image_08,211029_Image_08_right,right,N2,spn4_wt,N2,cpg-2,2-cell,10124,369,3506,0.346305808,9.501355014
577,cpg-2.csv,211102,Image_02,211102_Image_02,NA,N2,spn4_wt,N2,cpg-2,2-cell,6633,211,1985,0.299261269,9.407582938
578,cpg-2.csv,211102,Image_05,211102_Image_05,NA,N2,spn4_wt,N2,cpg-2,2-cell,9869,306,4033,0.408653359,13.17973856
579,cpg-2.csv,211102,Image_07,211102_Image_07,NA,N2,spn4_wt,N2,cpg-2,2-cell,13716,440,5384,0.392534267,12.23636364
580,cpg-2.csv,211102,Image_09,211102_Image_09,NA,N2,spn4_wt,N2,cpg-2,2-cell,21869,833,12097,0.553157437,14.52220888
581,cpg-2.csv,211029,Image_01,211029_Image_01,NA,N2,spn4_wt,N2,cpg-2,8-11-cell,1057,12,100,0.094607379,8.333333333
582,cpg-2.csv,211029,Image_03,211029_Image_03,NA,N2,spn4_wt,N2,cpg-2,8-11-cell,891,17,183,0.205387205,10.76470588
583,cpg-2.csv,211029,Image_05,211029_Image_05,NA,N2,spn4_wt,N2,cpg-2,8-11-cell,790,10,126,0.159493671,12.6
584,cpg-2.csv,211029,Image_09,211029_Image_09,NA,N2,spn4_wt,N2,cpg-2,8-11-cell,2249,51,594,0.264117386,11.64705882
585,cpg-2.csv,211102,Image_04,211102_Image_04,NA,N2,spn4_wt,N2,cpg-2,8-11-cell,1051,20,188,0.17887726,9.4
586,cpg-2.csv,211102,Image_08,211102_Image_08,NA,N2,spn4_wt,N2,cpg-2,8-11-cell,109,0,0,0,0
587,cpg-2.csv,211102,Image_12,211102_Image_12,NA,N2,spn4_wt,N2,cpg-2,8-11-cell,1108,17,203,0.183212996,11.94117647
588,cpg-2.csv,211102,Image_14,211102_Image_14,NA,N2,spn4_wt,N2,cpg-2,8-11-cell,2298,54,629,0.273716275,11.64814815
589,cpg-2.csv,211102,Image_16,211102_Image_16,NA,N2,spn4_wt,N2,cpg-2,8-11-cell,1056,18,191,0.180871212,10.61111111
590,cpg-2.csv,211029,Image_04,211029_Image_04,NA,N2,spn4_wt,N2,cpg-2,12-15-cell,414,11,117,0.282608696,10.63636364
591,cpg-2.csv,211029,Image_06,211029_Image_06,NA,N2,spn4_wt,N2,cpg-2,12-15-cell,407,11,192,0.471744472,17.45454545
592,cpg-2.csv,211029,Image_07,211029_Image_07,NA,N2,spn4_wt,N2,cpg-2,12-15-cell,608,21,201,0.330592105,9.571428571
593,cpg-2.csv,211029,Image_09,211029_Image_09,NA,N2,spn4_wt,N2,cpg-2,12-15-cell,364,7,98,0.269230769,14
594,cpg-2.csv,211102,Image_01,211102_Image_01,NA,N2,spn4_wt,N2,cpg-2,12-15-cell,1099,29,355,0.323020928,12.24137931
595,cpg-2.csv,211102,Image_06,211102_Image_06,NA,N2,spn4_wt,N2,cpg-2,12-15-cell,586,4,30,0.051194539,7.5
596,cpg-2.csv,211102,Image_11,211102_Image_11,NA,N2,spn4_wt,N2,cpg-2,12-15-cell,635,10,116,0.182677165,11.6
597,cpg-2.csv,211102,Image_17,211102_Image_17,NA,N2,spn4_wt,N2,cpg-2,12-15-cell,999,16,129,0.129129129,8.0625
598,cpg-2.csv,211029,Image_01,211029_Image_01,NA,N2,spn4_wt,N2,cpg-2,16-28-cell,340,7,124,0.364705882,17.71428571
599,cpg-2.csv,211029,Image_02,211029_Image_02_left,left,N2,spn4_wt,N2,cpg-2,16-28-cell,466,9,150,0.321888412,16.66666667
600,cpg-2.csv,211029,Image_02,211029_Image_02_right,right,N2,spn4_wt,N2,cpg-2,16-28-cell,226,6,80,0.353982301,13.33333333
601,cpg-2.csv,211029,Image_06,211029_Image_06,NA,N2,spn4_wt,N2,cpg-2,16-28-cell,247,9,107,0.433198381,11.88888889
602,cpg-2.csv,211029,Image_07,211029_Image_07,NA,N2,spn4_wt,N2,cpg-2,16-28-cell,342,7,185,0.540935673,26.42857143
603,cpg-2.csv,211102,Image_02,211102_Image_02,NA,N2,spn4_wt,N2,cpg-2,16-28-cell,663,6,120,0.180995475,20
604,cpg-2.csv,211102,Image_03,211102_Image_03,NA,N2,spn4_wt,N2,cpg-2,16-28-cell,347,6,77,0.221902017,12.83333333
605,cpg-2.csv,211102,Image_04,211102_Image_04,NA,N2,spn4_wt,N2,cpg-2,16-28-cell,447,10,155,0.346756152,15.5
606,egg-3.csv,211102,Image_01,211102_Image_01,NA,DG5256_wDMP91,spn4_plus,Balancer_GFP,egg-3,4-cell,4031,42,298,0.073927065,7.095238095
607,egg-3.csv,211102,Image_04,211102_Image_04,NA,DG5256_wDMP91,spn4_plus,Balancer_GFP,egg-3,4-cell,4270,55,425,0.099531616,7.727272727
608,egg-3.csv,211102,Image_07,211102_Image_07,NA,DG5256_wDMP91,spn4_plus,Balancer_GFP,egg-3,4-cell,1884,33,258,0.136942675,7.818181818
609,egg-3.csv,211102,Image_08,211102_Image_08,NA,DG5256_wDMP91,spn4_plus,Balancer_GFP,egg-3,4-cell,7731,190,1437,0.185875049,7.563157895
610,egg-3.csv,211102,Image_25,211102_Image_25,NA,DG5256_wDMP91,spn4_plus,Balancer_GFP,egg-3,4-cell,2354,40,315,0.133814783,7.875
611,egg-3.csv,211102,Image_26,211102_Image_26,NA,DG5256_wDMP91,spn4_plus,Balancer_GFP,egg-3,4-cell,3656,82,537,0.146881838,6.548780488
612,egg-3.csv,211102,Image_30,211102_Image_30,NA,DG5256_wDMP91,spn4_plus,Balancer_GFP,egg-3,4-cell,4931,89,641,0.129993916,7.202247191
613,egg-3.csv,211105,Image_08,211105_Image_08,NA,DG5256_wDMP91,spn4_plus,Balancer_GFP,egg-3,4-cell,5080,54,355,0.06988189,6.574074074
614,egg-3.csv,211102,Image_03,211102_Image_03,NA,DG5256_wDMP91,spn4_minus,Balancer_no_GFP,egg-3,2-cell,5906,94,616,0.104300711,6.553191489
615,egg-3.csv,211102,Image_05,211102_Image_05,NA,DG5256_wDMP91,spn4_minus,Balancer_no_GFP,egg-3,2-cell,7546,134,856,0.113437583,6.388059701
616,egg-3.csv,211102,Image_19,211102_Image_19,NA,DG5256_wDMP91,spn4_minus,Balancer_no_GFP,egg-3,2-cell,4665,87,608,0.130332262,6.988505747
617,egg-3.csv,211102,Image_28,211102_Image_28,NA,DG5256_wDMP91,spn4_minus,Balancer_no_GFP,egg-3,2-cell,6675,114,715,0.107116105,6.271929825
618,egg-3.csv,211102,Image_29,211102_Image_29,NA,DG5256_wDMP91,spn4_minus,Balancer_no_GFP,egg-3,2-cell,7819,200,1384,0.177004732,6.92
619,egg-3.csv,211102,Image_31,211102_Image_31,NA,DG5256_wDMP91,spn4_minus,Balancer_no_GFP,egg-3,2-cell,5893,121,807,0.136942135,6.669421488
620,egg-3.csv,211105,Image_02,211105_Image_02,NA,DG5256_wDMP91,spn4_minus,Balancer_no_GFP,egg-3,2-cell,4491,49,314,0.069917613,6.408163265
621,egg-3.csv,211105,Image_05,211105_Image_05,NA,DG5256_wDMP91,spn4_minus,Balancer_no_GFP,egg-3,2-cell,3691,34,218,0.059062585,6.411764706
622,egg-3.csv,210718,Image_05,210718_Image_05,NA,DG5256_wDMP91,spn4_minus,Balancer_no_GFP,egg-3,4-cell,9438,301,2418,0.256198347,8.033222591
623,egg-3.csv,210718,Image_10,210718_Image_10,NA,DG5256_wDMP91,spn4_minus,Balancer_no_GFP,egg-3,4-cell,9421,416,4734,0.502494427,11.37980769
624,egg-3.csv,210718,Image_11,210718_Image_11,NA,DG5256_wDMP91,spn4_minus,Balancer_no_GFP,egg-3,4-cell,8909,336,2887,0.324054327,8.592261905
625,egg-3.csv,210718,Image_16,210718_Image_16,NA,DG5256_wDMP91,spn4_minus,Balancer_no_GFP,egg-3,4-cell,9292,363,3356,0.3611709,9.245179063
626,egg-3.csv,211102,Image_22,211102_Image_22,NA,DG5256_wDMP91,spn4_minus,Balancer_no_GFP,egg-3,4-cell,7405,204,1407,0.190006752,6.897058824
627,egg-3.csv,211102,Image_23,211102_Image_23,NA,DG5256_wDMP91,spn4_minus,Balancer_no_GFP,egg-3,4-cell,6471,182,1253,0.193633132,6.884615385
628,egg-3.csv,211105,Image_01,211105_Image_01,NA,DG5256_wDMP91,spn4_minus,Balancer_no_GFP,egg-3,4-cell,6623,118,780,0.117771403,6.610169492
629,egg-3.csv,211105,Image_15,211105_Image_15,NA,DG5256_wDMP91,spn4_minus,Balancer_no_GFP,egg-3,4-cell,5047,88,619,0.122647117,7.034090909
630,egg-3.csv,210718,Image_08,210718_Image_08,NA,DG5256_wDMP91,spn4_minus,Balancer_no_GFP,egg-3,8-11-cell,8813,229,1834,0.208101668,8.008733624
631,egg-3.csv,210718,Image_13,210718_Image_13,NA,DG5256_wDMP91,spn4_minus,Balancer_no_GFP,egg-3,8-11-cell,6275,167,1275,0.203187251,7.634730539
632,egg-3.csv,210718,Image_14,210718_Image_14,NA,DG5256_wDMP91,spn4_minus,Balancer_no_GFP,egg-3,8-11-cell,8048,241,1787,0.222042744,7.414937759
633,egg-3.csv,210718,Image_15,210718_Image_15,NA,DG5256_wDMP91,spn4_minus,Balancer_no_GFP,egg-3,8-11-cell,1669,25,176,0.105452367,7.04
634,egg-3.csv,211102,Image_15,211102_Image_15,NA,DG5256_wDMP91,spn4_minus,Balancer_no_GFP,egg-3,8-11-cell,5998,84,557,0.092864288,6.630952381
635,egg-3.csv,211102,Image_27,211102_Image_27,NA,DG5256_wDMP91,spn4_minus,Balancer_no_GFP,egg-3,8-11-cell,5718,108,751,0.131339629,6.953703704
636,egg-3.csv,211105,Image_13,211105_Image_13,NA,DG5256_wDMP91,spn4_minus,Balancer_no_GFP,egg-3,8-11-cell,5566,70,433,0.077793748,6.185714286
637,egg-3.csv,210718,Image_03,210718_Image_03,NA,DG5256_wDMP91,spn4_minus,Balancer_no_GFP,egg-3,12-15-cell,2301,45,323,0.140373751,7.177777778
638,egg-3.csv,210718,Image_06,210718_Image_06,NA,DG5256_wDMP91,spn4_minus,Balancer_no_GFP,egg-3,12-15-cell,6300,131,901,0.143015873,6.877862595
639,egg-3.csv,210718,Image_07,210718_Image_07,NA,DG5256_wDMP91,spn4_minus,Balancer_no_GFP,egg-3,12-15-cell,5316,65,420,0.079006772,6.461538462
640,egg-3.csv,210718,Image_12,210718_Image_12,NA,DG5256_wDMP91,spn4_minus,Balancer_no_GFP,egg-3,12-15-cell,3571,62,394,0.11033324,6.35483871
641,egg-3.csv,211102,Image_02,211102_Image_02,NA,DG5256_wDMP91,spn4_minus,Balancer_no_GFP,egg-3,12-15-cell,5592,42,242,0.043276109,5.761904762
642,egg-3.csv,211102,Image_09,211102_Image_09,NA,DG5256_wDMP91,spn4_minus,Balancer_no_GFP,egg-3,12-15-cell,6579,116,769,0.116887065,6.629310345
643,egg-3.csv,211102,Image_13,211102_Image_13,NA,DG5256_wDMP91,spn4_minus,Balancer_no_GFP,egg-3,12-15-cell,4674,59,372,0.079589217,6.305084746
644,egg-3.csv,211105,Image_10,211105_Image_10,NA,DG5256_wDMP91,spn4_minus,Balancer_no_GFP,egg-3,12-15-cell,4043,62,433,0.107098689,6.983870968
645,egg-3.csv,211105,Image_11,211105_Image_11,NA,DG5256_wDMP91,spn4_minus,Balancer_no_GFP,egg-3,12-15-cell,5893,64,448,0.076022399,7
646,egg-3.csv,210718,Image_01,210718_Image_01,NA,DG5256_wDMP91,spn4_minus,Balancer_no_GFP,egg-3,16-28-cell,4434,61,390,0.087956698,6.393442623
647,egg-3.csv,210718,Image_02,210718_Image_02,NA,DG5256_wDMP91,spn4_minus,Balancer_no_GFP,egg-3,16-28-cell,4217,43,259,0.06141807,6.023255814
648,egg-3.csv,210718,Image_04,210718_Image_04,NA,DG5256_wDMP91,spn4_minus,Balancer_no_GFP,egg-3,16-28-cell,4255,48,316,0.07426557,6.583333333
649,egg-3.csv,210718,Image_09,210718_Image_09,NA,DG5256_wDMP91,spn4_minus,Balancer_no_GFP,egg-3,16-28-cell,2777,35,294,0.105869644,8.4
650,egg-3.csv,211102,Image_04,211102_Image_04,NA,DG5256_wDMP91,spn4_minus,Balancer_no_GFP,egg-3,16-28-cell,4214,27,182,0.043189369,6.740740741
651,egg-3.csv,211102,Image_08,211102_Image_08,NA,DG5256_wDMP91,spn4_minus,Balancer_no_GFP,egg-3,16-28-cell,4997,82,506,0.101260756,6.170731707
652,egg-3.csv,211102,Image_26,211102_Image_26,NA,DG5256_wDMP91,spn4_minus,Balancer_no_GFP,egg-3,16-28-cell,1921,16,96,0.049973972,6
653,egg-3.csv,211105,Image_03,211105_Image_03,NA,DG5256_wDMP91,spn4_minus,Balancer_no_GFP,egg-3,16-28-cell,3087,26,161,0.052154195,6.192307692
654,egg-3.csv,211102,Image_10,211102_Image_10,NA,DG5256_wDMP91,spn4_plus,Balancer_GFP,egg-3,2-cell,3107,26,163,0.052462182,6.269230769
655,egg-3.csv,211102,Image_12,211102_Image_12,NA,DG5256_wDMP91,spn4_plus,Balancer_GFP,egg-3,2-cell,4050,56,520,0.128395062,9.285714286
656,egg-3.csv,211102,Image_16,211102_Image_16,NA,DG5256_wDMP91,spn4_plus,Balancer_GFP,egg-3,2-cell,5208,65,398,0.076420891,6.123076923
657,egg-3.csv,211102,Image_21,211102_Image_21,NA,DG5256_wDMP91,spn4_plus,Balancer_GFP,egg-3,2-cell,4942,69,443,0.089639822,6.420289855
658,egg-3.csv,211105,Image_04,211105_Image_04,NA,DG5256_wDMP91,spn4_plus,Balancer_GFP,egg-3,2-cell,5151,81,501,0.097262667,6.185185185
659,egg-3.csv,211105,Image_06,211105_Image_06,NA,DG5256_wDMP91,spn4_plus,Balancer_GFP,egg-3,2-cell,5794,96,710,0.122540559,7.395833333
660,egg-3.csv,211105,Image_12,211105_Image_12,NA,DG5256_wDMP91,spn4_plus,Balancer_GFP,egg-3,2-cell,6553,79,522,0.079658172,6.607594937
661,egg-3.csv,211105,Image_14,211105_Image_14,NA,DG5256_wDMP91,spn4_plus,Balancer_GFP,egg-3,2-cell,6354,117,813,0.127950897,6.948717949
662,egg-3.csv,211102,Image_03,211102_Image_03,NA,DG5256_wDMP91,spn4_plus,Balancer_GFP,egg-3,8-11-cell,2547,33,454,0.17824892,13.75757576
663,egg-3.csv,211102,Image_06,211102_Image_06,NA,DG5256_wDMP91,spn4_plus,Balancer_GFP,egg-3,8-11-cell,2910,40,476,0.163573883,11.9
664,egg-3.csv,211102,Image_11,211102_Image_11,NA,DG5256_wDMP91,spn4_plus,Balancer_GFP,egg-3,8-11-cell,2331,35,456,0.195624196,13.02857143
665,egg-3.csv,211102,Image_14,211102_Image_14,NA,DG5256_wDMP91,spn4_plus,Balancer_GFP,egg-3,8-11-cell,2778,40,395,0.142188625,9.875
666,egg-3.csv,211102,Image_18,211102_Image_18,NA,DG5256_wDMP91,spn4_plus,Balancer_GFP,egg-3,8-11-cell,4249,82,903,0.212520593,11.01219512
667,egg-3.csv,211102,Image_24,211102_Image_24,NA,DG5256_wDMP91,spn4_plus,Balancer_GFP,egg-3,8-11-cell,4585,126,1282,0.279607415,10.17460317
668,egg-3.csv,211102,Image_31,211102_Image_31,NA,DG5256_wDMP91,spn4_plus,Balancer_GFP,egg-3,8-11-cell,1631,29,323,0.198038013,11.13793103
669,egg-3.csv,211105,Image_09,211105_Image_09,NA,DG5256_wDMP91,spn4_plus,Balancer_GFP,egg-3,8-11-cell,5707,84,569,0.09970212,6.773809524
670,egg-3.csv,211102,Image_20,211102_Image_20,NA,DG5256_wDMP91,spn4_plus,Balancer_GFP,egg-3,12-15-cell,1209,22,304,0.251447477,13.81818182
671,egg-3.csv,211102,Image_32,211102_Image_32,NA,DG5256_wDMP91,spn4_plus,Balancer_GFP,egg-3,12-15-cell,1099,20,331,0.301182894,16.55
672,egg-3.csv,211102,Image_33,211102_Image_33,NA,DG5256_wDMP91,spn4_plus,Balancer_GFP,egg-3,12-15-cell,941,14,336,0.35706695,24
673,egg-3.csv,211102,Image_34,211102_Image_34,NA,DG5256_wDMP91,spn4_plus,Balancer_GFP,egg-3,12-15-cell,1237,13,250,0.202101859,19.23076923
674,egg-3.csv,211105,Image_06,211105_Image_06,NA,DG5256_wDMP91,spn4_plus,Balancer_GFP,egg-3,12-15-cell,473,12,187,0.395348837,15.58333333
675,egg-3.csv,211105,Image_17,211105_Image_17,NA,DG5256_wDMP91,spn4_plus,Balancer_GFP,egg-3,12-15-cell,1700,28,360,0.211764706,12.85714286
676,egg-3.csv,211105,Image_16,211105_Image_16,NA,DG5256_wDMP91,spn4_plus,Balancer_GFP,egg-3,12-15-cell,1023,19,240,0.234604106,12.63157895
677,egg-3.csv,211102,Image_13,211102_Image_13,NA,DG5256_wDMP91,spn4_plus,Balancer_GFP,egg-3,16-28-cell,707,11,287,0.405940594,26.09090909
678,egg-3.csv,211102,Image_16,211102_Image_16,NA,DG5256_wDMP91,spn4_plus,Balancer_GFP,egg-3,16-28-cell,960,13,348,0.3625,26.76923077
679,egg-3.csv,211102,Image_17,211102_Image_17,NA,DG5256_wDMP91,spn4_plus,Balancer_GFP,egg-3,16-28-cell,482,4,202,0.419087137,50.5
680,egg-3.csv,211102,Image_24,211102_Image_24,NA,DG5256_wDMP91,spn4_plus,Balancer_GFP,egg-3,16-28-cell,540,9,308,0.57037037,34.22222222
681,egg-3.csv,211102,Image_31,211102_Image_31,NA,DG5256_wDMP91,spn4_plus,Balancer_GFP,egg-3,16-28-cell,654,11,280,0.428134557,25.45454545
682,egg-3.csv,211102,Image_33,211102_Image_33,NA,DG5256_wDMP91,spn4_plus,Balancer_GFP,egg-3,16-28-cell,330,4,111,0.336363636,27.75
683,egg-3.csv,211105,Image_06,211105_Image_06,NA,DG5256_wDMP91,spn4_plus,Balancer_GFP,egg-3,16-28-cell,766,5,240,0.313315927,48
684,egg-3.csv,211105,Image_07,211105_Image_07,NA,DG5256_wDMP91,spn4_plus,Balancer_GFP,egg-3,16-28-cell,490,6,128,0.26122449,21.33333333
685,egg-3.csv,211102,Image_04,211102_Image_04,NA,N2,spn4_wt,N2,egg-3,2-cell,5065,108,735,0.145113524,6.805555556
686,egg-3.csv,211102,Image_07,211102_Image_07,NA,N2,spn4_wt,N2,egg-3,2-cell,2165,28,209,0.096535797,7.464285714
687,egg-3.csv,211102,Image_08,211102_Image_08,NA,N2,spn4_wt,N2,egg-3,2-cell,3746,68,451,0.120395088,6.632352941
688,egg-3.csv,211102,Image_10,211102_Image_10,NA,N2,spn4_wt,N2,egg-3,2-cell,4191,48,310,0.073968027,6.458333333
689,egg-3.csv,211102,Image_11,211102_Image_11,NA,N2,spn4_wt,N2,egg-3,2-cell,4247,92,695,0.163644926,7.554347826
690,egg-3.csv,211102,Image_12,211102_Image_12,NA,N2,spn4_wt,N2,egg-3,2-cell,4859,60,411,0.084585306,6.85
691,egg-3.csv,211105,Image_05,211105_Image_05,NA,N2,spn4_wt,N2,egg-3,2-cell,3980,30,190,0.047738693,6.333333333
692,egg-3.csv,210718,Image_04,210718_Image_04,NA,N2,spn4_wt,N2,egg-3,4-cell,2472,39,344,0.139158576,8.820512821
693,egg-3.csv,210718,Image_05,210718_Image_05,NA,N2,spn4_wt,N2,egg-3,4-cell,3117,34,263,0.084376003,7.735294118
694,egg-3.csv,210718,Image_07,210718_Image_07,NA,N2,spn4_wt,N2,egg-3,4-cell,4115,78,572,0.139003645,7.333333333
695,egg-3.csv,210718,Image_09,210718_Image_09,NA,N2,spn4_wt,N2,egg-3,4-cell,4673,72,573,0.122619302,7.958333333
696,egg-3.csv,211102,Image_01,211102_Image_01,NA,N2,spn4_wt,N2,egg-3,4-cell,3557,32,187,0.052572392,5.84375
697,egg-3.csv,211102,Image_02,211102_Image_02,NA,N2,spn4_wt,N2,egg-3,4-cell,3468,56,428,0.123414072,7.642857143
698,egg-3.csv,211105,Image_02,211105_Image_02,NA,N2,spn4_wt,N2,egg-3,4-cell,2529,12,84,0.033214709,7
699,egg-3.csv,211105,Image_03,211105_Image_03,NA,N2,spn4_wt,N2,egg-3,4-cell,2396,6,35,0.014607679,5.833333333
700,egg-3.csv,211105,Image_07,211105_Image_07,NA,N2,spn4_wt,N2,egg-3,4-cell,1450,15,110,0.075862069,7.333333333
701,egg-3.csv,210718,Image_01,210718_Image_01,NA,N2,spn4_wt,N2,egg-3,8-11-cell,3577,68,798,0.223091977,11.73529412
702,egg-3.csv,210718,Image_03,210718_Image_03,NA,N2,spn4_wt,N2,egg-3,8-11-cell,2828,48,574,0.202970297,11.95833333
703,egg-3.csv,210718,Image_06,210718_Image_06,NA,N2,spn4_wt,N2,egg-3,8-11-cell,2953,40,390,0.132069082,9.75
704,egg-3.csv,210718,Image_13,210718_Image_13,NA,N2,spn4_wt,N2,egg-3,8-11-cell,1823,30,281,0.154141525,9.366666667
705,egg-3.csv,211102,Image_06,211102_Image_06,NA,N2,spn4_wt,N2,egg-3,8-11-cell,1651,20,318,0.192610539,15.9
706,egg-3.csv,211102,Image_09,211102_Image_09,NA,N2,spn4_wt,N2,egg-3,8-11-cell,1516,27,226,0.149076517,8.37037037
707,egg-3.csv,211102,Image_12,211102_Image_12,NA,N2,spn4_wt,N2,egg-3,8-11-cell,1618,21,295,0.182323857,14.04761905
708,egg-3.csv,211105,Image_04,211105_Image_04,NA,N2,spn4_wt,N2,egg-3,8-11-cell,1392,18,250,0.179597701,13.88888889
709,egg-3.csv,210718,Image_06,210718_Image_06,NA,N2,spn4_wt,N2,egg-3,12-15-cell,2344,48,549,0.234215017,11.4375
710,egg-3.csv,210718,Image_08,210718_Image_08,NA,N2,spn4_wt,N2,egg-3,12-15-cell,1253,15,481,0.383878691,32.06666667
711,egg-3.csv,210718,Image_10,210718_Image_10,NA,N2,spn4_wt,N2,egg-3,12-15-cell,1354,18,428,0.316100443,23.77777778
712,egg-3.csv,210718,Image_11,210718_Image_11,NA,N2,spn4_wt,N2,egg-3,12-15-cell,1454,21,438,0.301237964,20.85714286
713,egg-3.csv,211102,Image_03,211102_Image_03,NA,N2,spn4_wt,N2,egg-3,12-15-cell,888,6,118,0.132882883,19.66666667
714,egg-3.csv,211102,Image_04,211102_Image_04,NA,N2,spn4_wt,N2,egg-3,12-15-cell,547,13,232,0.424131627,17.84615385
715,egg-3.csv,211102,Image_05,211102_Image_05,NA,N2,spn4_wt,N2,egg-3,12-15-cell,585,13,150,0.256410256,11.53846154
716,egg-3.csv,211105,Image_01,211105_Image_01,NA,N2,spn4_wt,N2,egg-3,12-15-cell,535,9,111,0.207476636,12.33333333
717,egg-3.csv,210718,Image_02,210718_Image_02,NA,N2,spn4_wt,N2,egg-3,16-28-cell,522,7,145,0.277777778,20.71428571
718,egg-3.csv,210718,Image_12,210718_Image_12,NA,N2,spn4_wt,N2,egg-3,16-28-cell,781,8,380,0.486555698,47.5
719,egg-3.csv,210718,Image_13,210718_Image_13,NA,N2,spn4_wt,N2,egg-3,16-28-cell,912,12,324,0.355263158,27
720,egg-3.csv,210718,Image_14,210718_Image_14,NA,N2,spn4_wt,N2,egg-3,16-28-cell,749,12,377,0.503337784,31.41666667
721,egg-3.csv,211102,Image_01,211102_Image_01,NA,N2,spn4_wt,N2,egg-3,16-28-cell,584,9,191,0.327054795,21.22222222
722,egg-3.csv,211102,Image_05,211102_Image_05,NA,N2,spn4_wt,N2,egg-3,16-28-cell,413,8,143,0.346246973,17.875
723,egg-3.csv,211105,Image_02,211105_Image_02,NA,N2,spn4_wt,N2,egg-3,16-28-cell,473,13,222,0.469344609,17.07692308
724,egg-3.csv,211105,Image_06,211105_Image_06,NA,N2,spn4_wt,N2,egg-3,16-28-cell,184,5,44,0.239130435,8.8
725,lin-41.csv,210718,Image_06,210718_Image_06,NA,DG5256_wDMP91,spn4_minus,Balancer_no_GFP,lin-41,12-15-cell,9140,283,2432,0.266083151,8.593639576
726,lin-41.csv,210718,Image_08,210718_Image_08,NA,DG5256_wDMP91,spn4_minus,Balancer_no_GFP,lin-41,12-15-cell,8537,241,2021,0.236734216,8.385892116
727,lin-41.csv,210718,Image_09,210718_Image_09,NA,DG5256_wDMP91,spn4_minus,Balancer_no_GFP,lin-41,12-15-cell,8792,317,2306,0.262283894,7.27444795
728,lin-41.csv,210718,Image_11,210718_Image_11,NA,DG5256_wDMP91,spn4_minus,Balancer_no_GFP,lin-41,12-15-cell,8723,353,2906,0.333142268,8.232294618
729,lin-41.csv,210718,Image_01,210718_Image_01,NA,DG5256_wDMP91,spn4_minus,Balancer_no_GFP,lin-41,16-28-cell,2906,105,748,0.257398486,7.123809524
730,lin-41.csv,210718,Image_02,210718_Image_02,NA,DG5256_wDMP91,spn4_minus,Balancer_no_GFP,lin-41,16-28-cell,5305,166,1244,0.234495759,7.493975904
731,lin-41.csv,210718,Image_03,210718_Image_03,NA,DG5256_wDMP91,spn4_minus,Balancer_no_GFP,lin-41,16-28-cell,4594,159,1269,0.276229865,7.981132075
732,lin-41.csv,210718,Image_04,210718_Image_04,NA,DG5256_wDMP91,spn4_minus,Balancer_no_GFP,lin-41,16-28-cell,6996,259,2366,0.338193253,9.135135135
733,lin-41.csv,210718,Image_07,210718_Image_07,NA,DG5256_wDMP91,spn4_plus,Balancer_GFP,lin-41,4-cell,10381,401,3945,0.380021193,9.837905237
734,lin-41.csv,210718,Image_10,210718_Image_10,NA,DG5256_wDMP91,spn4_plus,Balancer_GFP,lin-41,4-cell,8673,372,3580,0.41277528,9.623655914
735,lin-41.csv,210718,Image_13,210718_Image_13,NA,DG5256_wDMP91,spn4_plus,Balancer_GFP,lin-41,4-cell,10516,386,3306,0.314378091,8.564766839
736,lin-41.csv,210718,Image_14,210718_Image_14,NA,DG5256_wDMP91,spn4_plus,Balancer_GFP,lin-41,4-cell,10474,372,3922,0.374451022,10.54301075
737,lin-41.csv,210718,Image_12,210718_Image_12,NA,DG5256_wDMP91,spn4_minus,Balancer_no_GFP,lin-41,8-11-cell,11531,393,3312,0.287225739,8.427480916
738,lin-41.csv,210718,Image_16,210718_Image_16,NA,DG5256_wDMP91,spn4_minus,Balancer_no_GFP,lin-41,8-11-cell,8999,287,2476,0.275141682,8.6271777
739,lin-41.csv,210718,Image_05,210718_Image_05,NA,DG5256_wDMP91,spn4_minus,Balancer_no_GFP,lin-41,8-11-cell,10367,333,3035,0.29275586,9.114114114
740,lin-41.csv,211028,Image_01,211028_Image_01,NA,DG5256_wDMP91,spn4_plus,Balancer_GFP,lin-41,4-cell,1737,33,390,0.224525043,11.81818182
741,lin-41.csv,211028,Image_02,211028_Image_02,NA,DG5256_wDMP91,spn4_plus,Balancer_GFP,lin-41,4-cell,2800,57,537,0.191785714,9.421052632
742,lin-41.csv,211028,Image_05,211028_Image_05,NA,DG5256_wDMP91,spn4_plus,Balancer_GFP,lin-41,4-cell,3977,86,1330,0.334422932,15.46511628
743,lin-41.csv,211028,Image_08,211028_Image_08,NA,DG5256_wDMP91,spn4_plus,Balancer_GFP,lin-41,4-cell,3405,90,937,0.275183554,10.41111111
744,lin-41.csv,211028,Image_12,211028_Image_12,NA,DG5256_wDMP91,spn4_plus,Balancer_GFP,lin-41,4-cell,2797,67,760,0.2717197,11.34328358
745,lin-41.csv,211028,Image_13,211028_Image_13,NA,DG5256_wDMP91,spn4_plus,Balancer_GFP,lin-41,4-cell,4344,102,1230,0.283149171,12.05882353
746,lin-41.csv,211029,Image_01,211029_Image_01,NA,DG5256_wDMP91,spn4_plus,Balancer_GFP,lin-41,4-cell,2406,38,526,0.218620116,13.84210526
747,lin-41.csv,211029,Image_04,211029_Image_04,NA,DG5256_wDMP91,spn4_plus,Balancer_GFP,lin-41,4-cell,1603,43,486,0.303181535,11.30232558
748,lin-41.csv,211028,Image_02,211028_Image_02_upper_right,upper,DG5256_wDMP91,spn4_plus,Balancer_GFP,lin-41,2-cell,9888,359,3213,0.32493932,8.949860724
749,lin-41.csv,211028,Image_02,211028_Image_02_lower_right,lower,DG5256_wDMP91,spn4_plus,Balancer_GFP,lin-41,2-cell,11937,401,3821,0.320097177,9.528678304
750,lin-41.csv,211028,Image_04,211028_Image_04,NA,DG5256_wDMP91,spn4_plus,Balancer_GFP,lin-41,2-cell,7751,197,2129,0.274674236,10.8071066
751,lin-41.csv,211028,Image_05,211028_Image_05,NA,DG5256_wDMP91,spn4_plus,Balancer_GFP,lin-41,2-cell,8796,209,1620,0.184174625,7.751196172
752,lin-41.csv,211028,Image_11,211028_Image_11,NA,DG5256_wDMP91,spn4_plus,Balancer_GFP,lin-41,2-cell,4906,104,841,0.171422748,8.086538462
753,lin-41.csv,211028,Image_14,211028_Image_14,NA,DG5256_wDMP91,spn4_plus,Balancer_GFP,lin-41,2-cell,9831,304,2387,0.242803377,7.851973684
754,lin-41.csv,211028,Image_21,211028_Image_21,NA,DG5256_wDMP91,spn4_plus,Balancer_GFP,lin-41,2-cell,5867,133,1099,0.187318902,8.263157895
755,lin-41.csv,211029,Image_15,211029_Image_15,NA,DG5256_wDMP91,spn4_plus,Balancer_GFP,lin-41,2-cell,5410,103,797,0.147319778,7.737864078
756,lin-41.csv,211028,Image_09,211028_Image_09,NA,DG5256_wDMP91,spn4_minus,Balancer_no_GFP,lin-41,2-cell,11831,396,3001,0.25365565,7.578282828
757,lin-41.csv,211028,Image_16,211028_Image_16,NA,DG5256_wDMP91,spn4_minus,Balancer_no_GFP,lin-41,2-cell,9984,246,1778,0.178084936,7.227642276
758,lin-41.csv,211029,Image_07,211029_Image_07,NA,DG5256_wDMP91,spn4_minus,Balancer_no_GFP,lin-41,2-cell,8679,165,1127,0.12985367,6.83030303
759,lin-41.csv,211029,Image_06,211029_Image_06_right,right,DG5256_wDMP91,spn4_minus,Balancer_no_GFP,lin-41,2-cell,8044,208,1592,0.197911487,7.653846154
760,lin-41.csv,211029,Image_06,211029_Image_06_left,left,DG5256_wDMP91,spn4_minus,Balancer_no_GFP,lin-41,2-cell,9549,313,2767,0.289768562,8.840255591
761,lin-41.csv,211029,Image_10,211029_Image_10,NA,DG5256_wDMP91,spn4_minus,Balancer_no_GFP,lin-41,2-cell,6809,160,1344,0.197385813,8.4
762,lin-41.csv,211028,Image_17,211028_Image_17,NA,DG5256_wDMP91,spn4_minus,Balancer_no_GFP,lin-41,4-cell,11050,412,3257,0.294751131,7.905339806
763,lin-41.csv,211029,Image_02,211029_Image_02,NA,DG5256_wDMP91,spn4_minus,Balancer_no_GFP,lin-41,4-cell,6497,159,1493,0.229798368,9.389937107
764,lin-41.csv,211029,Image_16,211029_Image_16,NA,DG5256_wDMP91,spn4_minus,Balancer_no_GFP,lin-41,4-cell,8791,188,1310,0.149016039,6.968085106
765,lin-41.csv,211029,Image_19,211029_Image_19,NA,DG5256_wDMP91,spn4_minus,Balancer_no_GFP,lin-41,4-cell,5880,101,665,0.113095238,6.584158416
766,lin-41.csv,211029,Image_20,211029_Image_20,NA,DG5256_wDMP91,spn4_minus,Balancer_no_GFP,lin-41,4-cell,8499,224,1781,0.209554065,7.950892857
767,lin-41.csv,211028,Image_01,211028_Image_01,NA,DG5256_wDMP91,spn4_plus,Balancer_GFP,lin-41,8-11-cell,1704,43,611,0.358568075,14.20930233
768,lin-41.csv,211028,Image_12,211028_Image_12,NA,DG5256_wDMP91,spn4_plus,Balancer_GFP,lin-41,8-11-cell,631,12,160,0.253565769,13.33333333
769,lin-41.csv,211028,Image_18,211028_Image_18,NA,DG5256_wDMP91,spn4_plus,Balancer_GFP,lin-41,8-11-cell,2185,54,879,0.40228833,16.27777778
770,lin-41.csv,211028,Image_22,211028_Image_22,NA,DG5256_wDMP91,spn4_plus,Balancer_GFP,lin-41,8-11-cell,829,14,232,0.279855247,16.57142857
771,lin-41.csv,211029,Image_05,211029_Image_05,NA,DG5256_wDMP91,spn4_plus,Balancer_GFP,lin-41,8-11-cell,856,18,263,0.307242991,14.61111111
772,lin-41.csv,211029,Image_08,211029_Image_08,NA,DG5256_wDMP91,spn4_plus,Balancer_GFP,lin-41,8-11-cell,492,9,77,0.156504065,8.555555556
773,lin-41.csv,211029,Image_13,211029_Image_13,NA,DG5256_wDMP91,spn4_plus,Balancer_GFP,lin-41,8-11-cell,1014,18,349,0.34418146,19.38888889
774,lin-41.csv,211029,Image_17,211029_Image_17,NA,DG5256_wDMP91,spn4_plus,Balancer_GFP,lin-41,8-11-cell,1177,29,379,0.322005098,13.06896552
775,lin-41.csv,211028,Image_03,211028_Image_03,NA,DG5256_wDMP91,spn4_minus,Balancer_no_GFP,lin-41,8-11-cell,11510,405,3071,0.266811468,7.582716049
776,lin-41.csv,211028,Image_09,211028_Image_09,NA,DG5256_wDMP91,spn4_minus,Balancer_no_GFP,lin-41,8-11-cell,9654,398,3788,0.392376217,9.51758794
777,lin-41.csv,211029,Image_11,211029_Image_11,NA,DG5256_wDMP91,spn4_minus,Balancer_no_GFP,lin-41,8-11-cell,6104,136,1145,0.187581913,8.419117647
778,lin-41.csv,211028,Image_04,211028_Image_04,NA,DG5256_wDMP91,spn4_plus,Balancer_GFP,lin-41,12-15-cell,419,13,158,0.377088305,12.15384615
779,lin-41.csv,211028,Image_07,211028_Image_07,NA,DG5256_wDMP91,spn4_plus,Balancer_GFP,lin-41,12-15-cell,503,13,197,0.391650099,15.15384615
780,lin-41.csv,211028,Image_15,211028_Image_15,NA,DG5256_wDMP91,spn4_plus,Balancer_GFP,lin-41,12-15-cell,419,13,215,0.513126492,16.53846154
781,lin-41.csv,211028,Image_21,211028_Image_21,NA,DG5256_wDMP91,spn4_plus,Balancer_GFP,lin-41,12-15-cell,331,6,61,0.18429003,10.16666667
782,lin-41.csv,211029,Image_03,211029_Image_03,NA,DG5256_wDMP91,spn4_plus,Balancer_GFP,lin-41,12-15-cell,283,7,88,0.310954064,12.57142857
783,lin-41.csv,211029,Image_07,211029_Image_07,NA,DG5256_wDMP91,spn4_plus,Balancer_GFP,lin-41,12-15-cell,607,10,156,0.257001647,15.6
784,lin-41.csv,211029,Image_09,211029_Image_09,NA,DG5256_wDMP91,spn4_plus,Balancer_GFP,lin-41,12-15-cell,262,7,63,0.240458015,9
785,lin-41.csv,211029,Image_12,211029_Image_12,NA,DG5256_wDMP91,spn4_plus,Balancer_GFP,lin-41,12-15-cell,311,8,107,0.344051447,13.375
786,lin-41.csv,211028,Image_22,211028_Image_22,NA,DG5256_wDMP91,spn4_minus,Balancer_no_GFP,lin-41,12-15-cell,11243,358,2645,0.235257494,7.388268156
787,lin-41.csv,211029,Image_01,211029_Image_01,NA,DG5256_wDMP91,spn4_minus,Balancer_no_GFP,lin-41,12-15-cell,9645,234,1765,0.182996371,7.542735043
788,lin-41.csv,211029,Image_03,211029_Image_03,NA,DG5256_wDMP91,spn4_minus,Balancer_no_GFP,lin-41,12-15-cell,6884,184,1608,0.233585125,8.739130435
789,lin-41.csv,211029,Image_04,211029_Image_04,NA,DG5256_wDMP91,spn4_minus,Balancer_no_GFP,lin-41,12-15-cell,8029,188,1278,0.159172998,6.79787234
790,lin-41.csv,211028,Image_19,211028_Image_19,NA,DG5256_wDMP91,spn4_plus,Balancer_GFP,lin-41,16-28-cell,202,2,106,0.524752475,53
791,lin-41.csv,211028,Image_23,211028_Image_23,NA,DG5256_wDMP91,spn4_plus,Balancer_GFP,lin-41,16-28-cell,162,2,78,0.481481481,39
792,lin-41.csv,211029,Image_05,211029_Image_05,NA,DG5256_wDMP91,spn4_plus,Balancer_GFP,lin-41,16-28-cell,215,5,102,0.474418605,20.4
793,lin-41.csv,211029,Image_13,211029_Image_13,NA,DG5256_wDMP91,spn4_plus,Balancer_GFP,lin-41,16-28-cell,53,1,7,0.132075472,7
794,lin-41.csv,211029,Image_14,211029_Image_14,NA,DG5256_wDMP91,spn4_plus,Balancer_GFP,lin-41,16-28-cell,157,3,38,0.242038217,12.66666667
795,lin-41.csv,211029,Image_16,211029_Image_16,NA,DG5256_wDMP91,spn4_plus,Balancer_GFP,lin-41,16-28-cell,108,1,42,0.388888889,42
796,lin-41.csv,211029,Image_17,211029_Image_17,NA,DG5256_wDMP91,spn4_plus,Balancer_GFP,lin-41,16-28-cell,98,1,27,0.275510204,27
797,lin-41.csv,211029,Image_18,211029_Image_18,NA,DG5256_wDMP91,spn4_plus,Balancer_GFP,lin-41,16-28-cell,151,5,66,0.437086093,13.2
798,lin-41.csv,211028,Image_06,211028_Image_06,NA,DG5256_wDMP91,spn4_minus,Balancer_no_GFP,lin-41,16-28-cell,3765,125,911,0.241965471,7.288
799,lin-41.csv,211028,Image_10,211028_Image_10,NA,DG5256_wDMP91,spn4_minus,Balancer_no_GFP,lin-41,16-28-cell,9951,333,2578,0.25906944,7.741741742
800,lin-41.csv,211028,Image_16,211028_Image_16,NA,DG5256_wDMP91,spn4_minus,Balancer_no_GFP,lin-41,16-28-cell,6006,186,1563,0.26023976,8.403225806
801,lin-41.csv,211028,Image_20,211028_Image_20,NA,DG5256_wDMP91,spn4_minus,Balancer_no_GFP,lin-41,16-28-cell,11993,363,2886,0.240640374,7.950413223
802,lin-41.csv,210718,Image_05,210718_Image_05_bottom_right,bottom,N2,spn4_wt,N2,lin-41,4-cell,1510,50,447,0.29602649,8.94
803,lin-41.csv,210718,Image_05,210718_Image_05_upper_left,upper,N2,spn4_wt,N2,lin-41,4-cell,1336,24,204,0.152694611,8.5
804,lin-41.csv,210718,Image_06,210718_Image_06,NA,N2,spn4_wt,N2,lin-41,4-cell,908,23,143,0.157488987,6.217391304
805,lin-41.csv,210718,Image_10,210718_Image_10,NA,N2,spn4_wt,N2,lin-41,4-cell,1486,26,196,0.131897712,7.538461538
806,lin-41.csv,210718,Image_01,210718_Image_01,NA,N2,spn4_wt,N2,lin-41,8-11-cell,283,3,19,0.067137809,6.333333333
807,lin-41.csv,210718,Image_07,210718_Image_07,NA,N2,spn4_wt,N2,lin-41,8-11-cell,371,7,56,0.150943396,8
808,lin-41.csv,210718,Image_09,210718_Image_09,NA,N2,spn4_wt,N2,lin-41,8-11-cell,395,5,27,0.06835443,5.4
809,lin-41.csv,210718,Image_02,210718_Image_02_left,left,N2,spn4_wt,N2,lin-41,12-15-cell,171,5,40,0.233918129,8
810,lin-41.csv,210718,Image_02,210718_Image_02_right,right,N2,spn4_wt,N2,lin-41,12-15-cell,147,0,0,0,0
811,lin-41.csv,210718,Image_04,210718_Image_04,NA,N2,spn4_wt,N2,lin-41,12-15-cell,250,1,5,0.02,5
812,lin-41.csv,210718,Image_05,210718_Image_05_bottom_left,bottom,N2,spn4_wt,N2,lin-41,12-15-cell,146,4,34,0.232876712,8.5
813,lin-41.csv,210718,Image_05,210718_Image_05_upper_right,upper,N2,spn4_wt,N2,lin-41,12-15-cell,164,0,0,0,0
814,lin-41.csv,210718,Image_03,210718_Image_03_bottom,bottom,N2,spn4_wt,N2,lin-41,16-28-cell,58,0,0,0,0
815,lin-41.csv,210718,Image_03,210718_Image_03_top,top,N2,spn4_wt,N2,lin-41,16-28-cell,93,1,10,0.107526882,10
816,lin-41.csv,210718,Image_04,210718_Image_04,NA,N2,spn4_wt,N2,lin-41,16-28-cell,177,2,13,0.073446328,6.5
817,lin-41.csv,210718,Image_11,210718_Image_11,NA,N2,spn4_wt,N2,lin-41,16-28-cell,100,1,5,0.05,5
818,lin-41.csv,211028,Image_01,211028_Image_01,NA,N2,spn4_wt,N2,lin-41,2-cell,1681,7,39,0.023200476,5.571428571
819,lin-41.csv,211028,Image_02,211028_Image_02,NA,N2,spn4_wt,N2,lin-41,2-cell,5369,78,510,0.094989756,6.538461538
820,lin-41.csv,211028,Image_05,211028_Image_05,NA,N2,spn4_wt,N2,lin-41,2-cell,3643,57,403,0.110623113,7.070175439
821,lin-41.csv,211028,Image_09,211028_Image_09,NA,N2,spn4_wt,N2,lin-41,2-cell,4573,69,433,0.094686202,6.275362319
822,lin-41.csv,211028,Image_10,211028_Image_10,NA,N2,spn4_wt,N2,lin-41,2-cell,1055,7,43,0.040758294,6.142857143
823,lin-41.csv,211028,Image_11,211028_Image_11,NA,N2,spn4_wt,N2,lin-41,2-cell,2329,16,90,0.038643195,5.625
824,lin-41.csv,211029,Image_01,211029_Image_01,NA,N2,spn4_wt,N2,lin-41,2-cell,1393,1,6,0.004307251,6
825,lin-41.csv,211029,Image_02,211029_Image_02,NA,N2,spn4_wt,N2,lin-41,2-cell,2281,5,27,0.011836914,5.4
826,lin-41.csv,211028,Image_08,211028_Image_08,NA,N2,spn4_wt,N2,lin-41,4-cell,588,11,89,0.151360544,8.090909091
827,lin-41.csv,211028,Image_11,211028_Image_11,NA,N2,spn4_wt,N2,lin-41,4-cell,542,6,56,0.103321033,9.333333333
828,lin-41.csv,211029,Image_06,211029_Image_06,NA,N2,spn4_wt,N2,lin-41,4-cell,456,3,29,0.063596491,9.666666667
829,lin-41.csv,211029,Image_08,211029_Image_08,NA,N2,spn4_wt,N2,lin-41,4-cell,907,12,81,0.089305402,6.75
830,lin-41.csv,211029,Image_01,211029_Image_01,NA,N2,spn4_wt,N2,lin-41,8-11-cell,880,22,255,0.289772727,11.59090909
831,lin-41.csv,211029,Image_07,211029_Image_07,NA,N2,spn4_wt,N2,lin-41,8-11-cell,544,14,106,0.194852941,7.571428571
832,lin-41.csv,211029,Image_09,211029_Image_09,NA,N2,spn4_wt,N2,lin-41,8-11-cell,481,7,56,0.116424116,8
833,lin-41.csv,211028,Image_07,211028_Image_07,NA,N2,spn4_wt,N2,lin-41,12-15-cell,341,6,58,0.170087977,9.666666667
834,lin-41.csv,211029,Image_03,211029_Image_03,NA,N2,spn4_wt,N2,lin-41,12-15-cell,157,0,0,0,0
835,lin-41.csv,211029,Image_04,211029_Image_04,NA,N2,spn4_wt,N2,lin-41,12-15-cell,167,3,18,0.107784431,6
836,lin-41.csv,211028,Image_04,211028_Image_04,NA,N2,spn4_wt,N2,lin-41,16-28-cell,58,0,0,0,0
837,lin-41.csv,211028,Image_06,211028_Image_06,NA,N2,spn4_wt,N2,lin-41,16-28-cell,134,2,14,0.104477612,7
838,lin-41.csv,211029,Image_03,211029_Image_03,NA,N2,spn4_wt,N2,lin-41,16-28-cell,115,2,17,0.147826087,8.5
839,lin-41.csv,211029,Image_05,211029_Image_05,NA,N2,spn4_wt,N2,lin-41,16-28-cell,52,2,10,0.192307692,5
840,mcm-2.csv,211113,Image_03,211113_Image_03,NA,DG5256_wDMP91,spn4_plus,Balancer_GFP,mcm-2,2-cell,9810,411,3269,0.333231397,7.95377129
841,mcm-2.csv,211113,Image_12,211113_Image_12,NA,DG5256_wDMP91,spn4_plus,Balancer_GFP,mcm-2,2-cell,8851,345,2949,0.333182691,8.547826087
842,mcm-2.csv,211113,Image_15,211113_Image_15,NA,DG5256_wDMP91,spn4_plus,Balancer_GFP,mcm-2,2-cell,8781,286,2108,0.240063774,7.370629371
843,mcm-2.csv,211113,Image_17,211113_Image_17,NA,DG5256_wDMP91,spn4_plus,Balancer_GFP,mcm-2,2-cell,8559,307,2447,0.285897885,7.970684039
844,mcm-2.csv,211109,Image_10,211109_Image_10,NA,DG5256_wDMP91,spn4_plus,Balancer_GFP,mcm-2,2-cell,9129,297,2489,0.272647607,8.38047138
845,mcm-2.csv,211109,Image_14,211109_Image_14,NA,DG5256_wDMP91,spn4_plus,Balancer_GFP,mcm-2,2-cell,9116,326,2699,0.296072839,8.279141104
846,mcm-2.csv,211109,Image_15,211109_Image_15,NA,DG5256_wDMP91,spn4_plus,Balancer_GFP,mcm-2,2-cell,9033,304,2380,0.263478357,7.828947368
847,mcm-2.csv,211109,Image_18,211109_Image_18,NA,DG5256_wDMP91,spn4_plus,Balancer_GFP,mcm-2,2-cell,7788,213,1690,0.217000514,7.9342723
848,mcm-2.csv,211113,Image_09,211113_Image_09,NA,DG5256_wDMP91,spn4_minus,Balancer_no_GFP,mcm-2,2-cell,8894,296,2206,0.248032381,7.452702703
849,mcm-2.csv,211113,Image_19,211113_Image_19,NA,DG5256_wDMP91,spn4_minus,Balancer_no_GFP,mcm-2,2-cell,8298,292,2441,0.294167269,8.359589041
850,mcm-2.csv,211113,Image_27,211113_Image_27,NA,DG5256_wDMP91,spn4_minus,Balancer_no_GFP,mcm-2,2-cell,8517,353,3472,0.407655278,9.835694051
851,mcm-2.csv,211113,Image_33,211113_Image_33,NA,DG5256_wDMP91,spn4_minus,Balancer_no_GFP,mcm-2,2-cell,8575,313,2481,0.289329446,7.926517572
852,mcm-2.csv,211109,Image_20,211109_Image_20,NA,DG5256_wDMP91,spn4_minus,Balancer_no_GFP,mcm-2,2-cell,8811,209,1551,0.176029963,7.421052632
853,mcm-2.csv,211109,Image_04,211109_Image_04,NA,DG5256_wDMP91,spn4_minus,Balancer_no_GFP,mcm-2,2-cell,9038,237,1626,0.179907059,6.860759494
854,mcm-2.csv,211109,Image_21,211109_Image_21,NA,DG5256_wDMP91,spn4_minus,Balancer_no_GFP,mcm-2,2-cell,8629,254,1902,0.220419516,7.488188976
855,mcm-2.csv,211109,Image_24,211109_Image_24,NA,DG5256_wDMP91,spn4_minus,Balancer_no_GFP,mcm-2,2-cell,5336,112,729,0.13661919,6.508928571
856,mcm-2.csv,211113,Image_01,211113_Image_01,NA,DG5256_wDMP91,spn4_plus,Balancer_GFP,mcm-2,4-cell,9618,349,2876,0.299022666,8.240687679
857,mcm-2.csv,211113,Image_04,211113_Image_04,NA,DG5256_wDMP91,spn4_plus,Balancer_GFP,mcm-2,4-cell,7872,288,2306,0.292936992,8.006944444
858,mcm-2.csv,211113,Image_11,211113_Image_11,NA,DG5256_wDMP91,spn4_plus,Balancer_GFP,mcm-2,4-cell,8397,284,2192,0.261045612,7.718309859
859,mcm-2.csv,211113,Image_17,211113_Image_17,NA,DG5256_wDMP91,spn4_plus,Balancer_GFP,mcm-2,4-cell,9255,259,1999,0.215991356,7.718146718
860,mcm-2.csv,211113,Image_20,211113_Image_20,NA,DG5256_wDMP91,spn4_plus,Balancer_GFP,mcm-2,4-cell,9611,366,3031,0.315367808,8.281420765
861,mcm-2.csv,211109,Image_13,211109_Image_13,NA,DG5256_wDMP91,spn4_plus,Balancer_GFP,mcm-2,4-cell,8689,260,1965,0.226148003,7.557692308
862,mcm-2.csv,211109,Image_17,211109_Image_17,NA,DG5256_wDMP91,spn4_plus,Balancer_GFP,mcm-2,4-cell,9285,274,2043,0.22003231,7.45620438
863,mcm-2.csv,211109,Image_23,211109_Image_23,NA,DG5256_wDMP91,spn4_plus,Balancer_GFP,mcm-2,4-cell,9530,320,2630,0.275970619,8.21875
864,mcm-2.csv,211109,Image_26,211109_Image_26,NA,DG5256_wDMP91,spn4_plus,Balancer_GFP,mcm-2,4-cell,8047,235,1858,0.230893501,7.906382979
865,mcm-2.csv,211109,Image_29,211109_Image_29,NA,DG5256_wDMP91,spn4_plus,Balancer_GFP,mcm-2,4-cell,9799,353,2841,0.289927544,8.04815864
866,mcm-2.csv,211113,Image_24,211113_Image_24,NA,DG5256_wDMP91,spn4_minus,Balancer_no_GFP,mcm-2,4-cell,8234,330,2747,0.333616711,8.324242424
867,mcm-2.csv,211113,Image_25,211113_Image_25,NA,DG5256_wDMP91,spn4_minus,Balancer_no_GFP,mcm-2,4-cell,9356,365,3429,0.366502779,9.394520548
868,mcm-2.csv,211113,Image_28,211113_Image_28,NA,DG5256_wDMP91,spn4_minus,Balancer_no_GFP,mcm-2,4-cell,9436,347,2901,0.307439593,8.360230548
869,mcm-2.csv,211113,Image_29,211113_Image_29,NA,DG5256_wDMP91,spn4_minus,Balancer_no_GFP,mcm-2,4-cell,8351,289,2341,0.280325709,8.100346021
870,mcm-2.csv,211109,Image_07,211109_Image_07,NA,DG5256_wDMP91,spn4_minus,Balancer_no_GFP,mcm-2,4-cell,5511,148,1142,0.20722192,7.716216216
871,mcm-2.csv,211109,Image_30,211109_Image_30,NA,DG5256_wDMP91,spn4_minus,Balancer_no_GFP,mcm-2,4-cell,9074,303,2315,0.255124532,7.640264026
872,mcm-2.csv,211109,Image_33,211109_Image_33,NA,DG5256_wDMP91,spn4_minus,Balancer_no_GFP,mcm-2,4-cell,4707,92,663,0.140854047,7.206521739
873,mcm-2.csv,211109,Image_34,211109_Image_34,NA,DG5256_wDMP91,spn4_minus,Balancer_no_GFP,mcm-2,4-cell,8121,156,1100,0.135451299,7.051282051
874,mcm-2.csv,211113,Image_08,211113_Image_08,NA,DG5256_wDMP91,spn4_plus,Balancer_GFP,mcm-2,8-11-cell,8309,308,2515,0.302683837,8.165584416
875,mcm-2.csv,211113,Image_16,211113_Image_16,NA,DG5256_wDMP91,spn4_plus,Balancer_GFP,mcm-2,8-11-cell,7877,277,2041,0.259108798,7.368231047
876,mcm-2.csv,211113,Image_21,211113_Image_21,NA,DG5256_wDMP91,spn4_plus,Balancer_GFP,mcm-2,8-11-cell,7997,285,2372,0.296611229,8.322807018
877,mcm-2.csv,211109,Image_12,211109_Image_12,NA,DG5256_wDMP91,spn4_plus,Balancer_GFP,mcm-2,8-11-cell,3874,63,381,0.098347961,6.047619048
878,mcm-2.csv,211109,Image_28,211109_Image_28,NA,DG5256_wDMP91,spn4_plus,Balancer_GFP,mcm-2,8-11-cell,9794,342,2977,0.303961609,8.704678363
879,mcm-2.csv,211109,Image_29,211109_Image_29,NA,DG5256_wDMP91,spn4_plus,Balancer_GFP,mcm-2,8-11-cell,3523,73,514,0.145898382,7.04109589
880,mcm-2.csv,211109,Image_32,211109_Image_32,NA,DG5256_wDMP91,spn4_plus,Balancer_GFP,mcm-2,8-11-cell,8388,224,1507,0.179661421,6.727678571
881,mcm-2.csv,211113,Image_13,211113_Image_13,NA,DG5256_wDMP91,spn4_minus,Balancer_no_GFP,mcm-2,8-11-cell,8837,332,2724,0.308249406,8.204819277
882,mcm-2.csv,211113,Image_23,211113_Image_23,NA,DG5256_wDMP91,spn4_minus,Balancer_no_GFP,mcm-2,8-11-cell,10346,388,3066,0.296346414,7.902061856
883,mcm-2.csv,211113,Image_31,211113_Image_31,NA,DG5256_wDMP91,spn4_minus,Balancer_no_GFP,mcm-2,8-11-cell,9463,370,3266,0.345133679,8.827027027
884,mcm-2.csv,211113,Image_32,211113_Image_32,NA,DG5256_wDMP91,spn4_minus,Balancer_no_GFP,mcm-2,8-11-cell,9416,339,2639,0.28026763,7.784660767
885,mcm-2.csv,211109,Image_22,211109_Image_22,NA,DG5256_wDMP91,spn4_minus,Balancer_no_GFP,mcm-2,8-11-cell,8343,222,1598,0.191537816,7.198198198
886,mcm-2.csv,211109,Image_33,211109_Image_33,NA,DG5256_wDMP91,spn4_minus,Balancer_no_GFP,mcm-2,8-11-cell,8397,170,1206,0.143622722,7.094117647
887,mcm-2.csv,211109,Image_36,211109_Image_36,NA,DG5256_wDMP91,spn4_minus,Balancer_no_GFP,mcm-2,8-11-cell,7724,203,1408,0.182288969,6.935960591
888,mcm-2.csv,211109,Image_37,211109_Image_37,NA,DG5256_wDMP91,spn4_minus,Balancer_no_GFP,mcm-2,8-11-cell,8899,295,2339,0.262838521,7.928813559
889,mcm-2.csv,211113,Image_01,211113_Image_01,NA,DG5256_wDMP91,spn4_plus,Balancer_GFP,mcm-2,12-15-cell,8723,342,2909,0.333486186,8.505847953
890,mcm-2.csv,211113,Image_05,211113_Image_05,NA,DG5256_wDMP91,spn4_plus,Balancer_GFP,mcm-2,12-15-cell,9035,335,2565,0.28389596,7.656716418
891,mcm-2.csv,211113,Image_07,211113_Image_07,NA,DG5256_wDMP91,spn4_plus,Balancer_GFP,mcm-2,12-15-cell,9598,387,2920,0.304230048,7.545219638
892,mcm-2.csv,211113,Image_10,211113_Image_10,NA,DG5256_wDMP91,spn4_plus,Balancer_GFP,mcm-2,12-15-cell,8775,225,1562,0.178005698,6.942222222
893,mcm-2.csv,211109,Image_02,211109_Image_02,NA,DG5256_wDMP91,spn4_plus,Balancer_GFP,mcm-2,12-15-cell,9584,292,2277,0.237583472,7.797945205
894,mcm-2.csv,211109,Image_05,211109_Image_05,NA,DG5256_wDMP91,spn4_plus,Balancer_GFP,mcm-2,12-15-cell,8288,156,1071,0.129222973,6.865384615
895,mcm-2.csv,211109,Image_12,211109_Image_12,NA,DG5256_wDMP91,spn4_plus,Balancer_GFP,mcm-2,12-15-cell,3097,56,351,0.113335486,6.267857143
896,mcm-2.csv,211109,Image_31,211109_Image_31,NA,DG5256_wDMP91,spn4_plus,Balancer_GFP,mcm-2,12-15-cell,8601,249,1772,0.206022556,7.116465863
897,mcm-2.csv,211113,Image_02,211113_Image_02,NA,DG5256_wDMP91,spn4_minus,Balancer_no_GFP,mcm-2,12-15-cell,6588,210,1634,0.248026715,7.780952381
898,mcm-2.csv,211113,Image_26,211113_Image_26,NA,DG5256_wDMP91,spn4_minus,Balancer_no_GFP,mcm-2,12-15-cell,9875,377,3477,0.352101266,9.222811671
899,mcm-2.csv,211113,Image_27,211113_Image_27,NA,DG5256_wDMP91,spn4_minus,Balancer_no_GFP,mcm-2,12-15-cell,7686,317,2829,0.368071819,8.924290221
900,mcm-2.csv,211113,Image_30,211113_Image_30,NA,DG5256_wDMP91,spn4_minus,Balancer_no_GFP,mcm-2,12-15-cell,7959,294,2361,0.296645307,8.030612245
901,mcm-2.csv,211109,Image_08,211109_Image_08,NA,DG5256_wDMP91,spn4_minus,Balancer_no_GFP,mcm-2,12-15-cell,8678,206,1490,0.171698548,7.233009709
902,mcm-2.csv,211109,Image_09,211109_Image_09,NA,DG5256_wDMP91,spn4_minus,Balancer_no_GFP,mcm-2,12-15-cell,7916,201,1387,0.175214755,6.900497512
903,mcm-2.csv,211109,Image_27,211109_Image_27,NA,DG5256_wDMP91,spn4_minus,Balancer_no_GFP,mcm-2,12-15-cell,4077,91,631,0.154770665,6.934065934
904,mcm-2.csv,211109,Image_35,211109_Image_35,NA,DG5256_wDMP91,spn4_minus,Balancer_no_GFP,mcm-2,12-15-cell,7725,184,1353,0.175145631,7.35326087
905,mcm-2.csv,211113,Image_02,211113_Image_02,NA,DG5256_wDMP91,spn4_plus,Balancer_GFP,mcm-2,16-28-cell,8710,343,2851,0.327324914,8.311953353
906,mcm-2.csv,211113,Image_06,211113_Image_06,NA,DG5256_wDMP91,spn4_plus,Balancer_GFP,mcm-2,16-28-cell,8519,280,2051,0.240755957,7.325
907,mcm-2.csv,211109,Image_01,211109_Image_01,NA,DG5256_wDMP91,spn4_plus,Balancer_GFP,mcm-2,16-28-cell,7014,179,1302,0.185628743,7.273743017
908,mcm-2.csv,211109,Image_06,211109_Image_06,NA,DG5256_wDMP91,spn4_plus,Balancer_GFP,mcm-2,16-28-cell,9122,281,2079,0.227910546,7.398576512
909,mcm-2.csv,211109,Image_16,211109_Image_16,NA,DG5256_wDMP91,spn4_plus,Balancer_GFP,mcm-2,16-28-cell,8471,227,1641,0.19371975,7.22907489
910,mcm-2.csv,211109,Image_24,211109_Image_24,NA,DG5256_wDMP91,spn4_plus,Balancer_GFP,mcm-2,16-28-cell,7966,180,1267,0.159050967,7.038888889
911,mcm-2.csv,211109,Image_25,211109_Image_25,NA,DG5256_wDMP91,spn4_plus,Balancer_GFP,mcm-2,16-28-cell,8136,222,1635,0.200958702,7.364864865
912,mcm-2.csv,211113,Image_14,211113_Image_14,NA,DG5256_wDMP91,spn4_minus,Balancer_no_GFP,mcm-2,16-28-cell,8766,299,2345,0.267510837,7.842809365
913,mcm-2.csv,211113,Image_18,211113_Image_18_lower_right,lower,DG5256_wDMP91,spn4_minus,Balancer_no_GFP,mcm-2,16-28-cell,8775,296,2188,0.249344729,7.391891892
914,mcm-2.csv,211113,Image_18,211113_Image_18_upper_left,upper,DG5256_wDMP91,spn4_minus,Balancer_no_GFP,mcm-2,16-28-cell,6928,193,1406,0.202944573,7.284974093
915,mcm-2.csv,211113,Image_22,211113_Image_22,NA,DG5256_wDMP91,spn4_minus,Balancer_no_GFP,mcm-2,16-28-cell,8369,269,2061,0.246265982,7.661710037
916,mcm-2.csv,211109,Image_03,211109_Image_03,NA,DG5256_wDMP91,spn4_minus,Balancer_no_GFP,mcm-2,16-28-cell,8348,239,1780,0.213224724,7.447698745
917,mcm-2.csv,211109,Image_11,211109_Image_11,NA,DG5256_wDMP91,spn4_minus,Balancer_no_GFP,mcm-2,16-28-cell,8034,205,1496,0.186208613,7.297560976
918,mcm-2.csv,211109,Image_16,211109_Image_16,NA,DG5256_wDMP91,spn4_minus,Balancer_no_GFP,mcm-2,16-28-cell,7809,224,1538,0.196952235,6.866071429
919,mcm-2.csv,211109,Image_19,211109_Image_19,NA,DG5256_wDMP91,spn4_minus,Balancer_no_GFP,mcm-2,16-28-cell,6510,150,1044,0.160368664,6.96
920,mcm-2.csv,211109,Image_25,211109_Image_25,NA,DG5256_wDMP91,spn4_minus,Balancer_no_GFP,mcm-2,16-28-cell,7613,200,1403,0.18429003,7.015
921,mcm-2.csv,211109,Image_05,211109_Image_05,NA,N2,spn4_wt,N2,mcm-2,4-cell,8041,305,3535,0.439621938,11.59016393
922,mcm-2.csv,211109,Image_06,211109_Image_06,NA,N2,spn4_wt,N2,mcm-2,4-cell,9969,385,3797,0.38088073,9.862337662
923,mcm-2.csv,211109,Image_07,211109_Image_07,NA,N2,spn4_wt,N2,mcm-2,4-cell,8099,185,1314,0.162242252,7.102702703
924,mcm-2.csv,211109,Image_10,211109_Image_10,NA,N2,spn4_wt,N2,mcm-2,4-cell,9611,386,4349,0.452502341,11.26683938
925,mcm-2.csv,211113,Image_02,211113_Image_02,NA,N2,spn4_wt,N2,mcm-2,4-cell,10128,421,3931,0.388131912,9.337292162
926,mcm-2.csv,211113,Image_03,211113_Image_03,NA,N2,spn4_wt,N2,mcm-2,4-cell,8635,314,2443,0.282918356,7.780254777
927,mcm-2.csv,211113,Image_08,211113_Image_08,NA,N2,spn4_wt,N2,mcm-2,4-cell,9953,319,2475,0.248668743,7.75862069
928,mcm-2.csv,211113,Image_09,211113_Image_09,NA,N2,spn4_wt,N2,mcm-2,4-cell,9896,341,2616,0.264349232,7.671554252
929,mcm-2.csv,211109,Image_07,211109_Image_07,NA,N2,spn4_wt,N2,mcm-2,16-28-cell,8532,270,1991,0.233356774,7.374074074
930,mcm-2.csv,211109,Image_08,211109_Image_08,NA,N2,spn4_wt,N2,mcm-2,16-28-cell,7678,218,1579,0.205652514,7.243119266
931,mcm-2.csv,211109,Image_09,211109_Image_09,NA,N2,spn4_wt,N2,mcm-2,16-28-cell,6137,157,1087,0.177122372,6.923566879
932,mcm-2.csv,211109,Image_11,211109_Image_11,NA,N2,spn4_wt,N2,mcm-2,16-28-cell,5738,154,1017,0.177239456,6.603896104
933,mcm-2.csv,211113,Image_05,211113_Image_05,NA,N2,spn4_wt,N2,mcm-2,16-28-cell,8074,248,1780,0.220460738,7.177419355
934,mcm-2.csv,211113,Image_06,211113_Image_06,NA,N2,spn4_wt,N2,mcm-2,16-28-cell,8708,338,3092,0.355075792,9.147928994
935,mcm-2.csv,211113,Image_07,211113_Image_07,NA,N2,spn4_wt,N2,mcm-2,16-28-cell,8878,372,2922,0.329128182,7.85483871
936,mcm-2.csv,211113,Image_08,211113_Image_08,NA,N2,spn4_wt,N2,mcm-2,16-28-cell,7242,242,1796,0.247997791,7.421487603
937,mcm-2.csv,211109,Image_04,211109_Image_04,NA,N2,spn4_wt,N2,mcm-2,12-15-cell,4221,132,1025,0.242833452,7.765151515
938,mcm-2.csv,211109,Image_12,211109_Image_12,NA,N2,spn4_wt,N2,mcm-2,12-15-cell,7240,222,1739,0.24019337,7.833333333
939,mcm-2.csv,211109,Image_15,211109_Image_15,NA,N2,spn4_wt,N2,mcm-2,12-15-cell,8633,333,2936,0.340090351,8.816816817
940,mcm-2.csv,211109,Image_17,211109_Image_17,NA,N2,spn4_wt,N2,mcm-2,12-15-cell,9146,285,2107,0.230373934,7.392982456
941,mcm-2.csv,211113,Image_01,211113_Image_01,NA,N2,spn4_wt,N2,mcm-2,12-15-cell,9047,296,2151,0.237758373,7.266891892
942,mcm-2.csv,211113,Image_04,211113_Image_04,NA,N2,spn4_wt,N2,mcm-2,12-15-cell,9502,385,3082,0.324352768,8.005194805
943,mcm-2.csv,211113,Image_06,211113_Image_06,NA,N2,spn4_wt,N2,mcm-2,12-15-cell,9260,318,2373,0.256263499,7.462264151
944,mcm-2.csv,211113,Image_07,211113_Image_07,NA,N2,spn4_wt,N2,mcm-2,12-15-cell,8119,264,2176,0.268013302,8.242424242
945,mcm-2.csv,211109,Image_01,211109_Image_01,NA,N2,spn4_wt,N2,mcm-2,8-11-cell,7083,274,2365,0.333898066,8.631386861
946,mcm-2.csv,211109,Image_18,211109_Image_18,NA,N2,spn4_wt,N2,mcm-2,8-11-cell,6427,173,1353,0.210518127,7.820809249
947,mcm-2.csv,211109,Image_03,211109_Image_03,NA,N2,spn4_wt,N2,mcm-2,8-11-cell,7724,296,2385,0.308777835,8.057432432
948,mcm-2.csv,211109,Image_19,211109_Image_19,NA,N2,spn4_wt,N2,mcm-2,8-11-cell,7711,264,2176,0.282194268,8.242424242
949,mcm-2.csv,211113,Image_02,211113_Image_02,NA,N2,spn4_wt,N2,mcm-2,8-11-cell,10933,466,4028,0.368425867,8.643776824
950,mcm-2.csv,211113,Image_03,211113_Image_03,NA,N2,spn4_wt,N2,mcm-2,8-11-cell,9279,335,2608,0.28106477,7.785074627
951,mcm-2.csv,211113,Image_04,211113_Image_04,NA,N2,spn4_wt,N2,mcm-2,8-11-cell,10632,452,4008,0.376975169,8.867256637
952,mcm-2.csv,211113,Image_05,211113_Image_05,NA,N2,spn4_wt,N2,mcm-2,8-11-cell,8965,334,2608,0.290909091,7.808383234
953,mcm-2.csv,211109,Image_02,211109_Image_02,NA,N2,spn4_wt,N2,mcm-2,2-cell,8308,289,2659,0.320052961,9.200692042
954,mcm-2.csv,211109,Image_13,211109_Image_13,NA,N2,spn4_wt,N2,mcm-2,2-cell,8927,344,3048,0.341436093,8.860465116
955,mcm-2.csv,211109,Image_16,211109_Image_16,NA,N2,spn4_wt,N2,mcm-2,2-cell,8641,316,2658,0.307603287,8.411392405
956,mcm-2.csv,211109,Image_14,211109_Image_14,NA,N2,spn4_wt,N2,mcm-2,2-cell,8629,313,3010,0.348823734,9.616613419
957,mcm-2.csv,211113,Image_01,211113_Image_01,NA,N2,spn4_wt,N2,mcm-2,2-cell,9238,347,2780,0.300930937,8.011527378
958,mcm-2.csv,211113,Image_02,211113_Image_02,NA,N2,spn4_wt,N2,mcm-2,2-cell,10560,410,3391,0.321117424,8.270731707
959,mcm-2.csv,211113,Image_05,211113_Image_05,NA,N2,spn4_wt,N2,mcm-2,2-cell,7726,247,1989,0.257442402,8.052631579
960,mcm-2.csv,211113,Image_06,211113_Image_06,NA,N2,spn4_wt,N2,mcm-2,2-cell,10066,406,3254,0.323266441,8.014778325
961,mex-5.csv,211105,Image_21,211105_Image_21,NA,DG5256_wDMP91,spn4_plus,Balancer_GFP,mex-5,8-11-cell,17319,500,9609,0.554824182,19.218
962,mex-5.csv,211105,Image_24,211105_Image_24,NA,DG5256_wDMP91,spn4_plus,Balancer_GFP,mex-5,8-11-cell,13742,493,7115,0.517755785,14.43204868
963,mex-5.csv,211105,Image_25,211105_Image_25,NA,DG5256_wDMP91,spn4_plus,Balancer_GFP,mex-5,8-11-cell,9315,413,5430,0.582930757,13.14769976
964,mex-5.csv,211105,Image_27,211105_Image_27,NA,DG5256_wDMP91,spn4_plus,Balancer_GFP,mex-5,8-11-cell,7085,287,3064,0.43246295,10.67595819
965,mex-5.csv,211105,Image_33,211105_Image_33,NA,DG5256_wDMP91,spn4_plus,Balancer_GFP,mex-5,8-11-cell,11609,451,6422,0.553191489,14.23946785
966,mex-5.csv,211105,Image_36,211105_Image_36,NA,DG5256_wDMP91,spn4_plus,Balancer_GFP,mex-5,8-11-cell,15604,592,8689,0.556844399,14.67736486
967,mex-5.csv,211105,Image_01,211105_Image_01,NA,DG5256_wDMP91,spn4_plus,Balancer_GFP,mex-5,8-11-cell,5603,168,1529,0.272889523,9.101190476
968,mex-5.csv,211109,Image_07,211109_Image_07,NA,DG5256_wDMP91,spn4_plus,Balancer_GFP,mex-5,8-11-cell,11769,451,6707,0.569886991,14.8713969
969,mex-5.csv,211105,Image_16,211105_Image_16,NA,DG5256_wDMP91,spn4_plus,Balancer_GFP,mex-5,2-cell,20618,774,10530,0.510718789,13.60465116
970,mex-5.csv,211105,Image_12,211105_Image_12,NA,DG5256_wDMP91,spn4_plus,Balancer_GFP,mex-5,2-cell,19005,637,11299,0.594527756,17.73783359
971,mex-5.csv,211105,Image_24,211105_Image_24,NA,DG5256_wDMP91,spn4_plus,Balancer_GFP,mex-5,2-cell,20949,666,12798,0.610912215,19.21621622
972,mex-5.csv,211105,Image_25,211105_Image_25,NA,DG5256_wDMP91,spn4_plus,Balancer_GFP,mex-5,2-cell,16788,605,9937,0.591910889,16.42479339
973,mex-5.csv,211109,Image_01,211109_Image_01,NA,DG5256_wDMP91,spn4_plus,Balancer_GFP,mex-5,2-cell,21718,864,11122,0.512109771,12.87268519
974,mex-5.csv,211109,Image_02,211109_Image_02,NA,DG5256_wDMP91,spn4_plus,Balancer_GFP,mex-5,2-cell,17570,638,8614,0.490267501,13.5015674
975,mex-5.csv,211109,Image_10,211109_Image_10,NA,DG5256_wDMP91,spn4_plus,Balancer_GFP,mex-5,2-cell,21514,849,11604,0.539369713,13.66784452
976,mex-5.csv,211109,Image_11,211109_Image_11,NA,DG5256_wDMP91,spn4_plus,Balancer_GFP,mex-5,2-cell,21154,830,10612,0.501654533,12.78554217
977,mex-5.csv,211105,Image_07,211105_Image_07,NA,DG5256_wDMP91,spn4_minus,Balancer_no_GFP,mex-5,2-cell,17606,685,9722,0.552198114,14.19270073
978,mex-5.csv,211105,Image_09,211105_Image_09,NA,DG5256_wDMP91,spn4_minus,Balancer_no_GFP,mex-5,2-cell,21237,863,11550,0.543862127,13.38354577
979,mex-5.csv,211105,Image_19,211105_Image_19,NA,DG5256_wDMP91,spn4_minus,Balancer_no_GFP,mex-5,2-cell,15250,485,6357,0.416852459,13.10721649
980,mex-5.csv,211105,Image_23,211105_Image_23,NA,DG5256_wDMP91,spn4_minus,Balancer_no_GFP,mex-5,2-cell,18358,726,9917,0.540200458,13.65977961
981,mex-5.csv,211109,Image_09,211109_Image_09,NA,DG5256_wDMP91,spn4_minus,Balancer_no_GFP,mex-5,2-cell,21477,929,12419,0.578246496,13.36813778
982,mex-5.csv,211109,Image_21,211109_Image_21,NA,DG5256_wDMP91,spn4_minus,Balancer_no_GFP,mex-5,2-cell,21684,909,12420,0.572772551,13.66336634
983,mex-5.csv,211109,Image_25,211109_Image_25,NA,DG5256_wDMP91,spn4_minus,Balancer_no_GFP,mex-5,2-cell,19133,717,9894,0.517117023,13.79916318
984,mex-5.csv,211109,Image_26,211109_Image_26,NA,DG5256_wDMP91,spn4_minus,Balancer_no_GFP,mex-5,2-cell,16937,630,9118,0.538347996,14.47301587
985,mex-5.csv,211105,Image_34,211105_Image_34,NA,DG5256_wDMP91,spn4_plus,Balancer_GFP,mex-5,4-cell,17896,598,10693,0.597507823,17.8812709
986,mex-5.csv,211105,Image_35,211105_Image_35,NA,DG5256_wDMP91,spn4_plus,Balancer_GFP,mex-5,4-cell,19247,745,10705,0.556190575,14.36912752
987,mex-5.csv,211105,Image_36,211105_Image_36,NA,DG5256_wDMP91,spn4_plus,Balancer_GFP,mex-5,4-cell,18151,671,10537,0.58051898,15.70342772
988,mex-5.csv,211105,Image_38,211105_Image_38,NA,DG5256_wDMP91,spn4_plus,Balancer_GFP,mex-5,4-cell,18142,583,10571,0.582681072,18.13207547
989,mex-5.csv,211109,Image_04,211109_Image_04,NA,DG5256_wDMP91,spn4_plus,Balancer_GFP,mex-5,4-cell,14695,485,8384,0.570534195,17.28659794
990,mex-5.csv,211109,Image_15,211109_Image_15,NA,DG5256_wDMP91,spn4_plus,Balancer_GFP,mex-5,4-cell,14941,570,6224,0.416571849,10.91929825
991,mex-5.csv,211109,Image_18,211109_Image_18,NA,DG5256_wDMP91,spn4_plus,Balancer_GFP,mex-5,4-cell,14371,513,8234,0.572959432,16.05068226
992,mex-5.csv,211109,Image_20,211109_Image_20,NA,DG5256_wDMP91,spn4_plus,Balancer_GFP,mex-5,4-cell,19531,647,11942,0.611438226,18.45749614
993,mex-5.csv,211105,Image_12,211105_Image_12,NA,DG5256_wDMP91,spn4_minus,Balancer_no_GFP,mex-5,4-cell,22058,868,12478,0.565690452,14.37557604
994,mex-5.csv,211105,Image_29,211105_Image_29,NA,DG5256_wDMP91,spn4_minus,Balancer_no_GFP,mex-5,4-cell,16058,547,7481,0.465873708,13.67641682
995,mex-5.csv,211105,Image_37,211105_Image_37,NA,DG5256_wDMP91,spn4_minus,Balancer_no_GFP,mex-5,4-cell,5876,93,638,0.108577263,6.860215054
996,mex-5.csv,211105,Image_39,211105_Image_39,NA,DG5256_wDMP91,spn4_minus,Balancer_no_GFP,mex-5,4-cell,23536,925,12301,0.522646159,13.29837838
997,mex-5.csv,211105,Image_40,211105_Image_40,NA,DG5256_wDMP91,spn4_minus,Balancer_no_GFP,mex-5,4-cell,19919,776,10409,0.522566394,13.41365979
998,mex-5.csv,211109,Image_16,211109_Image_16,NA,DG5256_wDMP91,spn4_minus,Balancer_no_GFP,mex-5,4-cell,22823,836,12480,0.546816808,14.92822967
999,mex-5.csv,211109,Image_19,211109_Image_19,NA,DG5256_wDMP91,spn4_minus,Balancer_no_GFP,mex-5,4-cell,20485,771,13052,0.637149134,16.92866407
1000,mex-5.csv,211109,Image_24,211109_Image_24,NA,DG5256_wDMP91,spn4_minus,Balancer_no_GFP,mex-5,4-cell,20842,685,11662,0.55954323,17.02481752
1001,mex-5.csv,211109,Image_28,211109_Image_28,NA,DG5256_wDMP91,spn4_minus,Balancer_no_GFP,mex-5,4-cell,11978,454,6424,0.53631658,14.14977974
1002,mex-5.csv,211105,Image_03,211105_Image_03,NA,DG5256_wDMP91,spn4_minus,Balancer_no_GFP,mex-5,8-11-cell,19294,748,11029,0.571628486,14.74465241
1003,mex-5.csv,211105,Image_30,211105_Image_30,NA,DG5256_wDMP91,spn4_minus,Balancer_no_GFP,mex-5,8-11-cell,20824,818,11375,0.546244718,13.90586797
1004,mex-5.csv,211105,Image_04,211105_Image_04,NA,DG5256_wDMP91,spn4_minus,Balancer_no_GFP,mex-5,8-11-cell,18709,703,10582,0.565610134,15.05263158
1005,mex-5.csv,211105,Image_31,211105_Image_31,NA,DG5256_wDMP91,spn4_minus,Balancer_no_GFP,mex-5,8-11-cell,12918,530,6144,0.47561542,11.59245283
1006,mex-5.csv,211105,Image_37,211105_Image_37,NA,DG5256_wDMP91,spn4_minus,Balancer_no_GFP,mex-5,8-11-cell,23616,857,12969,0.549161585,15.13302217
1007,mex-5.csv,211109,Image_13,211109_Image_13,NA,DG5256_wDMP91,spn4_minus,Balancer_no_GFP,mex-5,8-11-cell,21107,729,11218,0.531482447,15.38820302
1008,mex-5.csv,211109,Image_17,211109_Image_17,NA,DG5256_wDMP91,spn4_minus,Balancer_no_GFP,mex-5,8-11-cell,21485,798,12568,0.584966256,15.74937343
1009,mex-5.csv,211109,Image_23,211109_Image_23,NA,DG5256_wDMP91,spn4_minus,Balancer_no_GFP,mex-5,8-11-cell,19652,663,11645,0.592560554,17.56410256
1010,mex-5.csv,211109,Image_27,211109_Image_27,NA,DG5256_wDMP91,spn4_minus,Balancer_no_GFP,mex-5,8-11-cell,14222,491,8402,0.590774856,17.11201629
1011,mex-5.csv,211105,Image_10,211105_Image_10,NA,DG5256_wDMP91,spn4_plus,Balancer_GFP,mex-5,12-15-cell,5195,143,2843,0.547256978,19.88111888
1012,mex-5.csv,211105,Image_15,211105_Image_15,NA,DG5256_wDMP91,spn4_plus,Balancer_GFP,mex-5,12-15-cell,4648,161,2251,0.48429432,13.98136646
1013,mex-5.csv,211105,Image_26,211105_Image_26_upper_left,upper,DG5256_wDMP91,spn4_plus,Balancer_GFP,mex-5,12-15-cell,6479,173,3728,0.575397438,21.54913295
1014,mex-5.csv,211105,Image_26,211105_Image_26_lower_right,lower,DG5256_wDMP91,spn4_plus,Balancer_GFP,mex-5,12-15-cell,6580,213,3566,0.541945289,16.74178404
1015,mex-5.csv,211105,Image_28,211105_Image_28,NA,DG5256_wDMP91,spn4_plus,Balancer_GFP,mex-5,12-15-cell,5759,176,2234,0.387914569,12.69318182
1016,mex-5.csv,211109,Image_06,211109_Image_06,NA,DG5256_wDMP91,spn4_plus,Balancer_GFP,mex-5,12-15-cell,6121,258,3012,0.492076458,11.6744186
1017,mex-5.csv,211109,Image_10,211109_Image_10,NA,DG5256_wDMP91,spn4_plus,Balancer_GFP,mex-5,12-15-cell,6120,212,3504,0.57254902,16.52830189
1018,mex-5.csv,211109,Image_12,211109_Image_12,NA,DG5256_wDMP91,spn4_plus,Balancer_GFP,mex-5,12-15-cell,12804,437,7890,0.616213683,18.05491991
1019,mex-5.csv,211109,Image_14,211109_Image_14,NA,DG5256_wDMP91,spn4_plus,Balancer_GFP,mex-5,12-15-cell,11318,435,6526,0.57660364,15.00229885
1020,mex-5.csv,211105,Image_05,211105_Image_05,NA,DG5256_wDMP91,spn4_minus,Balancer_no_GFP,mex-5,12-15-cell,19573,736,11980,0.612067644,16.27717391
1021,mex-5.csv,211105,Image_06,211105_Image_06,NA,DG5256_wDMP91,spn4_minus,Balancer_no_GFP,mex-5,12-15-cell,19635,844,11018,0.56114082,13.05450237
1022,mex-5.csv,211105,Image_32,211105_Image_32,NA,DG5256_wDMP91,spn4_minus,Balancer_no_GFP,mex-5,12-15-cell,18171,770,9917,0.545759727,12.87922078
1023,mex-5.csv,211105,Image_33,211105_Image_33,NA,DG5256_wDMP91,spn4_minus,Balancer_no_GFP,mex-5,12-15-cell,17632,740,9265,0.525465064,12.52027027
1024,mex-5.csv,211109,Image_01,211109_Image_01,NA,DG5256_wDMP91,spn4_minus,Balancer_no_GFP,mex-5,12-15-cell,20513,758,10603,0.516891727,13.98812665
1025,mex-5.csv,211109,Image_03,211109_Image_03,NA,DG5256_wDMP91,spn4_minus,Balancer_no_GFP,mex-5,12-15-cell,20513,695,11402,0.555842636,16.4057554
1026,mex-5.csv,211109,Image_05,211109_Image_05,NA,DG5256_wDMP91,spn4_minus,Balancer_no_GFP,mex-5,12-15-cell,19755,754,10206,0.516628702,13.53580902
1027,mex-5.csv,211109,Image_22,211109_Image_22,NA,DG5256_wDMP91,spn4_minus,Balancer_no_GFP,mex-5,12-15-cell,18461,717,10213,0.553220302,14.24407252
1028,mex-5.csv,211105,Image_08,211105_Image_08,NA,DG5256_wDMP91,spn4_plus,Balancer_GFP,mex-5,16-28-cell,4405,120,2651,0.601816118,22.09166667
1029,mex-5.csv,211105,Image_17,211105_Image_17,NA,DG5256_wDMP91,spn4_plus,Balancer_GFP,mex-5,16-28-cell,2274,65,897,0.394459103,13.8
1030,mex-5.csv,211105,Image_18,211105_Image_18,NA,DG5256_wDMP91,spn4_plus,Balancer_GFP,mex-5,16-28-cell,1609,44,658,0.408949658,14.95454545
1031,mex-5.csv,211105,Image_20,211105_Image_20,NA,DG5256_wDMP91,spn4_plus,Balancer_GFP,mex-5,16-28-cell,1585,46,530,0.334384858,11.52173913
1032,mex-5.csv,211105,Image_38,211105_Image_38,NA,DG5256_wDMP91,spn4_plus,Balancer_GFP,mex-5,16-28-cell,2515,59,1066,0.423856859,18.06779661
1033,mex-5.csv,211105,Image_22,211105_Image_22_left,left,DG5256_wDMP91,spn4_plus,Balancer_GFP,mex-5,16-28-cell,2234,64,944,0.42256043,14.75
1034,mex-5.csv,211105,Image_22,211105_Image_22_right,right,DG5256_wDMP91,spn4_plus,Balancer_GFP,mex-5,16-28-cell,1861,51,908,0.487909726,17.80392157
1035,mex-5.csv,211109,Image_08,211109_Image_08,NA,DG5256_wDMP91,spn4_plus,Balancer_GFP,mex-5,16-28-cell,2966,76,1541,0.519554956,20.27631579
1036,mex-5.csv,211105,Image_02,211105_Image_02,NA,DG5256_wDMP91,spn4_minus,Balancer_no_GFP,mex-5,16-28-cell,12115,483,5392,0.445068097,11.16356108
1037,mex-5.csv,211105,Image_11,211105_Image_11,NA,DG5256_wDMP91,spn4_minus,Balancer_no_GFP,mex-5,16-28-cell,18496,700,10599,0.57304282,15.14142857
1038,mex-5.csv,211105,Image_13,211105_Image_13,NA,DG5256_wDMP91,spn4_minus,Balancer_no_GFP,mex-5,16-28-cell,16719,688,8569,0.512530654,12.45494186
1039,mex-5.csv,211105,Image_14,211105_Image_14,NA,DG5256_wDMP91,spn4_minus,Balancer_no_GFP,mex-5,16-28-cell,12767,528,5903,0.462363907,11.17992424
1040,mex-5.csv,211105,Image_23,211105_Image_23,NA,DG5256_wDMP91,spn4_minus,Balancer_no_GFP,mex-5,16-28-cell,15332,653,8334,0.543569006,12.762634
1041,mex-5.csv,211109,Image_01,211109_Image_01,NA,DG5256_wDMP91,spn4_minus,Balancer_no_GFP,mex-5,16-28-cell,17415,698,8355,0.479758829,11.96991404
1042,mex-5.csv,211109,Image_07,211109_Image_07,NA,DG5256_wDMP91,spn4_minus,Balancer_no_GFP,mex-5,16-28-cell,19631,782,8824,0.449493149,11.28388747
1043,mex-5.csv,211109,Image_17,211109_Image_17,NA,DG5256_wDMP91,spn4_minus,Balancer_no_GFP,mex-5,16-28-cell,16279,686,8798,0.540450888,12.82507289
1044,mex-5.csv,211105,Image_01,211105_Image_01,NA,N2,spn4_wt,N2,mex-5,2-cell,14418,554,6317,0.438132889,11.40252708
1045,mex-5.csv,211105,Image_02,211105_Image_02_upper_left,upper,N2,spn4_wt,N2,mex-5,2-cell,18499,754,10294,0.556462511,13.65251989
1046,mex-5.csv,211105,Image_02,211105_Image_02_bottom_right,bottom,N2,spn4_wt,N2,mex-5,2-cell,13359,486,6134,0.459166105,12.62139918
1047,mex-5.csv,211105,Image_07,211105_Image_07,NA,N2,spn4_wt,N2,mex-5,2-cell,16725,589,7604,0.454648729,12.91001698
1048,mex-5.csv,211105,Image_14,211105_Image_14,NA,N2,spn4_wt,N2,mex-5,2-cell,18601,740,7143,0.384011612,9.652702703
1049,mex-5.csv,211105,Image_20,211105_Image_20,NA,N2,spn4_wt,N2,mex-5,2-cell,11731,437,4363,0.371920552,9.983981693
1050,mex-5.csv,211109,Image_03,211109_Image_03,NA,N2,spn4_wt,N2,mex-5,2-cell,13619,499,6191,0.454585506,12.40681363
1051,mex-5.csv,211109,Image_05,211109_Image_05,NA,N2,spn4_wt,N2,mex-5,2-cell,14113,460,8130,0.576064621,17.67391304
1052,mex-5.csv,211105,Image_10,211105_Image_10,NA,N2,spn4_wt,N2,mex-5,4-cell,13526,473,6241,0.461407659,13.19450317
1053,mex-5.csv,211105,Image_11,211105_Image_11,NA,N2,spn4_wt,N2,mex-5,4-cell,11647,412,4254,0.365244269,10.32524272
1054,mex-5.csv,211105,Image_13,211105_Image_13,NA,N2,spn4_wt,N2,mex-5,4-cell,14793,595,6467,0.437166227,10.86890756
1055,mex-5.csv,211105,Image_15,211105_Image_15,NA,N2,spn4_wt,N2,mex-5,4-cell,14100,521,5929,0.420496454,11.38003839
1056,mex-5.csv,211105,Image_17,211105_Image_17,NA,N2,spn4_wt,N2,mex-5,4-cell,11380,407,3703,0.325395431,9.098280098
1057,mex-5.csv,211105,Image_21,211105_Image_21,NA,N2,spn4_wt,N2,mex-5,4-cell,13676,549,5954,0.435361217,10.84517304
1058,mex-5.csv,211105,Image_23,211105_Image_23,NA,N2,spn4_wt,N2,mex-5,4-cell,10634,359,3165,0.297630243,8.816155989
1059,mex-5.csv,211109,Image_02,211109_Image_02,NA,N2,spn4_wt,N2,mex-5,4-cell,18584,709,10012,0.538743005,14.1212976
1060,mex-5.csv,211109,Image_04,211109_Image_04,NA,N2,spn4_wt,N2,mex-5,4-cell,15548,627,8457,0.54392848,13.48803828
1061,mex-5.csv,211109,Image_06,211109_Image_06,NA,N2,spn4_wt,N2,mex-5,4-cell,14421,562,7414,0.514111365,13.19217082
1062,mex-5.csv,211105,Image_03,211105_Image_03,NA,N2,spn4_wt,N2,mex-5,8-11-cell,8120,356,3733,0.459729064,10.48595506
1063,mex-5.csv,211105,Image_04,211105_Image_04,NA,N2,spn4_wt,N2,mex-5,8-11-cell,12586,494,5705,0.453281424,11.548583
1064,mex-5.csv,211105,Image_09,211105_Image_09,NA,N2,spn4_wt,N2,mex-5,8-11-cell,6889,294,2912,0.42270286,9.904761905
1065,mex-5.csv,211105,Image_12,211105_Image_12,NA,N2,spn4_wt,N2,mex-5,8-11-cell,7266,289,2952,0.406275805,10.21453287
1066,mex-5.csv,211105,Image_19,211105_Image_19,NA,N2,spn4_wt,N2,mex-5,8-11-cell,11393,477,6160,0.540682875,12.91404612
1067,mex-5.csv,211109,Image_01,211109_Image_01,NA,N2,spn4_wt,N2,mex-5,8-11-cell,8365,394,4301,0.514166169,10.91624365
1068,mex-5.csv,211109,Image_09,211109_Image_09,NA,N2,spn4_wt,N2,mex-5,8-11-cell,10923,431,5821,0.532912204,13.50580046
1069,mex-5.csv,211109,Image_10,211109_Image_10,NA,N2,spn4_wt,N2,mex-5,8-11-cell,9264,403,5289,0.570919689,13.12406948
1070,mex-5.csv,211105,Image_01,211105_Image_01,NA,N2,spn4_wt,N2,mex-5,12-15-cell,2344,85,758,0.32337884,8.917647059
1071,mex-5.csv,211105,Image_05,211105_Image_05,NA,N2,spn4_wt,N2,mex-5,12-15-cell,4744,182,1926,0.405986509,10.58241758
1072,mex-5.csv,211105,Image_06,211105_Image_06,NA,N2,spn4_wt,N2,mex-5,12-15-cell,2430,96,997,0.410288066,10.38541667
1073,mex-5.csv,211105,Image_16,211105_Image_16,NA,N2,spn4_wt,N2,mex-5,12-15-cell,6854,270,2489,0.363145608,9.218518519
1074,mex-5.csv,211105,Image_18,211105_Image_18,NA,N2,spn4_wt,N2,mex-5,12-15-cell,4404,189,1633,0.370799273,8.64021164
1075,mex-5.csv,211105,Image_20,211105_Image_20,NA,N2,spn4_wt,N2,mex-5,12-15-cell,4978,222,1852,0.372036963,8.342342342
1076,mex-5.csv,211109,Image_05,211109_Image_05,NA,N2,spn4_wt,N2,mex-5,12-15-cell,5567,212,2737,0.491647207,12.91037736
1077,mex-5.csv,211109,Image_08,211109_Image_08,NA,N2,spn4_wt,N2,mex-5,12-15-cell,6594,247,3361,0.509705793,13.60728745
1078,mex-5.csv,211109,Image_11,211109_Image_11,NA,N2,spn4_wt,N2,mex-5,12-15-cell,2817,105,1175,0.417110401,11.19047619
1079,mex-5.csv,211105,Image_22,211105_Image_22,NA,N2,spn4_wt,N2,mex-5,16-28-cell,3746,116,1329,0.35477843,11.45689655
1080,mex-5.csv,211105,Image_08,211105_Image_08_top,top,N2,spn4_wt,N2,mex-5,16-28-cell,885,21,310,0.350282486,14.76190476
1081,mex-5.csv,211105,Image_08,211105_Image_08_bottom,bottom,N2,spn4_wt,N2,mex-5,16-28-cell,2156,75,731,0.339053803,9.746666667
1082,mex-5.csv,211105,Image_24,211105_Image_24,NA,N2,spn4_wt,N2,mex-5,16-28-cell,1246,31,275,0.22070626,8.870967742
1083,mex-5.csv,211109,Image_07,211109_Image_07_right,right,N2,spn4_wt,N2,mex-5,16-28-cell,1380,30,803,0.581884058,26.76666667
1084,mex-5.csv,211109,Image_07,211109_Image_07_left,left,N2,spn4_wt,N2,mex-5,16-28-cell,1760,34,1005,0.571022727,29.55882353
1085,mex-5.csv,211109,Image_12,211109_Image_12,NA,N2,spn4_wt,N2,mex-5,16-28-cell,1038,32,439,0.422928709,13.71875
1086,mex-5.csv,211109,Image_13,211109_Image_13,NA,N2,spn4_wt,N2,mex-5,16-28-cell,1341,32,443,0.330350485,13.84375
1087,nasp-2.csv,211105,Image_21,211105_Image_21,NA,DG5256_wDMP91,spn4_plus,Balancer_GFP,nasp-2,8-11-cell,24081,533,16385,0.680411943,30.74108818
1088,nasp-2.csv,211105,Image_24,211105_Image_24,NA,DG5256_wDMP91,spn4_plus,Balancer_GFP,nasp-2,8-11-cell,14064,440,7937,0.564348692,18.03863636
1089,nasp-2.csv,211105,Image_25,211105_Image_25,NA,DG5256_wDMP91,spn4_plus,Balancer_GFP,nasp-2,8-11-cell,20871,780,14196,0.680178238,18.2
1090,nasp-2.csv,211105,Image_27,211105_Image_27,NA,DG5256_wDMP91,spn4_plus,Balancer_GFP,nasp-2,8-11-cell,4977,137,1431,0.287522604,10.44525547
1091,nasp-2.csv,211105,Image_33,211105_Image_33,NA,DG5256_wDMP91,spn4_plus,Balancer_GFP,nasp-2,8-11-cell,18917,547,12570,0.664481683,22.97989031
1092,nasp-2.csv,211105,Image_36,211105_Image_36,NA,DG5256_wDMP91,spn4_plus,Balancer_GFP,nasp-2,8-11-cell,23106,903,15627,0.67631784,17.30564784
1093,nasp-2.csv,211105,Image_01,211105_Image_01,NA,DG5256_wDMP91,spn4_plus,Balancer_GFP,nasp-2,8-11-cell,21030,753,11701,0.556395625,15.53917663
1094,nasp-2.csv,211109,Image_07,211109_Image_07,NA,DG5256_wDMP91,spn4_plus,Balancer_GFP,nasp-2,8-11-cell,25178,977,15910,0.631900866,16.28454452
1095,nasp-2.csv,211105,Image_16,211105_Image_16,NA,DG5256_wDMP91,spn4_plus,Balancer_GFP,nasp-2,2-cell,25938,715,17992,0.693654098,25.16363636
1096,nasp-2.csv,211105,Image_12,211105_Image_12,NA,DG5256_wDMP91,spn4_plus,Balancer_GFP,nasp-2,2-cell,23877,395,17790,0.745068476,45.03797468
1097,nasp-2.csv,211105,Image_24,211105_Image_24,NA,DG5256_wDMP91,spn4_plus,Balancer_GFP,nasp-2,2-cell,25856,663,18120,0.700804455,27.33031674
1098,nasp-2.csv,211105,Image_25,211105_Image_25,NA,DG5256_wDMP91,spn4_plus,Balancer_GFP,nasp-2,2-cell,21502,509,16138,0.750534834,31.70530452
1099,nasp-2.csv,211109,Image_01,211109_Image_01,NA,DG5256_wDMP91,spn4_plus,Balancer_GFP,nasp-2,2-cell,26449,852,16841,0.636734848,19.76643192
1100,nasp-2.csv,211109,Image_02,211109_Image_02,NA,DG5256_wDMP91,spn4_plus,Balancer_GFP,nasp-2,2-cell,17911,698,9064,0.50605773,12.98567335
1101,nasp-2.csv,211109,Image_10,211109_Image_10,NA,DG5256_wDMP91,spn4_plus,Balancer_GFP,nasp-2,2-cell,24990,885,13854,0.554381753,15.65423729
1102,nasp-2.csv,211109,Image_11,211109_Image_11,NA,DG5256_wDMP91,spn4_plus,Balancer_GFP,nasp-2,2-cell,23501,1019,11538,0.490957832,11.32286555
1103,nasp-2.csv,211105,Image_07,211105_Image_07,NA,DG5256_wDMP91,spn4_minus,Balancer_no_GFP,nasp-2,2-cell,19210,523,13204,0.687350338,25.24665392
1104,nasp-2.csv,211105,Image_09,211105_Image_09,NA,DG5256_wDMP91,spn4_minus,Balancer_no_GFP,nasp-2,2-cell,29809,897,20780,0.697104901,23.16610925
1105,nasp-2.csv,211105,Image_19,211105_Image_19,NA,DG5256_wDMP91,spn4_minus,Balancer_no_GFP,nasp-2,2-cell,18650,528,11351,0.608632708,21.49810606
1106,nasp-2.csv,211105,Image_23,211105_Image_23,NA,DG5256_wDMP91,spn4_minus,Balancer_no_GFP,nasp-2,2-cell,20372,724,12388,0.608089535,17.11049724
1107,nasp-2.csv,211109,Image_09,211109_Image_09,NA,DG5256_wDMP91,spn4_minus,Balancer_no_GFP,nasp-2,2-cell,22215,932,10864,0.489038938,11.65665236
1108,nasp-2.csv,211109,Image_21,211109_Image_21,NA,DG5256_wDMP91,spn4_minus,Balancer_no_GFP,nasp-2,2-cell,22131,863,12290,0.555329628,14.2410197
1109,nasp-2.csv,211109,Image_25,211109_Image_25,NA,DG5256_wDMP91,spn4_minus,Balancer_no_GFP,nasp-2,2-cell,19174,858,8614,0.449254198,10.03962704
1110,nasp-2.csv,211109,Image_26,211109_Image_26,NA,DG5256_wDMP91,spn4_minus,Balancer_no_GFP,nasp-2,2-cell,17119,701,7660,0.447456043,10.92724679
1111,nasp-2.csv,211105,Image_34,211105_Image_34,NA,DG5256_wDMP91,spn4_plus,Balancer_GFP,nasp-2,4-cell,21287,666,13190,0.619627002,19.8048048
1112,nasp-2.csv,211105,Image_35,211105_Image_35,NA,DG5256_wDMP91,spn4_plus,Balancer_GFP,nasp-2,4-cell,25469,911,16672,0.654599709,18.30076839
1113,nasp-2.csv,211105,Image_36,211105_Image_36,NA,DG5256_wDMP91,spn4_plus,Balancer_GFP,nasp-2,4-cell,24737,586,18102,0.731778308,30.89078498
1114,nasp-2.csv,211105,Image_38,211105_Image_38,NA,DG5256_wDMP91,spn4_plus,Balancer_GFP,nasp-2,4-cell,20847,529,13523,0.648678467,25.56332703
1115,nasp-2.csv,211109,Image_04,211109_Image_04,NA,DG5256_wDMP91,spn4_plus,Balancer_GFP,nasp-2,4-cell,14890,485,8082,0.54278039,16.66391753
1116,nasp-2.csv,211109,Image_15,211109_Image_15,NA,DG5256_wDMP91,spn4_plus,Balancer_GFP,nasp-2,4-cell,16191,598,7050,0.435427089,11.78929766
1117,nasp-2.csv,211109,Image_18,211109_Image_18,NA,DG5256_wDMP91,spn4_plus,Balancer_GFP,nasp-2,4-cell,15744,572,8512,0.540650407,14.88111888
1118,nasp-2.csv,211109,Image_20,211109_Image_20,NA,DG5256_wDMP91,spn4_plus,Balancer_GFP,nasp-2,4-cell,20307,704,8701,0.42847294,12.359375
1119,nasp-2.csv,211105,Image_12,211105_Image_12,NA,DG5256_wDMP91,spn4_minus,Balancer_no_GFP,nasp-2,4-cell,25610,725,17362,0.677938305,23.94758621
1120,nasp-2.csv,211105,Image_29,211105_Image_29,NA,DG5256_wDMP91,spn4_minus,Balancer_no_GFP,nasp-2,4-cell,20006,564,12743,0.636958912,22.59397163
1121,nasp-2.csv,211105,Image_37,211105_Image_37,NA,DG5256_wDMP91,spn4_minus,Balancer_no_GFP,nasp-2,4-cell,12801,482,5466,0.426997891,11.34024896
1122,nasp-2.csv,211105,Image_39,211105_Image_39,NA,DG5256_wDMP91,spn4_minus,Balancer_no_GFP,nasp-2,4-cell,29411,921,19826,0.674101527,21.52660152
1123,nasp-2.csv,211105,Image_40,211105_Image_40,NA,DG5256_wDMP91,spn4_minus,Balancer_no_GFP,nasp-2,4-cell,26523,876,16567,0.624627682,18.91210046
1124,nasp-2.csv,211109,Image_16,211109_Image_16,NA,DG5256_wDMP91,spn4_minus,Balancer_no_GFP,nasp-2,4-cell,25401,1022,13260,0.522026692,12.97455969
1125,nasp-2.csv,211109,Image_19,211109_Image_19,NA,DG5256_wDMP91,spn4_minus,Balancer_no_GFP,nasp-2,4-cell,21648,893,11493,0.530903548,12.87010078
1126,nasp-2.csv,211109,Image_24,211109_Image_24,NA,DG5256_wDMP91,spn4_minus,Balancer_no_GFP,nasp-2,4-cell,25460,823,15195,0.596818539,18.46294046
1127,nasp-2.csv,211109,Image_28,211109_Image_28,NA,DG5256_wDMP91,spn4_minus,Balancer_no_GFP,nasp-2,4-cell,11545,458,5836,0.505500217,12.74235808
1128,nasp-2.csv,211105,Image_03,211105_Image_03,NA,DG5256_wDMP91,spn4_minus,Balancer_no_GFP,nasp-2,8-11-cell,26618,578,18713,0.703020512,32.37543253
1129,nasp-2.csv,211105,Image_30,211105_Image_30,NA,DG5256_wDMP91,spn4_minus,Balancer_no_GFP,nasp-2,8-11-cell,23306,905,12937,0.555093109,14.29502762
1130,nasp-2.csv,211105,Image_04,211105_Image_04,NA,DG5256_wDMP91,spn4_minus,Balancer_no_GFP,nasp-2,8-11-cell,22560,726,14038,0.622251773,19.33608815
1131,nasp-2.csv,211105,Image_31,211105_Image_31,NA,DG5256_wDMP91,spn4_minus,Balancer_no_GFP,nasp-2,8-11-cell,24882,825,16585,0.666546098,20.1030303
1132,nasp-2.csv,211105,Image_37,211105_Image_37,NA,DG5256_wDMP91,spn4_minus,Balancer_no_GFP,nasp-2,8-11-cell,21936,831,10871,0.495578045,13.08182912
1133,nasp-2.csv,211109,Image_13,211109_Image_13,NA,DG5256_wDMP91,spn4_minus,Balancer_no_GFP,nasp-2,8-11-cell,24650,886,14249,0.578052738,16.08239278
1134,nasp-2.csv,211109,Image_17,211109_Image_17,NA,DG5256_wDMP91,spn4_minus,Balancer_no_GFP,nasp-2,8-11-cell,23864,881,13085,0.548315454,14.85244041
1135,nasp-2.csv,211109,Image_23,211109_Image_23,NA,DG5256_wDMP91,spn4_minus,Balancer_no_GFP,nasp-2,8-11-cell,20954,671,10651,0.508303904,15.8733234
1136,nasp-2.csv,211109,Image_27,211109_Image_27,NA,DG5256_wDMP91,spn4_minus,Balancer_no_GFP,nasp-2,8-11-cell,10756,393,5453,0.506972852,13.87531807
1137,nasp-2.csv,211105,Image_10,211105_Image_10,NA,DG5256_wDMP91,spn4_plus,Balancer_GFP,nasp-2,12-15-cell,21755,749,13895,0.638703746,18.55140187
1138,nasp-2.csv,211105,Image_15,211105_Image_15,NA,DG5256_wDMP91,spn4_plus,Balancer_GFP,nasp-2,12-15-cell,21864,820,14772,0.675631175,18.01463415
1139,nasp-2.csv,211105,Image_26,211105_Image_26_upper_left,upper,DG5256_wDMP91,spn4_plus,Balancer_GFP,nasp-2,12-15-cell,25815,727,19466,0.754057718,26.77579092
1140,nasp-2.csv,211105,Image_26,211105_Image_26_lower_right,lower,DG5256_wDMP91,spn4_plus,Balancer_GFP,nasp-2,12-15-cell,24938,549,19663,0.788475419,35.81602914
1141,nasp-2.csv,211105,Image_28,211105_Image_28,NA,DG5256_wDMP91,spn4_plus,Balancer_GFP,nasp-2,12-15-cell,21091,742,13474,0.638850695,18.15902965
1142,nasp-2.csv,211109,Image_06,211109_Image_06,NA,DG5256_wDMP91,spn4_plus,Balancer_GFP,nasp-2,12-15-cell,11905,456,5232,0.43947921,11.47368421
1143,nasp-2.csv,211109,Image_10,211109_Image_10,NA,DG5256_wDMP91,spn4_plus,Balancer_GFP,nasp-2,12-15-cell,22872,748,13611,0.595094439,18.19652406
1144,nasp-2.csv,211109,Image_12,211109_Image_12,NA,DG5256_wDMP91,spn4_plus,Balancer_GFP,nasp-2,12-15-cell,20020,829,10690,0.533966034,12.89505428
1145,nasp-2.csv,211109,Image_14,211109_Image_14,NA,DG5256_wDMP91,spn4_plus,Balancer_GFP,nasp-2,12-15-cell,23992,860,13724,0.572024008,15.95813953
1146,nasp-2.csv,211105,Image_05,211105_Image_05,NA,DG5256_wDMP91,spn4_minus,Balancer_no_GFP,nasp-2,12-15-cell,21235,655,14245,0.670826466,21.7480916
1147,nasp-2.csv,211105,Image_06,211105_Image_06,NA,DG5256_wDMP91,spn4_minus,Balancer_no_GFP,nasp-2,12-15-cell,26389,750,17639,0.668422449,23.51866667
1148,nasp-2.csv,211105,Image_32,211105_Image_32,NA,DG5256_wDMP91,spn4_minus,Balancer_no_GFP,nasp-2,12-15-cell,18711,728,11868,0.634279301,16.3021978
1149,nasp-2.csv,211105,Image_33,211105_Image_33,NA,DG5256_wDMP91,spn4_minus,Balancer_no_GFP,nasp-2,12-15-cell,20600,716,11991,0.582087379,16.7472067
1150,nasp-2.csv,211109,Image_01,211109_Image_01,NA,DG5256_wDMP91,spn4_minus,Balancer_no_GFP,nasp-2,12-15-cell,23326,905,13160,0.564177313,14.54143646
1151,nasp-2.csv,211109,Image_03,211109_Image_03,NA,DG5256_wDMP91,spn4_minus,Balancer_no_GFP,nasp-2,12-15-cell,23632,823,13284,0.56211916,16.14094775
1152,nasp-2.csv,211109,Image_05,211109_Image_05,NA,DG5256_wDMP91,spn4_minus,Balancer_no_GFP,nasp-2,12-15-cell,24170,819,13841,0.572652048,16.8998779
1153,nasp-2.csv,211109,Image_22,211109_Image_22,NA,DG5256_wDMP91,spn4_minus,Balancer_no_GFP,nasp-2,12-15-cell,19621,728,10814,0.551144182,14.8543956
1154,nasp-2.csv,211105,Image_08,211105_Image_08,NA,DG5256_wDMP91,spn4_plus,Balancer_GFP,nasp-2,16-28-cell,17053,570,10774,0.631794992,18.90175439
1155,nasp-2.csv,211105,Image_17,211105_Image_17,NA,DG5256_wDMP91,spn4_plus,Balancer_GFP,nasp-2,16-28-cell,16010,649,7262,0.453591505,11.18952234
1156,nasp-2.csv,211105,Image_18,211105_Image_18,NA,DG5256_wDMP91,spn4_plus,Balancer_GFP,nasp-2,16-28-cell,17845,642,9264,0.519137013,14.42990654
1157,nasp-2.csv,211105,Image_20,211105_Image_20,NA,DG5256_wDMP91,spn4_plus,Balancer_GFP,nasp-2,16-28-cell,11699,419,4764,0.407214292,11.3699284
1158,nasp-2.csv,211105,Image_38,211105_Image_38,NA,DG5256_wDMP91,spn4_plus,Balancer_GFP,nasp-2,16-28-cell,21336,815,12284,0.575740532,15.07239264
1159,nasp-2.csv,211105,Image_22,211105_Image_22_left,left,DG5256_wDMP91,spn4_plus,Balancer_GFP,nasp-2,16-28-cell,19907,690,11474,0.576380168,16.62898551
1160,nasp-2.csv,211105,Image_22,211105_Image_22_right,right,DG5256_wDMP91,spn4_plus,Balancer_GFP,nasp-2,16-28-cell,19490,767,10327,0.529861467,13.46414602
1161,nasp-2.csv,211109,Image_08,211109_Image_08,NA,DG5256_wDMP91,spn4_plus,Balancer_GFP,nasp-2,16-28-cell,21051,820,12471,0.592418412,15.20853659
1162,nasp-2.csv,211105,Image_02,211105_Image_02,NA,DG5256_wDMP91,spn4_minus,Balancer_no_GFP,nasp-2,16-28-cell,21936,704,14494,0.660740336,20.58806818
1163,nasp-2.csv,211105,Image_11,211105_Image_11,NA,DG5256_wDMP91,spn4_minus,Balancer_no_GFP,nasp-2,16-28-cell,23001,606,15701,0.682622495,25.90924092
1164,nasp-2.csv,211105,Image_13,211105_Image_13,NA,DG5256_wDMP91,spn4_minus,Balancer_no_GFP,nasp-2,16-28-cell,19511,661,12039,0.617036543,18.21331316
1165,nasp-2.csv,211105,Image_14,211105_Image_14,NA,DG5256_wDMP91,spn4_minus,Balancer_no_GFP,nasp-2,16-28-cell,11338,460,5400,0.476274475,11.73913043
1166,nasp-2.csv,211105,Image_23,211105_Image_23,NA,DG5256_wDMP91,spn4_minus,Balancer_no_GFP,nasp-2,16-28-cell,15266,575,8950,0.586270143,15.56521739
1167,nasp-2.csv,211109,Image_01,211109_Image_01,NA,DG5256_wDMP91,spn4_minus,Balancer_no_GFP,nasp-2,16-28-cell,22081,844,11902,0.539015443,14.10189573
1168,nasp-2.csv,211109,Image_07,211109_Image_07,NA,DG5256_wDMP91,spn4_minus,Balancer_no_GFP,nasp-2,16-28-cell,22785,905,11512,0.505244679,12.72044199
1169,nasp-2.csv,211109,Image_17,211109_Image_17,NA,DG5256_wDMP91,spn4_minus,Balancer_no_GFP,nasp-2,16-28-cell,16428,667,9244,0.562697833,13.85907046
1170,nasp-2.csv,211105,Image_01,211105_Image_01,NA,N2,spn4_wt,N2,nasp-2,2-cell,16637,613,8493,0.51048867,13.8548124
1171,nasp-2.csv,211105,Image_02,211105_Image_02_upper_left,upper,N2,spn4_wt,N2,nasp-2,2-cell,22252,837,13613,0.611765235,16.26403823
1172,nasp-2.csv,211105,Image_02,211105_Image_02_bottom_right,bottom,N2,spn4_wt,N2,nasp-2,2-cell,12991,467,6634,0.510661227,14.20556745
1173,nasp-2.csv,211105,Image_02,211105_Image_02_bottom_right,bottom,N2,spn4_wt,N2,nasp-2,2-cell,12657,462,5082,0.401516947,11
1174,nasp-2.csv,211105,Image_02,211105_Image_02_bottom_right,bottom,N2,spn4_wt,N2,nasp-2,2-cell,12575,424,3562,0.283260437,8.400943396
1175,nasp-2.csv,211105,Image_07,211105_Image_07,NA,N2,spn4_wt,N2,nasp-2,2-cell,22673,890,12856,0.567018039,14.44494382
1176,nasp-2.csv,211105,Image_14,211105_Image_14,NA,N2,spn4_wt,N2,nasp-2,2-cell,24731,1068,13565,0.54850188,12.70131086
1177,nasp-2.csv,211105,Image_20,211105_Image_20,NA,N2,spn4_wt,N2,nasp-2,2-cell,17405,629,9183,0.527607009,14.59936407
1178,nasp-2.csv,211109,Image_03,211109_Image_03,NA,N2,spn4_wt,N2,nasp-2,2-cell,15501,598,7725,0.498354945,12.9180602
1179,nasp-2.csv,211109,Image_05,211109_Image_05,NA,N2,spn4_wt,N2,nasp-2,2-cell,14423,513,8770,0.608056576,17.09551657
1180,nasp-2.csv,211105,Image_10,211105_Image_10,NA,N2,spn4_wt,N2,nasp-2,4-cell,21539,443,15259,0.708435861,34.44469526
1181,nasp-2.csv,211105,Image_11,211105_Image_11,NA,N2,spn4_wt,N2,nasp-2,4-cell,23914,615,18566,0.776365309,30.18861789
1182,nasp-2.csv,211105,Image_13,211105_Image_13,NA,N2,spn4_wt,N2,nasp-2,4-cell,24851,882,16468,0.66266951,18.67120181
1183,nasp-2.csv,211105,Image_15,211105_Image_15,NA,N2,spn4_wt,N2,nasp-2,4-cell,24788,939,16277,0.656648378,17.3343983
1184,nasp-2.csv,211105,Image_17,211105_Image_17,NA,N2,spn4_wt,N2,nasp-2,4-cell,9747,283,2243,0.230122089,7.925795053
1185,nasp-2.csv,211105,Image_21,211105_Image_21,NA,N2,spn4_wt,N2,nasp-2,4-cell,20749,674,12922,0.622777001,19.17210682
1186,nasp-2.csv,211105,Image_23,211105_Image_23,NA,N2,spn4_wt,N2,nasp-2,4-cell,23622,911,15040,0.636694607,16.50933041
1187,nasp-2.csv,211109,Image_02,211109_Image_02,NA,N2,spn4_wt,N2,nasp-2,4-cell,25071,815,16753,0.668222249,20.55582822
1188,nasp-2.csv,211109,Image_04,211109_Image_04,NA,N2,spn4_wt,N2,nasp-2,4-cell,22463,746,15308,0.681476205,20.52010724
1189,nasp-2.csv,211109,Image_06,211109_Image_06,NA,N2,spn4_wt,N2,nasp-2,4-cell,20368,701,13506,0.663098979,19.26676177
1190,nasp-2.csv,211105,Image_03,211105_Image_03,NA,N2,spn4_wt,N2,nasp-2,8-11-cell,15847,435,9130,0.576134284,20.98850575
1191,nasp-2.csv,211105,Image_04,211105_Image_04,NA,N2,spn4_wt,N2,nasp-2,8-11-cell,24186,917,14761,0.610311751,16.09705562
1192,nasp-2.csv,211105,Image_09,211105_Image_09,NA,N2,spn4_wt,N2,nasp-2,8-11-cell,10982,400,5850,0.532689856,14.625
1193,nasp-2.csv,211105,Image_12,211105_Image_12,NA,N2,spn4_wt,N2,nasp-2,8-11-cell,18717,662,11251,0.601111289,16.99546828
1194,nasp-2.csv,211105,Image_19,211105_Image_19,NA,N2,spn4_wt,N2,nasp-2,8-11-cell,25374,935,16260,0.640813431,17.39037433
1195,nasp-2.csv,211109,Image_01,211109_Image_01,NA,N2,spn4_wt,N2,nasp-2,8-11-cell,22236,810,14090,0.633657133,17.39506173
1196,nasp-2.csv,211109,Image_09,211109_Image_09,NA,N2,spn4_wt,N2,nasp-2,8-11-cell,16132,529,9778,0.606124473,18.48393195
1197,nasp-2.csv,211109,Image_10,211109_Image_10,NA,N2,spn4_wt,N2,nasp-2,8-11-cell,17173,680,9285,0.540674314,13.65441176
1198,nasp-2.csv,211105,Image_16,211105_Image_16,NA,N2,spn4_wt,N2,nasp-2,12-15-cell,18054,689,6828,0.378198737,9.910014514
1199,nasp-2.csv,211105,Image_20,211105_Image_20,NA,N2,spn4_wt,N2,nasp-2,12-15-cell,14633,546,5063,0.34599877,9.272893773
1200,nasp-2.csv,211105,Image_18,211105_Image_18,NA,N2,spn4_wt,N2,nasp-2,12-15-cell,13843,477,4889,0.35317489,10.24947589
1201,nasp-2.csv,211109,Image_05,211109_Image_05,NA,N2,spn4_wt,N2,nasp-2,12-15-cell,15331,496,3358,0.219033331,6.77016129
1202,nasp-2.csv,211109,Image_11,211109_Image_11,NA,N2,spn4_wt,N2,nasp-2,12-15-cell,12595,399,3467,0.275267963,8.689223058
1203,nasp-2.csv,211105,Image_05,211105_Image_05,NA,N2,spn4_wt,N2,nasp-2,12-15-cell,18893,700,8409,0.445085481,12.01285714
1204,nasp-2.csv,211109,Image_08,211109_Image_08,NA,N2,spn4_wt,N2,nasp-2,12-15-cell,15611,570,3815,0.244378964,6.692982456
1205,nasp-2.csv,211105,Image_01,211105_Image_01,NA,N2,spn4_wt,N2,nasp-2,12-15-cell,12329,426,4811,0.390218185,11.29342723
1206,nasp-2.csv,211105,Image_06,211105_Image_06,NA,N2,spn4_wt,N2,nasp-2,12-15-cell,9580,274,2623,0.273799582,9.572992701
1207,nasp-2.csv,211105,Image_22,211105_Image_22,NA,N2,spn4_wt,N2,nasp-2,16-28-cell,14797,618,6510,0.439954045,10.53398058
1208,nasp-2.csv,211105,Image_08,211105_Image_08_top,top,N2,spn4_wt,N2,nasp-2,16-28-cell,5870,159,1437,0.244804089,9.037735849
1209,nasp-2.csv,211105,Image_08,211105_Image_08_bottom,bottom,N2,spn4_wt,N2,nasp-2,16-28-cell,17813,592,11372,0.63841015,19.20945946
1210,nasp-2.csv,211105,Image_24,211105_Image_24,NA,N2,spn4_wt,N2,nasp-2,16-28-cell,7999,181,1507,0.18839855,8.325966851
1211,nasp-2.csv,211109,Image_07,211109_Image_07_right,right,N2,spn4_wt,N2,nasp-2,16-28-cell,14925,578,8776,0.5880067,15.183391
1212,nasp-2.csv,211109,Image_07,211109_Image_07_left,left,N2,spn4_wt,N2,nasp-2,16-28-cell,18522,610,13034,0.703703704,21.36721311
1213,nasp-2.csv,211109,Image_12,211109_Image_12,NA,N2,spn4_wt,N2,nasp-2,16-28-cell,16430,696,8601,0.523493609,12.35775862
1214,nasp-2.csv,211109,Image_13,211109_Image_13,NA,N2,spn4_wt,N2,nasp-2,16-28-cell,11979,358,6952,0.580348944,19.41899441
1215,nos-1.csv,210718,Image_06,210718_Image_06,NA,DG5256_wDMP91,spn4_minus,Balancer_no_GFP,nos-1,12-15-cell,1464,16,101,0.068989071,6.3125
1216,nos-1.csv,210718,Image_08,210718_Image_08,NA,DG5256_wDMP91,spn4_minus,Balancer_no_GFP,nos-1,12-15-cell,1233,12,84,0.068126521,7
1217,nos-1.csv,210718,Image_09,210718_Image_09,NA,DG5256_wDMP91,spn4_minus,Balancer_no_GFP,nos-1,12-15-cell,2431,28,169,0.069518717,6.035714286
1218,nos-1.csv,210718,Image_11,210718_Image_11,NA,DG5256_wDMP91,spn4_minus,Balancer_no_GFP,nos-1,12-15-cell,557,3,23,0.041292639,7.666666667
1219,nos-1.csv,210718,Image_01,210718_Image_01,NA,DG5256_wDMP91,spn4_minus,Balancer_no_GFP,nos-1,12-15-cell,101,0,0,0,0
1220,nos-1.csv,210718,Image_02,210718_Image_02,NA,DG5256_wDMP91,spn4_minus,Balancer_no_GFP,nos-1,12-15-cell,293,4,38,0.129692833,9.5
1221,nos-1.csv,210718,Image_03,210718_Image_03,NA,DG5256_wDMP91,spn4_minus,Balancer_no_GFP,nos-1,12-15-cell,118,0,0,0,0
1222,nos-1.csv,210718,Image_04,210718_Image_04,NA,DG5256_wDMP91,spn4_minus,Balancer_no_GFP,nos-1,12-15-cell,431,4,25,0.05800464,6.25
1223,nos-1.csv,210718,Image_07,210718_Image_07,NA,DG5256_wDMP91,spn4_minus,Balancer_no_GFP,nos-1,4-cell,2842,31,207,0.072836031,6.677419355
1224,nos-1.csv,210718,Image_10,210718_Image_10,NA,DG5256_wDMP91,spn4_minus,Balancer_no_GFP,nos-1,4-cell,1561,13,83,0.053171044,6.384615385
1225,nos-1.csv,210718,Image_13,210718_Image_13,NA,DG5256_wDMP91,spn4_minus,Balancer_no_GFP,nos-1,4-cell,3019,24,170,0.056310036,7.083333333
1226,nos-1.csv,210718,Image_14,210718_Image_14,NA,DG5256_wDMP91,spn4_minus,Balancer_no_GFP,nos-1,4-cell,2909,17,118,0.040563768,6.941176471
1227,nos-1.csv,210718,Image_12,210718_Image_12,NA,DG5256_wDMP91,spn4_minus,Balancer_no_GFP,nos-1,8-11-cell,1872,14,122,0.06517094,8.714285714
1228,nos-1.csv,210718,Image_16,210718_Image_16,NA,DG5256_wDMP91,spn4_minus,Balancer_no_GFP,nos-1,8-11-cell,1880,26,150,0.079787234,5.769230769
1229,nos-1.csv,210718,Image_05,210718_Image_05,NA,DG5256_wDMP91,spn4_minus,Balancer_no_GFP,nos-1,8-11-cell,2279,28,217,0.095217201,7.75
1230,nos-1.csv,211028,Image_01,211028_Image_01,NA,DG5256_wDMP91,spn4_plus,Balancer_GFP,nos-1,4-cell,1076,2,11,0.010223048,5.5
1231,nos-1.csv,211028,Image_02,211028_Image_02,NA,DG5256_wDMP91,spn4_plus,Balancer_GFP,nos-1,4-cell,2836,20,129,0.045486601,6.45
1232,nos-1.csv,211028,Image_05,211028_Image_05,NA,DG5256_wDMP91,spn4_plus,Balancer_GFP,nos-1,4-cell,2345,25,169,0.07206823,6.76
1233,nos-1.csv,211028,Image_08,211028_Image_08,NA,DG5256_wDMP91,spn4_plus,Balancer_GFP,nos-1,4-cell,2494,19,119,0.047714515,6.263157895
1234,nos-1.csv,211028,Image_12,211028_Image_12,NA,DG5256_wDMP91,spn4_plus,Balancer_GFP,nos-1,4-cell,2072,10,75,0.036196911,7.5
1235,nos-1.csv,211028,Image_13,211028_Image_13,NA,DG5256_wDMP91,spn4_plus,Balancer_GFP,nos-1,4-cell,2801,28,190,0.067832917,6.785714286
1236,nos-1.csv,211029,Image_01,211029_Image_01,NA,DG5256_wDMP91,spn4_plus,Balancer_GFP,nos-1,4-cell,1995,12,76,0.038095238,6.333333333
1237,nos-1.csv,211029,Image_04,211029_Image_04,NA,DG5256_wDMP91,spn4_plus,Balancer_GFP,nos-1,4-cell,1581,16,112,0.07084124,7
1238,nos-1.csv,211028,Image_02,211028_Image_02_upper_right,upper,DG5256_wDMP91,spn4_plus,Balancer_GFP,nos-1,2-cell,3223,33,229,0.071051815,6.939393939
1239,nos-1.csv,211028,Image_02,211028_Image_02_lower_right,lower,DG5256_wDMP91,spn4_plus,Balancer_GFP,nos-1,2-cell,3178,22,160,0.05034613,7.272727273
1240,nos-1.csv,211028,Image_04,211028_Image_04,NA,DG5256_wDMP91,spn4_plus,Balancer_GFP,nos-1,2-cell,2564,16,94,0.036661466,5.875
1241,nos-1.csv,211028,Image_05,211028_Image_05,NA,DG5256_wDMP91,spn4_plus,Balancer_GFP,nos-1,2-cell,3030,18,113,0.037293729,6.277777778
1242,nos-1.csv,211028,Image_11,211028_Image_11,NA,DG5256_wDMP91,spn4_plus,Balancer_GFP,nos-1,2-cell,2345,4,25,0.010660981,6.25
1243,nos-1.csv,211028,Image_14,211028_Image_14,NA,DG5256_wDMP91,spn4_plus,Balancer_GFP,nos-1,2-cell,2448,9,52,0.02124183,5.777777778
1244,nos-1.csv,211028,Image_21,211028_Image_21,NA,DG5256_wDMP91,spn4_plus,Balancer_GFP,nos-1,2-cell,1639,5,26,0.015863331,5.2
1245,nos-1.csv,211029,Image_15,211029_Image_15,NA,DG5256_wDMP91,spn4_plus,Balancer_GFP,nos-1,2-cell,2108,7,41,0.019449715,5.857142857
1246,nos-1.csv,211028,Image_09,211028_Image_09,NA,DG5256_wDMP91,spn4_minus,Balancer_no_GFP,nos-1,2-cell,3457,10,52,0.015041944,5.2
1247,nos-1.csv,211028,Image_16,211028_Image_16,NA,DG5256_wDMP91,spn4_minus,Balancer_no_GFP,nos-1,2-cell,2450,4,21,0.008571429,5.25
1248,nos-1.csv,211029,Image_07,211029_Image_07,NA,DG5256_wDMP91,spn4_minus,Balancer_no_GFP,nos-1,2-cell,3043,6,35,0.011501807,5.833333333
1249,nos-1.csv,211029,Image_06,211029_Image_06_right,right,DG5256_wDMP91,spn4_minus,Balancer_no_GFP,nos-1,2-cell,1166,3,17,0.01457976,5.666666667
1250,nos-1.csv,211029,Image_06,211029_Image_06_left,left,DG5256_wDMP91,spn4_minus,Balancer_no_GFP,nos-1,2-cell,3139,13,73,0.023255814,5.615384615
1251,nos-1.csv,211029,Image_10,211029_Image_10,NA,DG5256_wDMP91,spn4_minus,Balancer_no_GFP,nos-1,2-cell,1514,6,33,0.021796565,5.5
1252,nos-1.csv,211028,Image_17,211028_Image_17,NA,DG5256_wDMP91,spn4_minus,Balancer_no_GFP,nos-1,4-cell,2134,39,287,0.134489222,7.358974359
1253,nos-1.csv,211029,Image_02,211029_Image_02,NA,DG5256_wDMP91,spn4_minus,Balancer_no_GFP,nos-1,4-cell,1240,15,96,0.077419355,6.4
1254,nos-1.csv,211029,Image_16,211029_Image_16,NA,DG5256_wDMP91,spn4_minus,Balancer_no_GFP,nos-1,4-cell,2973,4,23,0.007736293,5.75
1255,nos-1.csv,211029,Image_19,211029_Image_19,NA,DG5256_wDMP91,spn4_minus,Balancer_no_GFP,nos-1,4-cell,1184,0,0,0,0
1256,nos-1.csv,211029,Image_20,211029_Image_20,NA,DG5256_wDMP91,spn4_minus,Balancer_no_GFP,nos-1,4-cell,2674,3,18,0.006731488,6
1257,nos-1.csv,211028,Image_01,211028_Image_01,NA,DG5256_wDMP91,spn4_plus,Balancer_GFP,nos-1,8-11-cell,1682,12,100,0.059453032,8.333333333
1258,nos-1.csv,211028,Image_12,211028_Image_12,NA,DG5256_wDMP91,spn4_plus,Balancer_GFP,nos-1,8-11-cell,598,8,87,0.14548495,10.875
1259,nos-1.csv,211028,Image_18,211028_Image_18,NA,DG5256_wDMP91,spn4_plus,Balancer_GFP,nos-1,8-11-cell,1875,19,134,0.071466667,7.052631579
1260,nos-1.csv,211028,Image_22,211028_Image_22,NA,DG5256_wDMP91,spn4_plus,Balancer_GFP,nos-1,8-11-cell,584,2,13,0.022260274,6.5
1261,nos-1.csv,211029,Image_05,211029_Image_05,NA,DG5256_wDMP91,spn4_plus,Balancer_GFP,nos-1,8-11-cell,411,3,19,0.04622871,6.333333333
1262,nos-1.csv,211029,Image_08,211029_Image_08,NA,DG5256_wDMP91,spn4_plus,Balancer_GFP,nos-1,8-11-cell,803,9,63,0.078455791,7
1263,nos-1.csv,211029,Image_13,211029_Image_13,NA,DG5256_wDMP91,spn4_plus,Balancer_GFP,nos-1,8-11-cell,700,10,55,0.078571429,5.5
1264,nos-1.csv,211029,Image_17,211029_Image_17,NA,DG5256_wDMP91,spn4_plus,Balancer_GFP,nos-1,8-11-cell,1400,17,113,0.080714286,6.647058824
1265,nos-1.csv,211028,Image_03,211028_Image_03,NA,DG5256_wDMP91,spn4_minus,Balancer_no_GFP,nos-1,8-11-cell,2492,47,323,0.129614767,6.872340426
1266,nos-1.csv,211028,Image_09,211028_Image_09,NA,DG5256_wDMP91,spn4_minus,Balancer_no_GFP,nos-1,8-11-cell,1294,38,243,0.187789799,6.394736842
1267,nos-1.csv,211029,Image_11,211029_Image_11,NA,DG5256_wDMP91,spn4_minus,Balancer_no_GFP,nos-1,8-11-cell,1249,28,169,0.135308247,6.035714286
1268,nos-1.csv,211028,Image_04,211028_Image_04,NA,DG5256_wDMP91,spn4_plus,Balancer_GFP,nos-1,12-15-cell,365,5,159,0.435616438,31.8
1269,nos-1.csv,211028,Image_07,211028_Image_07,NA,DG5256_wDMP91,spn4_plus,Balancer_GFP,nos-1,12-15-cell,444,3,31,0.06981982,10.33333333
1270,nos-1.csv,211028,Image_15,211028_Image_15,NA,DG5256_wDMP91,spn4_plus,Balancer_GFP,nos-1,12-15-cell,298,6,51,0.17114094,8.5
1271,nos-1.csv,211028,Image_21,211028_Image_21,NA,DG5256_wDMP91,spn4_plus,Balancer_GFP,nos-1,12-15-cell,375,3,22,0.058666667,7.333333333
1272,nos-1.csv,211029,Image_03,211029_Image_03,NA,DG5256_wDMP91,spn4_plus,Balancer_GFP,nos-1,12-15-cell,254,5,40,0.157480315,8
1273,nos-1.csv,211029,Image_07,211029_Image_07,NA,DG5256_wDMP91,spn4_plus,Balancer_GFP,nos-1,12-15-cell,863,9,71,0.082271147,7.888888889
1274,nos-1.csv,211029,Image_09,211029_Image_09,NA,DG5256_wDMP91,spn4_plus,Balancer_GFP,nos-1,12-15-cell,124,1,5,0.040322581,5
1275,nos-1.csv,211029,Image_12,211029_Image_12,NA,DG5256_wDMP91,spn4_plus,Balancer_GFP,nos-1,12-15-cell,177,0,0,0,0
1276,nos-1.csv,211028,Image_22,211028_Image_22,NA,DG5256_wDMP91,spn4_minus,Balancer_no_GFP,nos-1,12-15-cell,1400,33,204,0.145714286,6.181818182
1277,nos-1.csv,211029,Image_01,211029_Image_01,NA,DG5256_wDMP91,spn4_minus,Balancer_no_GFP,nos-1,12-15-cell,2588,22,158,0.061051005,7.181818182
1278,nos-1.csv,211029,Image_03,211029_Image_03,NA,DG5256_wDMP91,spn4_minus,Balancer_no_GFP,nos-1,12-15-cell,1431,32,218,0.15234102,6.8125
1279,nos-1.csv,211029,Image_04,211029_Image_04,NA,DG5256_wDMP91,spn4_minus,Balancer_no_GFP,nos-1,12-15-cell,1410,38,283,0.20070922,7.447368421
1280,nos-1.csv,211028,Image_19,211028_Image_19,NA,DG5256_wDMP91,spn4_plus,Balancer_GFP,nos-1,16-28-cell,149,2,21,0.140939597,10.5
1281,nos-1.csv,211028,Image_23,211028_Image_23,NA,DG5256_wDMP91,spn4_plus,Balancer_GFP,nos-1,16-28-cell,192,1,20,0.104166667,20
1282,nos-1.csv,211029,Image_05,211029_Image_05,NA,DG5256_wDMP91,spn4_plus,Balancer_GFP,nos-1,16-28-cell,188,1,20,0.106382979,20
1283,nos-1.csv,211029,Image_13,211029_Image_13,NA,DG5256_wDMP91,spn4_plus,Balancer_GFP,nos-1,16-28-cell,87,2,14,0.16091954,7
1284,nos-1.csv,211029,Image_14,211029_Image_14,NA,DG5256_wDMP91,spn4_plus,Balancer_GFP,nos-1,16-28-cell,216,4,39,0.180555556,9.75
1285,nos-1.csv,211029,Image_16,211029_Image_16,NA,DG5256_wDMP91,spn4_plus,Balancer_GFP,nos-1,16-28-cell,156,3,29,0.185897436,9.666666667
1286,nos-1.csv,211029,Image_17,211029_Image_17,NA,DG5256_wDMP91,spn4_plus,Balancer_GFP,nos-1,16-28-cell,97,3,15,0.154639175,5
1287,nos-1.csv,211029,Image_18,211029_Image_18,NA,DG5256_wDMP91,spn4_plus,Balancer_GFP,nos-1,16-28-cell,137,4,39,0.284671533,9.75
1288,nos-1.csv,211028,Image_06,211028_Image_06,NA,DG5256_wDMP91,spn4_minus,Balancer_no_GFP,nos-1,16-28-cell,427,5,25,0.058548009,5
1289,nos-1.csv,211028,Image_10,211028_Image_10,NA,DG5256_wDMP91,spn4_minus,Balancer_no_GFP,nos-1,16-28-cell,1040,18,110,0.105769231,6.111111111
1290,nos-1.csv,211028,Image_16,211028_Image_16,NA,DG5256_wDMP91,spn4_minus,Balancer_no_GFP,nos-1,16-28-cell,431,5,47,0.109048724,9.4
1291,nos-1.csv,211028,Image_20,211028_Image_20,NA,DG5256_wDMP91,spn4_minus,Balancer_no_GFP,nos-1,16-28-cell,2627,24,164,0.062428626,6.833333333
1292,nos-1.csv,210718,Image_05,210718_Image_05_bottom_right,bottom,N2,spn4_wt,N2,nos-1,4-cell,1643,23,157,0.095556908,6.826086957
1293,nos-1.csv,210718,Image_05,210718_Image_05_upper_left,upper,N2,spn4_wt,N2,nos-1,4-cell,2368,15,93,0.039273649,6.2
1294,nos-1.csv,210718,Image_06,210718_Image_06,NA,N2,spn4_wt,N2,nos-1,4-cell,2297,18,112,0.048759251,6.222222222
1295,nos-1.csv,210718,Image_10,210718_Image_10,NA,N2,spn4_wt,N2,nos-1,4-cell,2511,26,151,0.060135404,5.807692308
1296,nos-1.csv,210718,Image_01,210718_Image_01,NA,N2,spn4_wt,N2,nos-1,8-11-cell,680,9,56,0.082352941,6.222222222
1297,nos-1.csv,210718,Image_07,210718_Image_07,NA,N2,spn4_wt,N2,nos-1,8-11-cell,742,6,41,0.055256065,6.833333333
1298,nos-1.csv,210718,Image_09,210718_Image_09,NA,N2,spn4_wt,N2,nos-1,8-11-cell,944,15,95,0.100635593,6.333333333
1299,nos-1.csv,210718,Image_02,210718_Image_02_left,left,N2,spn4_wt,N2,nos-1,12-15-cell,322,8,54,0.167701863,6.75
1300,nos-1.csv,210718,Image_02,210718_Image_02_right,right,N2,spn4_wt,N2,nos-1,12-15-cell,359,4,20,0.055710306,5
1301,nos-1.csv,210718,Image_04,210718_Image_04,NA,N2,spn4_wt,N2,nos-1,12-15-cell,504,2,17,0.033730159,8.5
1302,nos-1.csv,210718,Image_05,210718_Image_05_bottom_left,bottom,N2,spn4_wt,N2,nos-1,12-15-cell,150,5,38,0.253333333,7.6
1303,nos-1.csv,210718,Image_05,210718_Image_05_upper_right,upper,N2,spn4_wt,N2,nos-1,12-15-cell,205,0,0,0,0
1304,nos-1.csv,210718,Image_03,210718_Image_03_bottom,bottom,N2,spn4_wt,N2,nos-1,16-28-cell,27,0,0,0,0
1305,nos-1.csv,210718,Image_03,210718_Image_03_top,top,N2,spn4_wt,N2,nos-1,16-28-cell,158,3,29,0.183544304,9.666666667
1306,nos-1.csv,210718,Image_04,210718_Image_04,NA,N2,spn4_wt,N2,nos-1,16-28-cell,230,5,36,0.156521739,7.2
1307,nos-1.csv,210718,Image_11,210718_Image_11,NA,N2,spn4_wt,N2,nos-1,16-28-cell,146,5,56,0.383561644,11.2
1308,nos-1.csv,211028,Image_01,211028_Image_01,NA,N2,spn4_wt,N2,nos-1,2-cell,2539,23,142,0.055927531,6.173913043
1309,nos-1.csv,211028,Image_02,211028_Image_02,NA,N2,spn4_wt,N2,nos-1,2-cell,3126,16,135,0.04318618,8.4375
1310,nos-1.csv,211028,Image_05,211028_Image_05,NA,N2,spn4_wt,N2,nos-1,2-cell,3279,47,303,0.092406221,6.446808511
1311,nos-1.csv,211028,Image_09,211028_Image_09,NA,N2,spn4_wt,N2,nos-1,2-cell,3262,44,278,0.085223789,6.318181818
1312,nos-1.csv,211028,Image_10,211028_Image_10,NA,N2,spn4_wt,N2,nos-1,2-cell,2029,17,100,0.049285362,5.882352941
1313,nos-1.csv,211028,Image_11,211028_Image_11,NA,N2,spn4_wt,N2,nos-1,2-cell,2125,14,91,0.042823529,6.5
1314,nos-1.csv,211029,Image_01,211029_Image_01,NA,N2,spn4_wt,N2,nos-1,2-cell,2233,10,67,0.030004478,6.7
1315,nos-1.csv,211029,Image_02,211029_Image_02,NA,N2,spn4_wt,N2,nos-1,2-cell,2233,18,101,0.045230631,5.611111111
1316,nos-1.csv,211028,Image_08,211028_Image_08,NA,N2,spn4_wt,N2,nos-1,4-cell,851,5,48,0.05640423,9.6
1317,nos-1.csv,211028,Image_11,211028_Image_11,NA,N2,spn4_wt,N2,nos-1,4-cell,1164,10,59,0.050687285,5.9
1318,nos-1.csv,211029,Image_06,211029_Image_06,NA,N2,spn4_wt,N2,nos-1,4-cell,535,1,5,0.009345794,5
1319,nos-1.csv,211029,Image_08,211029_Image_08,NA,N2,spn4_wt,N2,nos-1,4-cell,1892,13,75,0.039640592,5.769230769
1320,nos-1.csv,211029,Image_01,211029_Image_01,NA,N2,spn4_wt,N2,nos-1,8-11-cell,1188,14,84,0.070707071,6
1321,nos-1.csv,211029,Image_07,211029_Image_07,NA,N2,spn4_wt,N2,nos-1,8-11-cell,1552,16,144,0.092783505,9
1322,nos-1.csv,211029,Image_09,211029_Image_09,NA,N2,spn4_wt,N2,nos-1,8-11-cell,1439,10,66,0.045865184,6.6
1323,nos-1.csv,211028,Image_07,211028_Image_07,NA,N2,spn4_wt,N2,nos-1,12-15-cell,560,7,47,0.083928571,6.714285714
1324,nos-1.csv,211029,Image_03,211029_Image_03,NA,N2,spn4_wt,N2,nos-1,12-15-cell,399,4,28,0.070175439,7
1325,nos-1.csv,211029,Image_04,211029_Image_04,NA,N2,spn4_wt,N2,nos-1,12-15-cell,258,3,33,0.127906977,11
1326,nos-1.csv,211028,Image_04,211028_Image_04,NA,N2,spn4_wt,N2,nos-1,16-28-cell,122,5,43,0.352459016,8.6
1327,nos-1.csv,211028,Image_06,211028_Image_06,NA,N2,spn4_wt,N2,nos-1,16-28-cell,190,3,27,0.142105263,9
1328,nos-1.csv,211029,Image_03,211029_Image_03,NA,N2,spn4_wt,N2,nos-1,16-28-cell,100,2,26,0.26,13
1329,nos-1.csv,211029,Image_05,211029_Image_05,NA,N2,spn4_wt,N2,nos-1,16-28-cell,59,3,15,0.254237288,5
1330,npr-35.csv,211015,Image_17,211015_Image_17,NA,DG5256_wDMP91,spn4_plus,Balancer_GFP,npr-35,8-11-cell,8,0,0,0,0
1331,npr-35.csv,211015,Image_22,211015_Image_22,NA,DG5256_wDMP91,spn4_plus,Balancer_GFP,npr-35,8-11-cell,9,0,0,0,0
1332,npr-35.csv,211015,Image_25,211015_Image_25,NA,DG5256_wDMP91,spn4_plus,Balancer_GFP,npr-35,8-11-cell,15,0,0,0,0
1333,npr-35.csv,211015,Image_32,211015_Image_32,NA,DG5256_wDMP91,spn4_plus,Balancer_GFP,npr-35,8-11-cell,10,0,0,0,0
1334,npr-35.csv,211018,Image_01,211018_Image_01,NA,DG5256_wDMP91,spn4_plus,Balancer_GFP,npr-35,8-11-cell,9,0,0,0,0
1335,npr-35.csv,211018,Image_19,211018_Image_19,NA,DG5256_wDMP91,spn4_plus,Balancer_GFP,npr-35,8-11-cell,1,0,0,0,0
1336,npr-35.csv,211018,Image_24,211018_Image_24,NA,DG5256_wDMP91,spn4_plus,Balancer_GFP,npr-35,8-11-cell,13,0,0,0,0
1337,npr-35.csv,211015,Image_01,211015_Image_01,NA,DG5256_wDMP91,spn4_plus,Balancer_GFP,npr-35,2-cell,5,0,0,0,0
1338,npr-35.csv,211015,Image_10,211015_Image_10,NA,DG5256_wDMP91,spn4_plus,Balancer_GFP,npr-35,2-cell,16,0,0,0,0
1339,npr-35.csv,211015,Image_15,211015_Image_15,NA,DG5256_wDMP91,spn4_plus,Balancer_GFP,npr-35,2-cell,25,0,0,0,0
1340,npr-35.csv,211015,Image_26,211015_Image_26,NA,DG5256_wDMP91,spn4_plus,Balancer_GFP,npr-35,2-cell,22,0,0,0,0
1341,npr-35.csv,211018,Image_02,211018_Image_02,NA,DG5256_wDMP91,spn4_plus,Balancer_GFP,npr-35,2-cell,20,0,0,0,0
1342,npr-35.csv,211018,Image_05,211018_Image_05,NA,DG5256_wDMP91,spn4_plus,Balancer_GFP,npr-35,2-cell,24,0,0,0,0
1343,npr-35.csv,211018,Image_06,211018_Image_06,NA,DG5256_wDMP91,spn4_plus,Balancer_GFP,npr-35,2-cell,13,0,0,0,0
1344,npr-35.csv,211018,Image_09,211018_Image_09,NA,DG5256_wDMP91,spn4_plus,Balancer_GFP,npr-35,2-cell,10,0,0,0,0
1345,npr-35.csv,211018,Image_18,211018_Image_18_upper_left,upper,DG5256_wDMP91,spn4_plus,Balancer_GFP,npr-35,2-cell,13,0,0,0,0
1346,npr-35.csv,211018,Image_18,211018_Image_18_lower_right,lower,DG5256_wDMP91,spn4_plus,Balancer_GFP,npr-35,2-cell,15,0,0,0,0
1347,npr-35.csv,211015,Image_04,211015_Image_04,NA,DG5256_wDMP91,spn4_minus,Balancer_no_GFP,npr-35,2-cell,24,0,0,0,0
1348,npr-35.csv,211015,Image_12,211015_Image_12,NA,DG5256_wDMP91,spn4_minus,Balancer_no_GFP,npr-35,2-cell,28,0,0,0,0
1349,npr-35.csv,211015,Image_13,211015_Image_13,NA,DG5256_wDMP91,spn4_minus,Balancer_no_GFP,npr-35,2-cell,20,0,0,0,0
1350,npr-35.csv,211018,Image_08,211018_Image_08,NA,DG5256_wDMP91,spn4_minus,Balancer_no_GFP,npr-35,2-cell,13,0,0,0,0
1351,npr-35.csv,211015,Image_19,211015_Image_19,NA,DG5256_wDMP91,spn4_minus,Balancer_no_GFP,npr-35,2-cell,50,0,0,0,0
1352,npr-35.csv,211018,Image_18,211018_Image_18,NA,DG5256_wDMP91,spn4_minus,Balancer_no_GFP,npr-35,2-cell,25,0,0,0,0
1353,npr-35.csv,211018,Image_28,211018_Image_28,NA,DG5256_wDMP91,spn4_minus,Balancer_no_GFP,npr-35,2-cell,31,0,0,0,0
1354,npr-35.csv,211018,Image_30,211018_Image_30,NA,DG5256_wDMP91,spn4_minus,Balancer_no_GFP,npr-35,2-cell,20,0,0,0,0
1355,npr-35.csv,211015,Image_06,211015_Image_06_top,top,DG5256_wDMP91,spn4_plus,Balancer_GFP,npr-35,4-cell,28,0,0,0,0
1356,npr-35.csv,211015,Image_06,211015_Image_06_bottom,bottom,DG5256_wDMP91,spn4_plus,Balancer_GFP,npr-35,4-cell,17,0,0,0,0
1357,npr-35.csv,211015,Image_11,211015_Image_11,NA,DG5256_wDMP91,spn4_plus,Balancer_GFP,npr-35,4-cell,18,0,0,0,0
1358,npr-35.csv,211015,Image_16,211015_Image_16,NA,DG5256_wDMP91,spn4_plus,Balancer_GFP,npr-35,4-cell,10,0,0,0,0
1359,npr-35.csv,211015,Image_28,211015_Image_28,NA,DG5256_wDMP91,spn4_plus,Balancer_GFP,npr-35,4-cell,13,0,0,0,0
1360,npr-35.csv,211018,Image_04,211018_Image_04,NA,DG5256_wDMP91,spn4_plus,Balancer_GFP,npr-35,4-cell,3,0,0,0,0
1361,npr-35.csv,211018,Image_06,211018_Image_06,NA,DG5256_wDMP91,spn4_plus,Balancer_GFP,npr-35,4-cell,12,0,0,0,0
1362,npr-35.csv,211018,Image_13,211018_Image_13,NA,DG5256_wDMP91,spn4_plus,Balancer_GFP,npr-35,4-cell,16,0,0,0,0
1363,npr-35.csv,211018,Image_24,211018_Image_24,NA,DG5256_wDMP91,spn4_plus,Balancer_GFP,npr-35,4-cell,11,0,0,0,0
1364,npr-35.csv,211015,Image_02,211015_Image_02,NA,DG5256_wDMP91,spn4_minus,Balancer_no_GFP,npr-35,4-cell,17,0,0,0,0
1365,npr-35.csv,211015,Image_29,211015_Image_29,NA,DG5256_wDMP91,spn4_minus,Balancer_no_GFP,npr-35,4-cell,25,0,0,0,0
1366,npr-35.csv,211015,Image_36,211015_Image_36,NA,DG5256_wDMP91,spn4_minus,Balancer_no_GFP,npr-35,4-cell,23,0,0,0,0
1367,npr-35.csv,211018,Image_03,211018_Image_03,NA,DG5256_wDMP91,spn4_minus,Balancer_no_GFP,npr-35,4-cell,12,0,0,0,0
1368,npr-35.csv,211018,Image_10,211018_Image_10,NA,DG5256_wDMP91,spn4_minus,Balancer_no_GFP,npr-35,4-cell,40,0,0,0,0
1369,npr-35.csv,211018,Image_17,211018_Image_17,NA,DG5256_wDMP91,spn4_minus,Balancer_no_GFP,npr-35,4-cell,45,0,0,0,0
1370,npr-35.csv,211018,Image_29,211018_Image_29,NA,DG5256_wDMP91,spn4_minus,Balancer_no_GFP,npr-35,4-cell,28,0,0,0,0
1371,npr-35.csv,211018,Image_31,211018_Image_31,NA,DG5256_wDMP91,spn4_minus,Balancer_no_GFP,npr-35,4-cell,49,0,0,0,0
1372,npr-35.csv,211015,Image_20,211015_Image_20,NA,DG5256_wDMP91,spn4_minus,Balancer_no_GFP,npr-35,8-11-cell,19,0,0,0,0
1373,npr-35.csv,211015,Image_21,211015_Image_21,NA,DG5256_wDMP91,spn4_minus,Balancer_no_GFP,npr-35,8-11-cell,17,0,0,0,0
1374,npr-35.csv,211015,Image_35,211015_Image_35,NA,DG5256_wDMP91,spn4_minus,Balancer_no_GFP,npr-35,8-11-cell,24,0,0,0,0
1375,npr-35.csv,211018,Image_15,211018_Image_15,NA,DG5256_wDMP91,spn4_minus,Balancer_no_GFP,npr-35,8-11-cell,46,0,0,0,0
1376,npr-35.csv,211018,Image_27,211018_Image_27,NA,DG5256_wDMP91,spn4_minus,Balancer_no_GFP,npr-35,8-11-cell,24,0,0,0,0
1377,npr-35.csv,211018,Image_32,211018_Image_32,NA,DG5256_wDMP91,spn4_minus,Balancer_no_GFP,npr-35,8-11-cell,16,0,0,0,0
1378,npr-35.csv,211015,Image_03,211015_Image_03,NA,DG5256_wDMP91,spn4_plus,Balancer_GFP,npr-35,12-15-cell,15,0,0,0,0
1379,npr-35.csv,211015,Image_24,211015_Image_24,NA,DG5256_wDMP91,spn4_plus,Balancer_GFP,npr-35,12-15-cell,17,0,0,0,0
1380,npr-35.csv,211015,Image_28,211015_Image_28,NA,DG5256_wDMP91,spn4_plus,Balancer_GFP,npr-35,12-15-cell,16,0,0,0,0
1381,npr-35.csv,211015,Image_30,211015_Image_30,NA,DG5256_wDMP91,spn4_plus,Balancer_GFP,npr-35,12-15-cell,18,0,0,0,0
1382,npr-35.csv,211018,Image_07,211018_Image_07,NA,DG5256_wDMP91,spn4_plus,Balancer_GFP,npr-35,12-15-cell,12,0,0,0,0
1383,npr-35.csv,211018,Image_14,211018_Image_14,NA,DG5256_wDMP91,spn4_plus,Balancer_GFP,npr-35,12-15-cell,1,0,0,0,0
1384,npr-35.csv,211018,Image_20,211018_Image_20,NA,DG5256_wDMP91,spn4_plus,Balancer_GFP,npr-35,12-15-cell,7,0,0,0,0
1385,npr-35.csv,211018,Image_21,211018_Image_21,NA,DG5256_wDMP91,spn4_plus,Balancer_GFP,npr-35,12-15-cell,20,0,0,0,0
1386,npr-35.csv,211015,Image_15,211015_Image_15,NA,DG5256_wDMP91,spn4_minus,Balancer_no_GFP,npr-35,12-15-cell,27,0,0,0,0
1387,npr-35.csv,211015,Image_18,211015_Image_18,NA,DG5256_wDMP91,spn4_minus,Balancer_no_GFP,npr-35,12-15-cell,16,0,0,0,0
1388,npr-35.csv,211015,Image_23,211015_Image_23,NA,DG5256_wDMP91,spn4_minus,Balancer_no_GFP,npr-35,12-15-cell,23,0,0,0,0
1389,npr-35.csv,211015,Image_31,211015_Image_31,NA,DG5256_wDMP91,spn4_minus,Balancer_no_GFP,npr-35,12-15-cell,19,0,0,0,0
1390,npr-35.csv,211015,Image_34,211015_Image_34,NA,DG5256_wDMP91,spn4_minus,Balancer_no_GFP,npr-35,12-15-cell,17,0,0,0,0
1391,npr-35.csv,211018,Image_09,211018_Image_09,NA,DG5256_wDMP91,spn4_minus,Balancer_no_GFP,npr-35,12-15-cell,8,0,0,0,0
1392,npr-35.csv,211018,Image_22,211018_Image_22,NA,DG5256_wDMP91,spn4_minus,Balancer_no_GFP,npr-35,12-15-cell,33,0,0,0,0
1393,npr-35.csv,211018,Image_23,211018_Image_23,NA,DG5256_wDMP91,spn4_minus,Balancer_no_GFP,npr-35,12-15-cell,25,0,0,0,0
1394,npr-35.csv,211018,Image_25,211018_Image_25,NA,DG5256_wDMP91,spn4_minus,Balancer_no_GFP,npr-35,12-15-cell,19,0,0,0,0
1395,npr-35.csv,211015,Image_11,211015_Image_11,NA,DG5256_wDMP91,spn4_plus,Balancer_GFP,npr-35,16-28-cell,13,0,0,0,0
1396,npr-35.csv,211015,Image_14,211015_Image_14_leftr,leftr,DG5256_wDMP91,spn4_plus,Balancer_GFP,npr-35,16-28-cell,26,0,0,0,0
1397,npr-35.csv,211015,Image_14,211015_Image_14_right,right,DG5256_wDMP91,spn4_plus,Balancer_GFP,npr-35,16-28-cell,12,0,0,0,0
1398,npr-35.csv,211018,Image_02,211018_Image_02,NA,DG5256_wDMP91,spn4_plus,Balancer_GFP,npr-35,16-28-cell,10,0,0,0,0
1399,npr-35.csv,211018,Image_14,211018_Image_14,NA,DG5256_wDMP91,spn4_plus,Balancer_GFP,npr-35,16-28-cell,2,0,0,0,0
1400,npr-35.csv,211018,Image_15,211018_Image_15,NA,DG5256_wDMP91,spn4_plus,Balancer_GFP,npr-35,16-28-cell,4,0,0,0,0
1401,npr-35.csv,211015,Image_05,211015_Image_05,NA,DG5256_wDMP91,spn4_plus,Balancer_GFP,npr-35,16-28-cell,24,0,0,0,0
1402,npr-35.csv,211015,Image_07,211015_Image_07,NA,DG5256_wDMP91,spn4_minus,Balancer_no_GFP,npr-35,16-28-cell,25,0,0,0,0
1403,npr-35.csv,211015,Image_09,211015_Image_09,NA,DG5256_wDMP91,spn4_minus,Balancer_no_GFP,npr-35,16-28-cell,42,0,0,0,0
1404,npr-35.csv,211015,Image_27,211015_Image_27,NA,DG5256_wDMP91,spn4_minus,Balancer_no_GFP,npr-35,16-28-cell,50,0,0,0,0
1405,npr-35.csv,211015,Image_33,211015_Image_33,NA,DG5256_wDMP91,spn4_minus,Balancer_no_GFP,npr-35,16-28-cell,33,0,0,0,0
1406,npr-35.csv,211018,Image_07,211018_Image_07,NA,DG5256_wDMP91,spn4_minus,Balancer_no_GFP,npr-35,16-28-cell,8,0,0,0,0
1407,npr-35.csv,211018,Image_09,211018_Image_09,NA,DG5256_wDMP91,spn4_minus,Balancer_no_GFP,npr-35,16-28-cell,29,0,0,0,0
1408,npr-35.csv,211018,Image_12,211018_Image_12,NA,DG5256_wDMP91,spn4_minus,Balancer_no_GFP,npr-35,16-28-cell,55,0,0,0,0
1409,npr-35.csv,211018,Image_13,211018_Image_13,NA,DG5256_wDMP91,spn4_minus,Balancer_no_GFP,npr-35,16-28-cell,48,0,0,0,0
1410,npr-35.csv,211018,Image_16,211018_Image_16,NA,DG5256_wDMP91,spn4_minus,Balancer_no_GFP,npr-35,16-28-cell,44,0,0,0,0
1411,npr-35.csv,211015,Image_03,211015_Image_03,NA,N2,spn4_wt,N2,npr-35,2-cell,14,0,0,0,0
1412,npr-35.csv,211015,Image_06,211015_Image_06,NA,N2,spn4_wt,N2,npr-35,2-cell,6,0,0,0,0
1413,npr-35.csv,211015,Image_11,211015_Image_11,NA,N2,spn4_wt,N2,npr-35,2-cell,20,1,9,0.45,9
1414,npr-35.csv,211015,Image_14,211015_Image_14,NA,N2,spn4_wt,N2,npr-35,2-cell,14,0,0,0,0
1415,npr-35.csv,211015,Image_16,211015_Image_16,NA,N2,spn4_wt,N2,npr-35,2-cell,7,0,0,0,0
1416,npr-35.csv,211018,Image_02,211018_Image_02,NA,N2,spn4_wt,N2,npr-35,2-cell,21,0,0,0,0
1417,npr-35.csv,211018,Image_09,211018_Image_09,NA,N2,spn4_wt,N2,npr-35,2-cell,14,0,0,0,0
1418,npr-35.csv,211018,Image_10,211018_Image_10,NA,N2,spn4_wt,N2,npr-35,2-cell,31,0,0,0,0
1419,npr-35.csv,211018,Image_16,211018_Image_16,NA,N2,spn4_wt,N2,npr-35,2-cell,29,0,0,0,0
1420,npr-35.csv,211015,Image_08,211015_Image_08,NA,N2,spn4_wt,N2,npr-35,4-cell,9,0,0,0,0
1421,npr-35.csv,211015,Image_10,211015_Image_10,NA,N2,spn4_wt,N2,npr-35,4-cell,8,0,0,0,0
1422,npr-35.csv,211015,Image_14,211015_Image_14,NA,N2,spn4_wt,N2,npr-35,4-cell,14,0,0,0,0
1423,npr-35.csv,211015,Image_17,211015_Image_17,NA,N2,spn4_wt,N2,npr-35,4-cell,9,0,0,0,0
1424,npr-35.csv,211018,Image_01,211018_Image_01,NA,N2,spn4_wt,N2,npr-35,4-cell,4,0,0,0,0
1425,npr-35.csv,211018,Image_05,211018_Image_05,NA,N2,spn4_wt,N2,npr-35,4-cell,18,0,0,0,0
1426,npr-35.csv,211018,Image_08,211018_Image_08,NA,N2,spn4_wt,N2,npr-35,4-cell,13,0,0,0,0
1427,npr-35.csv,211018,Image_13,211018_Image_13,NA,N2,spn4_wt,N2,npr-35,4-cell,9,0,0,0,0
1428,npr-35.csv,211015,Image_01,211015_Image_01_left,left,N2,spn4_wt,N2,npr-35,8-11-cell,13,0,0,0,0
1429,npr-35.csv,211015,Image_01,211015_Image_01_right,right,N2,spn4_wt,N2,npr-35,8-11-cell,9,0,0,0,0
1430,npr-35.csv,211015,Image_07,211015_Image_07,NA,N2,spn4_wt,N2,npr-35,8-11-cell,6,0,0,0,0
1431,npr-35.csv,211015,Image_12,211015_Image_12,NA,N2,spn4_wt,N2,npr-35,8-11-cell,4,0,0,0,0
1432,npr-35.csv,211015,Image_13,211015_Image_13,NA,N2,spn4_wt,N2,npr-35,8-11-cell,12,0,0,0,0
1433,npr-35.csv,211018,Image_12,211018_Image_12,NA,N2,spn4_wt,N2,npr-35,8-11-cell,20,0,0,0,0
1434,npr-35.csv,211018,Image_15,211018_Image_15,NA,N2,spn4_wt,N2,npr-35,8-11-cell,15,0,0,0,0
1435,npr-35.csv,211015,Image_04,211015_Image_04,NA,N2,spn4_wt,N2,npr-35,12-15-cell,11,0,0,0,0
1436,npr-35.csv,211015,Image_05,211015_Image_05,NA,N2,spn4_wt,N2,npr-35,12-15-cell,16,0,0,0,0
1437,npr-35.csv,211015,Image_13,211015_Image_13,NA,N2,spn4_wt,N2,npr-35,12-15-cell,9,0,0,0,0
1438,npr-35.csv,211018,Image_03,211018_Image_03,NA,N2,spn4_wt,N2,npr-35,12-15-cell,20,0,0,0,0
1439,npr-35.csv,211015,Image_02,211015_Image_02,NA,N2,spn4_wt,N2,npr-35,12-15-cell,21,0,0,0,0
1440,npr-35.csv,211018,Image_08,211018_Image_08,NA,N2,spn4_wt,N2,npr-35,12-15-cell,50,0,0,0,0
1441,npr-35.csv,211018,Image_09,211018_Image_09,NA,N2,spn4_wt,N2,npr-35,12-15-cell,14,0,0,0,0
1442,npr-35.csv,211018,Image_11,211018_Image_11,NA,N2,spn4_wt,N2,npr-35,12-15-cell,10,0,0,0,0
1443,npr-35.csv,211018,Image_13,211018_Image_13,NA,N2,spn4_wt,N2,npr-35,12-15-cell,38,0,0,0,0
1444,npr-35.csv,211015,Image_02,211015_Image_02,NA,N2,spn4_wt,N2,npr-35,16-28-cell,44,0,0,0,0
1445,npr-35.csv,211015,Image_09,211015_Image_09_left,left,N2,spn4_wt,N2,npr-35,16-28-cell,25,0,0,0,0
1446,npr-35.csv,211015,Image_09,211015_Image_09_right,right,N2,spn4_wt,N2,npr-35,16-28-cell,6,0,0,0,0
1447,npr-35.csv,211015,Image_15,211015_Image_15,NA,N2,spn4_wt,N2,npr-35,16-28-cell,15,0,0,0,0
1448,npr-35.csv,211018,Image_04,211018_Image_04,NA,N2,spn4_wt,N2,npr-35,16-28-cell,35,0,0,0,0
1449,npr-35.csv,211018,Image_06,211018_Image_06,NA,N2,spn4_wt,N2,npr-35,16-28-cell,34,0,0,0,0
1450,npr-35.csv,211018,Image_07,211018_Image_07,NA,N2,spn4_wt,N2,npr-35,16-28-cell,11,0,0,0,0
1451,npr-35.csv,211018,Image_14,211018_Image_14,NA,N2,spn4_wt,N2,npr-35,16-28-cell,16,0,0,0,0
1452,oma-2.csv,211109,Image_03,211109_Image_03,NA,DG5256_wDMP91,spn4_plus,Balancer_GFP,oma-2,2-cell,23636,905,11261,0.476434253,12.44309392
1453,oma-2.csv,211109,Image_10,211109_Image_10,NA,DG5256_wDMP91,spn4_plus,Balancer_GFP,oma-2,2-cell,19033,755,7417,0.389691588,9.82384106
1454,oma-2.csv,211109,Image_15,211109_Image_15,NA,DG5256_wDMP91,spn4_plus,Balancer_GFP,oma-2,2-cell,21355,763,11054,0.517630531,14.48754915
1455,oma-2.csv,211109,Image_18,211109_Image_18,NA,DG5256_wDMP91,spn4_plus,Balancer_GFP,oma-2,2-cell,17789,706,8452,0.475125077,11.97167139
1456,oma-2.csv,211109,Image_23,211109_Image_23,NA,DG5256_wDMP91,spn4_plus,Balancer_GFP,oma-2,2-cell,20506,860,7620,0.371598557,8.860465116
1457,oma-2.csv,211109,Image_34,211109_Image_34,NA,DG5256_wDMP91,spn4_plus,Balancer_GFP,oma-2,2-cell,18862,603,11401,0.604442795,18.90713101
1458,oma-2.csv,211113,Image_05,211113_Image_05,NA,DG5256_wDMP91,spn4_plus,Balancer_GFP,oma-2,2-cell,18879,710,10019,0.530695482,14.11126761
1459,oma-2.csv,211113,Image_13,211113_Image_13,NA,DG5256_wDMP91,spn4_plus,Balancer_GFP,oma-2,2-cell,25555,696,16120,0.630796322,23.16091954
1460,oma-2.csv,211109,Image_05,211109_Image_05,NA,DG5256_wDMP91,spn4_minus,Balancer_no_GFP,oma-2,2-cell,23171,705,14295,0.616934962,20.27659574
1461,oma-2.csv,211109,Image_09,211109_Image_09,NA,DG5256_wDMP91,spn4_minus,Balancer_no_GFP,oma-2,2-cell,21944,567,15865,0.722976668,27.98059965
1462,oma-2.csv,211109,Image_19,211109_Image_19,NA,DG5256_wDMP91,spn4_minus,Balancer_no_GFP,oma-2,2-cell,18048,668,9385,0.520002216,14.0494012
1463,oma-2.csv,211109,Image_23,211109_Image_23,NA,DG5256_wDMP91,spn4_minus,Balancer_no_GFP,oma-2,2-cell,22001,703,12213,0.555111131,17.37268848
1464,oma-2.csv,211113,Image_09,211113_Image_09,NA,DG5256_wDMP91,spn4_minus,Balancer_no_GFP,oma-2,2-cell,21167,587,14678,0.693437899,25.00511073
1465,oma-2.csv,211113,Image_22,211113_Image_22_bottom,bottom,DG5256_wDMP91,spn4_minus,Balancer_no_GFP,oma-2,2-cell,14579,399,9116,0.625282941,22.84711779
1466,oma-2.csv,211113,Image_22,211113_Image_22_top,top,DG5256_wDMP91,spn4_minus,Balancer_no_GFP,oma-2,2-cell,22026,742,12957,0.58825933,17.46226415
1467,oma-2.csv,211113,Image_23,211113_Image_23,NA,DG5256_wDMP91,spn4_minus,Balancer_no_GFP,oma-2,2-cell,20450,654,13041,0.637701711,19.94036697
1468,oma-2.csv,211109,Image_06,211109_Image_06,NA,DG5256_wDMP91,spn4_plus,Balancer_GFP,oma-2,4-cell,17879,498,11288,0.631355221,22.66666667
1469,oma-2.csv,211109,Image_17,211109_Image_17,NA,DG5256_wDMP91,spn4_plus,Balancer_GFP,oma-2,4-cell,14649,435,7143,0.487610076,16.42068966
1470,oma-2.csv,211109,Image_27,211109_Image_27,NA,DG5256_wDMP91,spn4_plus,Balancer_GFP,oma-2,4-cell,18843,511,9566,0.50766863,18.72015656
1471,oma-2.csv,211109,Image_31,211109_Image_31,NA,DG5256_wDMP91,spn4_plus,Balancer_GFP,oma-2,4-cell,10023,295,4010,0.400079816,13.59322034
1472,oma-2.csv,211113,Image_01,211113_Image_01,NA,DG5256_wDMP91,spn4_plus,Balancer_GFP,oma-2,4-cell,16963,515,10018,0.590579497,19.45242718
1473,oma-2.csv,211113,Image_18,211113_Image_18,NA,DG5256_wDMP91,spn4_plus,Balancer_GFP,oma-2,4-cell,15341,457,9726,0.633987354,21.28227571
1474,oma-2.csv,211113,Image_25,211113_Image_25,NA,DG5256_wDMP91,spn4_plus,Balancer_GFP,oma-2,4-cell,17749,500,12046,0.678686123,24.092
1475,oma-2.csv,211109,Image_16,211109_Image_16,NA,DG5256_wDMP91,spn4_minus,Balancer_no_GFP,oma-2,4-cell,22359,855,13168,0.588935104,15.40116959
1476,oma-2.csv,211109,Image_32,211109_Image_32,NA,DG5256_wDMP91,spn4_minus,Balancer_no_GFP,oma-2,4-cell,19906,794,9775,0.491057972,12.31108312
1477,oma-2.csv,211109,Image_34,211109_Image_34,NA,DG5256_wDMP91,spn4_minus,Balancer_no_GFP,oma-2,4-cell,26202,737,15763,0.601595298,21.3880597
1478,oma-2.csv,211109,Image_35,211109_Image_35,NA,DG5256_wDMP91,spn4_minus,Balancer_no_GFP,oma-2,4-cell,24816,861,14548,0.586234687,16.89663182
1479,oma-2.csv,211113,Image_03,211113_Image_03,NA,DG5256_wDMP91,spn4_minus,Balancer_no_GFP,oma-2,4-cell,22116,794,14678,0.663682402,18.4861461
1480,oma-2.csv,211113,Image_06,211113_Image_06,NA,DG5256_wDMP91,spn4_minus,Balancer_no_GFP,oma-2,4-cell,27688,927,17515,0.632584513,18.89428263
1481,oma-2.csv,211113,Image_13,211113_Image_13,NA,DG5256_wDMP91,spn4_minus,Balancer_no_GFP,oma-2,4-cell,22783,701,15524,0.681385243,22.14550642
1482,oma-2.csv,211113,Image_17,211113_Image_17,NA,DG5256_wDMP91,spn4_minus,Balancer_no_GFP,oma-2,4-cell,17426,664,8810,0.505566395,13.26807229
1483,oma-2.csv,211109,Image_04,211109_Image_04,NA,DG5256_wDMP91,spn4_plus,Balancer_GFP,oma-2,8-11-cell,14699,442,6701,0.455881352,15.16063348
1484,oma-2.csv,211109,Image_07,211109_Image_07,NA,DG5256_wDMP91,spn4_plus,Balancer_GFP,oma-2,8-11-cell,10700,229,4486,0.419252336,19.58951965
1485,oma-2.csv,211109,Image_12,211109_Image_12,NA,DG5256_wDMP91,spn4_plus,Balancer_GFP,oma-2,8-11-cell,15016,472,6215,0.413891849,13.16737288
1486,oma-2.csv,211109,Image_11,211109_Image_11,NA,DG5256_wDMP91,spn4_plus,Balancer_GFP,oma-2,8-11-cell,13581,405,6533,0.481039688,16.1308642
1487,oma-2.csv,211109,Image_26,211109_Image_26,NA,DG5256_wDMP91,spn4_plus,Balancer_GFP,oma-2,8-11-cell,9976,363,3890,0.389935846,10.71625344
1488,oma-2.csv,211109,Image_33,211109_Image_33,NA,DG5256_wDMP91,spn4_plus,Balancer_GFP,oma-2,8-11-cell,22265,800,12391,0.556523692,15.48875
1489,oma-2.csv,211109,Image_34,211109_Image_34,NA,DG5256_wDMP91,spn4_plus,Balancer_GFP,oma-2,8-11-cell,11638,272,4141,0.355817151,15.22426471
1490,oma-2.csv,211113,Image_09,211113_Image_09,NA,DG5256_wDMP91,spn4_plus,Balancer_GFP,oma-2,8-11-cell,5629,128,2018,0.358500622,15.765625
1491,oma-2.csv,211113,Image_25,211113_Image_25,NA,DG5256_wDMP91,spn4_plus,Balancer_GFP,oma-2,8-11-cell,10866,343,5840,0.537456286,17.02623907
1492,oma-2.csv,211113,Image_26,211113_Image_26,NA,DG5256_wDMP91,spn4_plus,Balancer_GFP,oma-2,8-11-cell,6920,181,3469,0.501300578,19.16574586
1493,oma-2.csv,211109,Image_20,211109_Image_20,NA,DG5256_wDMP91,spn4_minus,Balancer_no_GFP,oma-2,8-11-cell,18439,671,8798,0.477140843,13.11177347
1494,oma-2.csv,211109,Image_21,211109_Image_21,NA,DG5256_wDMP91,spn4_minus,Balancer_no_GFP,oma-2,8-11-cell,13036,450,7080,0.543111384,15.73333333
1495,oma-2.csv,211109,Image_31,211109_Image_31_left,left,DG5256_wDMP91,spn4_minus,Balancer_no_GFP,oma-2,8-11-cell,18310,627,10413,0.568705625,16.6076555
1496,oma-2.csv,211109,Image_31,211109_Image_31_right,right,DG5256_wDMP91,spn4_minus,Balancer_no_GFP,oma-2,8-11-cell,24506,871,15107,0.616461275,17.34443169
1497,oma-2.csv,211113,Image_01,211113_Image_01,NA,DG5256_wDMP91,spn4_minus,Balancer_no_GFP,oma-2,8-11-cell,25000,720,17853,0.71412,24.79583333
1498,oma-2.csv,211113,Image_02,211113_Image_02_top,top,DG5256_wDMP91,spn4_minus,Balancer_no_GFP,oma-2,8-11-cell,28367,948,18381,0.647971234,19.38924051
1499,oma-2.csv,211113,Image_02,211113_Image_02_bottom,bottom,DG5256_wDMP91,spn4_minus,Balancer_no_GFP,oma-2,8-11-cell,24666,687,15782,0.639828103,22.97234352
1500,oma-2.csv,211113,Image_07,211113_Image_07,NA,DG5256_wDMP91,spn4_minus,Balancer_no_GFP,oma-2,8-11-cell,15173,558,9095,0.599420022,16.29928315
1501,oma-2.csv,211109,Image_14,211109_Image_14,NA,DG5256_wDMP91,spn4_plus,Balancer_GFP,oma-2,12-15-cell,3364,72,1576,0.468489893,21.88888889
1502,oma-2.csv,211109,Image_24,211109_Image_24,NA,DG5256_wDMP91,spn4_plus,Balancer_GFP,oma-2,12-15-cell,5669,111,2548,0.449461986,22.95495495
1503,oma-2.csv,211109,Image_25,211109_Image_25,NA,DG5256_wDMP91,spn4_plus,Balancer_GFP,oma-2,12-15-cell,3460,62,1675,0.484104046,27.01612903
1504,oma-2.csv,211113,Image_14,211113_Image_14,NA,DG5256_wDMP91,spn4_plus,Balancer_GFP,oma-2,12-15-cell,6008,191,2658,0.44241012,13.91623037
1505,oma-2.csv,211113,Image_16,211113_Image_16,NA,DG5256_wDMP91,spn4_plus,Balancer_GFP,oma-2,12-15-cell,6621,191,2967,0.448119619,15.53403141
1506,oma-2.csv,211113,Image_20,211113_Image_20,NA,DG5256_wDMP91,spn4_plus,Balancer_GFP,oma-2,12-15-cell,2858,40,1285,0.449615115,32.125
1507,oma-2.csv,211113,Image_21,211113_Image_21,NA,DG5256_wDMP91,spn4_plus,Balancer_GFP,oma-2,12-15-cell,3296,111,1372,0.416262136,12.36036036
1508,oma-2.csv,211109,Image_08,211109_Image_08,NA,DG5256_wDMP91,spn4_minus,Balancer_no_GFP,oma-2,12-15-cell,19879,678,12656,0.636651743,18.66666667
1509,oma-2.csv,211109,Image_18,211109_Image_18,NA,DG5256_wDMP91,spn4_minus,Balancer_no_GFP,oma-2,12-15-cell,17642,606,8228,0.466387031,13.57755776
1510,oma-2.csv,211109,Image_28,211109_Image_28,NA,DG5256_wDMP91,spn4_minus,Balancer_no_GFP,oma-2,12-15-cell,19546,716,11016,0.563593574,15.38547486
1511,oma-2.csv,211109,Image_29,211109_Image_29,NA,DG5256_wDMP91,spn4_minus,Balancer_no_GFP,oma-2,12-15-cell,18635,715,9849,0.528521599,13.77482517
1512,oma-2.csv,211109,Image_30,211109_Image_30,NA,DG5256_wDMP91,spn4_minus,Balancer_no_GFP,oma-2,12-15-cell,13306,495,6510,0.489252969,13.15151515
1513,oma-2.csv,211113,Image_10,211113_Image_10,NA,DG5256_wDMP91,spn4_minus,Balancer_no_GFP,oma-2,12-15-cell,20285,810,14848,0.731969436,18.3308642
1514,oma-2.csv,211113,Image_19,211113_Image_19,NA,DG5256_wDMP91,spn4_minus,Balancer_no_GFP,oma-2,12-15-cell,21090,662,12589,0.596917971,19.01661631
1515,oma-2.csv,211113,Image_23,211113_Image_23,NA,DG5256_wDMP91,spn4_minus,Balancer_no_GFP,oma-2,12-15-cell,17096,557,11566,0.676532522,20.76481149
1516,oma-2.csv,211113,Image_24,211113_Image_24,NA,DG5256_wDMP91,spn4_minus,Balancer_no_GFP,oma-2,12-15-cell,21805,561,16463,0.755010319,29.34581105
1517,oma-2.csv,211109,Image_04,211109_Image_04,NA,DG5256_wDMP91,spn4_plus,Balancer_GFP,oma-2,16-28-cell,1042,20,627,0.601727447,31.35
1518,oma-2.csv,211109,Image_13,211109_Image_13,NA,DG5256_wDMP91,spn4_plus,Balancer_GFP,oma-2,16-28-cell,1145,14,553,0.482969432,39.5
1519,oma-2.csv,211109,Image_20,211109_Image_20,NA,DG5256_wDMP91,spn4_plus,Balancer_GFP,oma-2,16-28-cell,250,3,18,0.072,6
1520,oma-2.csv,211109,Image_22,211109_Image_22,NA,DG5256_wDMP91,spn4_plus,Balancer_GFP,oma-2,16-28-cell,1955,25,949,0.485421995,37.96
1521,oma-2.csv,211113,Image_04,211113_Image_04,NA,DG5256_wDMP91,spn4_plus,Balancer_GFP,oma-2,16-28-cell,1518,43,716,0.471673254,16.65116279
1522,oma-2.csv,211113,Image_11,211113_Image_11_lower_right,lower,DG5256_wDMP91,spn4_plus,Balancer_GFP,oma-2,16-28-cell,975,6,647,0.663589744,107.8333333
1523,oma-2.csv,211113,Image_11,211113_Image_11_upper_left,upper,DG5256_wDMP91,spn4_plus,Balancer_GFP,oma-2,16-28-cell,941,12,562,0.597236982,46.83333333
1524,oma-2.csv,211113,Image_12,211113_Image_12,NA,DG5256_wDMP91,spn4_plus,Balancer_GFP,oma-2,16-28-cell,2833,38,922,0.325450053,24.26315789
1525,oma-2.csv,211109,Image_01,211109_Image_01,NA,DG5256_wDMP91,spn4_minus,Balancer_no_GFP,oma-2,16-28-cell,12317,433,5492,0.445887797,12.68360277
1526,oma-2.csv,211109,Image_02,211109_Image_02,NA,DG5256_wDMP91,spn4_minus,Balancer_no_GFP,oma-2,16-28-cell,16411,619,9286,0.565839985,15.00161551
1527,oma-2.csv,211109,Image_06,211109_Image_06,NA,DG5256_wDMP91,spn4_minus,Balancer_no_GFP,oma-2,16-28-cell,17794,727,9935,0.55833427,13.66574966
1528,oma-2.csv,211109,Image_23,211109_Image_23,NA,DG5256_wDMP91,spn4_minus,Balancer_no_GFP,oma-2,16-28-cell,19239,724,8523,0.443006393,11.77209945
1529,oma-2.csv,211113,Image_03,211113_Image_03,NA,DG5256_wDMP91,spn4_minus,Balancer_no_GFP,oma-2,16-28-cell,18466,774,10583,0.573107332,13.67312661
1530,oma-2.csv,211113,Image_08,211113_Image_08,NA,DG5256_wDMP91,spn4_minus,Balancer_no_GFP,oma-2,16-28-cell,23547,858,16079,0.682847072,18.74009324
1531,oma-2.csv,211113,Image_11,211113_Image_11,NA,DG5256_wDMP91,spn4_minus,Balancer_no_GFP,oma-2,16-28-cell,14819,631,7670,0.517578784,12.15530903
1532,oma-2.csv,211113,Image_15,211113_Image_15,NA,DG5256_wDMP91,spn4_minus,Balancer_no_GFP,oma-2,16-28-cell,19350,597,11835,0.611627907,19.8241206
1533,oma-2.csv,211109,Image_01,211109_Image_01,NA,N2,spn4_wt,N2,oma-2,2-cell,21327,706,11989,0.562151264,16.9815864
1534,oma-2.csv,211109,Image_04,211109_Image_04,NA,N2,spn4_wt,N2,oma-2,2-cell,14230,467,6929,0.486929023,14.8372591
1535,oma-2.csv,211109,Image_05,211109_Image_05,NA,N2,spn4_wt,N2,oma-2,2-cell,19252,759,10028,0.520880947,13.21212121
1536,oma-2.csv,211109,Image_10,211109_Image_10_lower_right,lower,N2,spn4_wt,N2,oma-2,2-cell,17681,543,10455,0.591312709,19.25414365
1537,oma-2.csv,211109,Image_10,211109_Image_10_upper_left,upper,N2,spn4_wt,N2,oma-2,2-cell,23530,902,12801,0.544028899,14.19179601
1538,oma-2.csv,211113,Image_07,211113_Image_07,NA,N2,spn4_wt,N2,oma-2,2-cell,19815,575,13358,0.674135756,23.23130435
1539,oma-2.csv,211113,Image_16,211113_Image_16,NA,N2,spn4_wt,N2,oma-2,2-cell,13610,563,5289,0.388611315,9.394316163
1540,oma-2.csv,211113,Image_14,211113_Image_14,NA,N2,spn4_wt,N2,oma-2,2-cell,18004,566,11588,0.643634748,20.47349823
1541,oma-2.csv,211109,Image_01,211109_Image_01,NA,N2,spn4_wt,N2,oma-2,4-cell,16283,501,9037,0.554996008,18.03792415
1542,oma-2.csv,211109,Image_02,211109_Image_02,NA,N2,spn4_wt,N2,oma-2,4-cell,8281,206,4060,0.490278952,19.70873786
1543,oma-2.csv,211109,Image_13,211109_Image_13,NA,N2,spn4_wt,N2,oma-2,4-cell,10776,355,4707,0.436804009,13.25915493
1544,oma-2.csv,211109,Image_14,211109_Image_14,NA,N2,spn4_wt,N2,oma-2,4-cell,6055,205,2034,0.335920727,9.92195122
1545,oma-2.csv,211109,Image_15,211109_Image_15,NA,N2,spn4_wt,N2,oma-2,4-cell,13998,375,8543,0.610301472,22.78133333
1546,oma-2.csv,211113,Image_05,211113_Image_05,NA,N2,spn4_wt,N2,oma-2,4-cell,14984,540,8848,0.59049653,16.38518519
1547,oma-2.csv,211113,Image_11,211113_Image_11,NA,N2,spn4_wt,N2,oma-2,4-cell,12709,455,5409,0.425603903,11.88791209
1548,oma-2.csv,211113,Image_12,211113_Image_12,NA,N2,spn4_wt,N2,oma-2,4-cell,13608,568,6264,0.46031746,11.02816901
1549,oma-2.csv,211109,Image_07,211109_Image_07,NA,N2,spn4_wt,N2,oma-2,8-11-cell,4520,83,1519,0.336061947,18.30120482
1550,oma-2.csv,211109,Image_08,211109_Image_08,NA,N2,spn4_wt,N2,oma-2,8-11-cell,3746,83,1087,0.290176188,13.09638554
1551,oma-2.csv,211109,Image_09,211109_Image_09,NA,N2,spn4_wt,N2,oma-2,8-11-cell,7008,148,2731,0.389697489,18.4527027
1552,oma-2.csv,211109,Image_12,211109_Image_12,NA,N2,spn4_wt,N2,oma-2,8-11-cell,546,13,113,0.206959707,8.692307692
1553,oma-2.csv,211113,Image_01,211113_Image_01,NA,N2,spn4_wt,N2,oma-2,8-11-cell,5381,152,2338,0.43449173,15.38157895
1554,oma-2.csv,211113,Image_02,211113_Image_02,NA,N2,spn4_wt,N2,oma-2,8-11-cell,7165,172,3865,0.539427774,22.47093023
1555,oma-2.csv,211113,Image_06,211113_Image_06,NA,N2,spn4_wt,N2,oma-2,8-11-cell,8285,229,3841,0.463608932,16.77292576
1556,oma-2.csv,211113,Image_09,211113_Image_09,NA,N2,spn4_wt,N2,oma-2,8-11-cell,4319,111,1590,0.368140773,14.32432432
1557,oma-2.csv,211109,Image_03,211109_Image_03,NA,N2,spn4_wt,N2,oma-2,12-15-cell,2057,43,995,0.483714147,23.13953488
1558,oma-2.csv,211109,Image_06,211109_Image_06,NA,N2,spn4_wt,N2,oma-2,12-15-cell,2552,48,1281,0.501959248,26.6875
1559,oma-2.csv,211109,Image_09,211109_Image_09,NA,N2,spn4_wt,N2,oma-2,12-15-cell,2289,29,743,0.324595893,25.62068966
1560,oma-2.csv,211109,Image_11,211109_Image_11,NA,N2,spn4_wt,N2,oma-2,12-15-cell,3564,69,1059,0.297138047,15.34782609
1561,oma-2.csv,211113,Image_01,211113_Image_01,NA,N2,spn4_wt,N2,oma-2,12-15-cell,1874,41,851,0.454108858,20.75609756
1562,oma-2.csv,211113,Image_03,211113_Image_03,NA,N2,spn4_wt,N2,oma-2,12-15-cell,3370,96,1355,0.402077151,14.11458333
1563,oma-2.csv,211113,Image_08,211113_Image_08,NA,N2,spn4_wt,N2,oma-2,12-15-cell,3552,71,1443,0.40625,20.32394366
1564,oma-2.csv,211113,Image_10,211113_Image_10,NA,N2,spn4_wt,N2,oma-2,12-15-cell,2671,47,1057,0.395731936,22.4893617
1565,oma-2.csv,211109,Image_13,211109_Image_13,NA,N2,spn4_wt,N2,oma-2,16-28-cell,1046,13,526,0.502868069,40.46153846
1566,oma-2.csv,211109,Image_15,211109_Image_15,NA,N2,spn4_wt,N2,oma-2,16-28-cell,1242,18,585,0.471014493,32.5
1567,oma-2.csv,211109,Image_16,211109_Image_16,NA,N2,spn4_wt,N2,oma-2,16-28-cell,392,8,195,0.49744898,24.375
1568,oma-2.csv,211109,Image_17,211109_Image_17,NA,N2,spn4_wt,N2,oma-2,16-28-cell,571,11,367,0.642732049,33.36363636
1569,oma-2.csv,211113,Image_02,211113_Image_02,NA,N2,spn4_wt,N2,oma-2,16-28-cell,1429,19,955,0.66829951,50.26315789
1570,oma-2.csv,211113,Image_04,211113_Image_04,NA,N2,spn4_wt,N2,oma-2,16-28-cell,558,13,349,0.625448029,26.84615385
1571,oma-2.csv,211113,Image_13,211113_Image_13,NA,N2,spn4_wt,N2,oma-2,16-28-cell,590,12,186,0.315254237,15.5
1572,oma-2.csv,211113,Image_15,211113_Image_15,NA,N2,spn4_wt,N2,oma-2,16-28-cell,869,12,390,0.448791715,32.5
1573,pigv-1.csv,211113,Image_03,211113_Image_03,NA,DG5256_wDMP91,spn4_plus,Balancer_GFP,pigv-1,2-cell,7071,241,2152,0.304341677,8.929460581
1574,pigv-1.csv,211113,Image_12,211113_Image_12,NA,DG5256_wDMP91,spn4_plus,Balancer_GFP,pigv-1,2-cell,6556,240,2439,0.372025625,10.1625
1575,pigv-1.csv,211113,Image_15,211113_Image_15,NA,DG5256_wDMP91,spn4_plus,Balancer_GFP,pigv-1,2-cell,7167,190,1473,0.205525324,7.752631579
1576,pigv-1.csv,211113,Image_17,211113_Image_17,NA,DG5256_wDMP91,spn4_plus,Balancer_GFP,pigv-1,2-cell,5868,154,1176,0.200408998,7.636363636
1577,pigv-1.csv,211109,Image_10,211109_Image_10,NA,DG5256_wDMP91,spn4_plus,Balancer_GFP,pigv-1,2-cell,7298,203,1983,0.271718279,9.768472906
1578,pigv-1.csv,211109,Image_14,211109_Image_14,NA,DG5256_wDMP91,spn4_plus,Balancer_GFP,pigv-1,2-cell,7581,248,2454,0.323703997,9.89516129
1579,pigv-1.csv,211109,Image_15,211109_Image_15,NA,DG5256_wDMP91,spn4_plus,Balancer_GFP,pigv-1,2-cell,7913,255,2209,0.279160875,8.662745098
1580,pigv-1.csv,211109,Image_18,211109_Image_18,NA,DG5256_wDMP91,spn4_plus,Balancer_GFP,pigv-1,2-cell,6696,211,2099,0.313470729,9.947867299
1581,pigv-1.csv,211113,Image_09,211113_Image_09,NA,DG5256_wDMP91,spn4_minus,Balancer_no_GFP,pigv-1,2-cell,6102,154,1093,0.179121599,7.097402597
1582,pigv-1.csv,211113,Image_19,211113_Image_19,NA,DG5256_wDMP91,spn4_minus,Balancer_no_GFP,pigv-1,2-cell,6443,155,1271,0.197268353,8.2
1583,pigv-1.csv,211113,Image_27,211113_Image_27,NA,DG5256_wDMP91,spn4_minus,Balancer_no_GFP,pigv-1,2-cell,5047,144,1185,0.234792946,8.229166667
1584,pigv-1.csv,211113,Image_33,211113_Image_33,NA,DG5256_wDMP91,spn4_minus,Balancer_no_GFP,pigv-1,2-cell,5570,118,845,0.151705566,7.161016949
1585,pigv-1.csv,211109,Image_20,211109_Image_20,NA,DG5256_wDMP91,spn4_minus,Balancer_no_GFP,pigv-1,2-cell,7109,150,1231,0.173160782,8.206666667
1586,pigv-1.csv,211109,Image_04,211109_Image_04,NA,DG5256_wDMP91,spn4_minus,Balancer_no_GFP,pigv-1,2-cell,8338,166,1143,0.137083233,6.885542169
1587,pigv-1.csv,211109,Image_21,211109_Image_21,NA,DG5256_wDMP91,spn4_minus,Balancer_no_GFP,pigv-1,2-cell,7619,213,1736,0.227851424,8.150234742
1588,pigv-1.csv,211109,Image_24,211109_Image_24,NA,DG5256_wDMP91,spn4_minus,Balancer_no_GFP,pigv-1,2-cell,5691,129,1111,0.195220524,8.612403101
1589,pigv-1.csv,211113,Image_01,211113_Image_01,NA,DG5256_wDMP91,spn4_plus,Balancer_GFP,pigv-1,4-cell,6758,178,1698,0.251257769,9.539325843
1590,pigv-1.csv,211113,Image_04,211113_Image_04,NA,DG5256_wDMP91,spn4_plus,Balancer_GFP,pigv-1,4-cell,4986,165,1412,0.28319294,8.557575758
1591,pigv-1.csv,211113,Image_11,211113_Image_11,NA,DG5256_wDMP91,spn4_plus,Balancer_GFP,pigv-1,4-cell,5861,169,1448,0.247056816,8.568047337
1592,pigv-1.csv,211113,Image_17,211113_Image_17,NA,DG5256_wDMP91,spn4_plus,Balancer_GFP,pigv-1,4-cell,6170,177,1483,0.240356564,8.378531073
1593,pigv-1.csv,211113,Image_20,211113_Image_20,NA,DG5256_wDMP91,spn4_plus,Balancer_GFP,pigv-1,4-cell,6048,151,1306,0.215939153,8.649006623
1594,pigv-1.csv,211109,Image_13,211109_Image_13,NA,DG5256_wDMP91,spn4_plus,Balancer_GFP,pigv-1,4-cell,6609,184,1843,0.278862158,10.01630435
1595,pigv-1.csv,211109,Image_17,211109_Image_17,NA,DG5256_wDMP91,spn4_plus,Balancer_GFP,pigv-1,4-cell,7617,222,2263,0.297098595,10.19369369
1596,pigv-1.csv,211109,Image_23,211109_Image_23,NA,DG5256_wDMP91,spn4_plus,Balancer_GFP,pigv-1,4-cell,6925,214,1851,0.267292419,8.64953271
1597,pigv-1.csv,211109,Image_26,211109_Image_26,NA,DG5256_wDMP91,spn4_plus,Balancer_GFP,pigv-1,4-cell,6122,194,1600,0.261352499,8.24742268
1598,pigv-1.csv,211109,Image_29,211109_Image_29,NA,DG5256_wDMP91,spn4_plus,Balancer_GFP,pigv-1,4-cell,6120,192,1668,0.27254902,8.6875
1599,pigv-1.csv,211113,Image_24,211113_Image_24,NA,DG5256_wDMP91,spn4_minus,Balancer_no_GFP,pigv-1,4-cell,5804,156,1310,0.225706409,8.397435897
1600,pigv-1.csv,211113,Image_25,211113_Image_25,NA,DG5256_wDMP91,spn4_minus,Balancer_no_GFP,pigv-1,4-cell,5312,124,1010,0.190135542,8.14516129
1601,pigv-1.csv,211113,Image_28,211113_Image_28,NA,DG5256_wDMP91,spn4_minus,Balancer_no_GFP,pigv-1,4-cell,5616,149,1156,0.205840456,7.758389262
1602,pigv-1.csv,211113,Image_29,211113_Image_29,NA,DG5256_wDMP91,spn4_minus,Balancer_no_GFP,pigv-1,4-cell,5750,151,1407,0.244695652,9.317880795
1603,pigv-1.csv,211109,Image_07,211109_Image_07,NA,DG5256_wDMP91,spn4_minus,Balancer_no_GFP,pigv-1,4-cell,5766,161,1944,0.337148803,12.07453416
1604,pigv-1.csv,211109,Image_30,211109_Image_30,NA,DG5256_wDMP91,spn4_minus,Balancer_no_GFP,pigv-1,4-cell,6933,212,1800,0.259627867,8.490566038
1605,pigv-1.csv,211109,Image_33,211109_Image_33,NA,DG5256_wDMP91,spn4_minus,Balancer_no_GFP,pigv-1,4-cell,5426,139,1355,0.249723553,9.748201439
1606,pigv-1.csv,211109,Image_34,211109_Image_34,NA,DG5256_wDMP91,spn4_minus,Balancer_no_GFP,pigv-1,4-cell,6715,156,1380,0.205510052,8.846153846
1607,pigv-1.csv,211113,Image_08,211113_Image_08,NA,DG5256_wDMP91,spn4_plus,Balancer_GFP,pigv-1,8-11-cell,4874,112,853,0.175010259,7.616071429
1608,pigv-1.csv,211113,Image_16,211113_Image_16,NA,DG5256_wDMP91,spn4_plus,Balancer_GFP,pigv-1,8-11-cell,5260,156,1260,0.239543726,8.076923077
1609,pigv-1.csv,211113,Image_21,211113_Image_21,NA,DG5256_wDMP91,spn4_plus,Balancer_GFP,pigv-1,8-11-cell,5212,156,1394,0.267459708,8.935897436
1610,pigv-1.csv,211109,Image_12,211109_Image_12,NA,DG5256_wDMP91,spn4_plus,Balancer_GFP,pigv-1,8-11-cell,4597,110,1013,0.220361105,9.209090909
1611,pigv-1.csv,211109,Image_28,211109_Image_28,NA,DG5256_wDMP91,spn4_plus,Balancer_GFP,pigv-1,8-11-cell,5285,143,1213,0.229517502,8.482517483
1612,pigv-1.csv,211109,Image_29,211109_Image_29,NA,DG5256_wDMP91,spn4_plus,Balancer_GFP,pigv-1,8-11-cell,4137,102,699,0.168963017,6.852941176
1613,pigv-1.csv,211109,Image_32,211109_Image_32,NA,DG5256_wDMP91,spn4_plus,Balancer_GFP,pigv-1,8-11-cell,6021,126,1026,0.170403587,8.142857143
1614,pigv-1.csv,211113,Image_13,211113_Image_13,NA,DG5256_wDMP91,spn4_minus,Balancer_no_GFP,pigv-1,8-11-cell,5741,137,1045,0.182024038,7.627737226
1615,pigv-1.csv,211113,Image_23,211113_Image_23,NA,DG5256_wDMP91,spn4_minus,Balancer_no_GFP,pigv-1,8-11-cell,6734,155,1205,0.178942679,7.774193548
1616,pigv-1.csv,211113,Image_31,211113_Image_31,NA,DG5256_wDMP91,spn4_minus,Balancer_no_GFP,pigv-1,8-11-cell,5801,134,1084,0.186864334,8.089552239
1617,pigv-1.csv,211113,Image_32,211113_Image_32,NA,DG5256_wDMP91,spn4_minus,Balancer_no_GFP,pigv-1,8-11-cell,5330,98,724,0.135834897,7.387755102
1618,pigv-1.csv,211109,Image_22,211109_Image_22,NA,DG5256_wDMP91,spn4_minus,Balancer_no_GFP,pigv-1,8-11-cell,5878,138,1023,0.174038789,7.413043478
1619,pigv-1.csv,211109,Image_33,211109_Image_33,NA,DG5256_wDMP91,spn4_minus,Balancer_no_GFP,pigv-1,8-11-cell,7067,178,1647,0.233055045,9.252808989
1620,pigv-1.csv,211109,Image_36,211109_Image_36,NA,DG5256_wDMP91,spn4_minus,Balancer_no_GFP,pigv-1,8-11-cell,5791,123,905,0.156276982,7.357723577
1621,pigv-1.csv,211109,Image_37,211109_Image_37,NA,DG5256_wDMP91,spn4_minus,Balancer_no_GFP,pigv-1,8-11-cell,5586,156,1129,0.202112424,7.237179487
1622,pigv-1.csv,211113,Image_01,211113_Image_01,NA,DG5256_wDMP91,spn4_plus,Balancer_GFP,pigv-1,12-15-cell,4582,126,1014,0.221300742,8.047619048
1623,pigv-1.csv,211113,Image_05,211113_Image_05,NA,DG5256_wDMP91,spn4_plus,Balancer_GFP,pigv-1,12-15-cell,4006,82,540,0.134797803,6.585365854
1624,pigv-1.csv,211113,Image_07,211113_Image_07,NA,DG5256_wDMP91,spn4_plus,Balancer_GFP,pigv-1,12-15-cell,5170,112,779,0.150676983,6.955357143
1625,pigv-1.csv,211113,Image_10,211113_Image_10,NA,DG5256_wDMP91,spn4_plus,Balancer_GFP,pigv-1,12-15-cell,5089,95,655,0.12870898,6.894736842
1626,pigv-1.csv,211109,Image_02,211109_Image_02,NA,DG5256_wDMP91,spn4_plus,Balancer_GFP,pigv-1,12-15-cell,6238,182,1588,0.254568772,8.725274725
1627,pigv-1.csv,211109,Image_05,211109_Image_05,NA,DG5256_wDMP91,spn4_plus,Balancer_GFP,pigv-1,12-15-cell,5141,86,639,0.124294884,7.430232558
1628,pigv-1.csv,211109,Image_12,211109_Image_12,NA,DG5256_wDMP91,spn4_plus,Balancer_GFP,pigv-1,12-15-cell,2705,46,299,0.110536044,6.5
1629,pigv-1.csv,211109,Image_31,211109_Image_31,NA,DG5256_wDMP91,spn4_plus,Balancer_GFP,pigv-1,12-15-cell,4734,105,732,0.154626109,6.971428571
1630,pigv-1.csv,211113,Image_02,211113_Image_02,NA,DG5256_wDMP91,spn4_minus,Balancer_no_GFP,pigv-1,12-15-cell,3630,38,263,0.072451791,6.921052632
1631,pigv-1.csv,211113,Image_26,211113_Image_26,NA,DG5256_wDMP91,spn4_minus,Balancer_no_GFP,pigv-1,12-15-cell,4814,84,578,0.120066473,6.880952381
1632,pigv-1.csv,211113,Image_27,211113_Image_27,NA,DG5256_wDMP91,spn4_minus,Balancer_no_GFP,pigv-1,12-15-cell,1959,12,75,0.038284839,6.25
1633,pigv-1.csv,211113,Image_30,211113_Image_30,NA,DG5256_wDMP91,spn4_minus,Balancer_no_GFP,pigv-1,12-15-cell,4514,76,525,0.116304829,6.907894737
1634,pigv-1.csv,211109,Image_08,211109_Image_08,NA,DG5256_wDMP91,spn4_minus,Balancer_no_GFP,pigv-1,12-15-cell,5822,128,942,0.161800069,7.359375
1635,pigv-1.csv,211109,Image_09,211109_Image_09,NA,DG5256_wDMP91,spn4_minus,Balancer_no_GFP,pigv-1,12-15-cell,5321,108,738,0.138695734,6.833333333
1636,pigv-1.csv,211109,Image_27,211109_Image_27,NA,DG5256_wDMP91,spn4_minus,Balancer_no_GFP,pigv-1,12-15-cell,3140,40,276,0.087898089,6.9
1637,pigv-1.csv,211109,Image_35,211109_Image_35,NA,DG5256_wDMP91,spn4_minus,Balancer_no_GFP,pigv-1,12-15-cell,5456,98,724,0.132697947,7.387755102
1638,pigv-1.csv,211113,Image_02,211113_Image_02,NA,DG5256_wDMP91,spn4_plus,Balancer_GFP,pigv-1,16-28-cell,481,0,0,0,0
1639,pigv-1.csv,211113,Image_06,211113_Image_06,NA,DG5256_wDMP91,spn4_plus,Balancer_GFP,pigv-1,16-28-cell,3836,80,565,0.147288843,7.0625
1640,pigv-1.csv,211109,Image_01,211109_Image_01,NA,DG5256_wDMP91,spn4_plus,Balancer_GFP,pigv-1,16-28-cell,3469,61,375,0.108100317,6.147540984
1641,pigv-1.csv,211109,Image_06,211109_Image_06,NA,DG5256_wDMP91,spn4_plus,Balancer_GFP,pigv-1,16-28-cell,4373,85,601,0.137434256,7.070588235
1642,pigv-1.csv,211109,Image_16,211109_Image_16,NA,DG5256_wDMP91,spn4_plus,Balancer_GFP,pigv-1,16-28-cell,1699,11,99,0.05826957,9
1643,pigv-1.csv,211109,Image_24,211109_Image_24,NA,DG5256_wDMP91,spn4_plus,Balancer_GFP,pigv-1,16-28-cell,2637,18,108,0.040955631,6
1644,pigv-1.csv,211109,Image_25,211109_Image_25,NA,DG5256_wDMP91,spn4_plus,Balancer_GFP,pigv-1,16-28-cell,1403,6,53,0.037776194,8.833333333
1645,pigv-1.csv,211113,Image_14,211113_Image_14,NA,DG5256_wDMP91,spn4_minus,Balancer_no_GFP,pigv-1,16-28-cell,3840,57,401,0.104427083,7.035087719
1646,pigv-1.csv,211113,Image_18,211113_Image_18_lower_right,lower,DG5256_wDMP91,spn4_minus,Balancer_no_GFP,pigv-1,16-28-cell,3967,53,332,0.083690446,6.264150943
1647,pigv-1.csv,211113,Image_18,211113_Image_18_upper_left,upper,DG5256_wDMP91,spn4_minus,Balancer_no_GFP,pigv-1,16-28-cell,3278,36,232,0.070774863,6.444444444
1648,pigv-1.csv,211113,Image_22,211113_Image_22,NA,DG5256_wDMP91,spn4_minus,Balancer_no_GFP,pigv-1,16-28-cell,3944,65,402,0.101926978,6.184615385
1649,pigv-1.csv,211109,Image_03,211109_Image_03,NA,DG5256_wDMP91,spn4_minus,Balancer_no_GFP,pigv-1,16-28-cell,2415,25,151,0.06252588,6.04
1650,pigv-1.csv,211109,Image_11,211109_Image_11,NA,DG5256_wDMP91,spn4_minus,Balancer_no_GFP,pigv-1,16-28-cell,4376,55,341,0.077925046,6.2
1651,pigv-1.csv,211109,Image_16,211109_Image_16,NA,DG5256_wDMP91,spn4_minus,Balancer_no_GFP,pigv-1,16-28-cell,3575,60,388,0.108531469,6.466666667
1652,pigv-1.csv,211109,Image_19,211109_Image_19,NA,DG5256_wDMP91,spn4_minus,Balancer_no_GFP,pigv-1,16-28-cell,3451,41,256,0.074181397,6.243902439
1653,pigv-1.csv,211109,Image_25,211109_Image_25,NA,DG5256_wDMP91,spn4_minus,Balancer_no_GFP,pigv-1,16-28-cell,3057,48,306,0.100098135,6.375
1654,pigv-1.csv,211109,Image_05,211109_Image_05,NA,N2,spn4_wt,N2,pigv-1,4-cell,6138,202,2262,0.368523949,11.1980198
1655,pigv-1.csv,211109,Image_06,211109_Image_06,NA,N2,spn4_wt,N2,pigv-1,4-cell,8372,297,3338,0.398709986,11.23905724
1656,pigv-1.csv,211109,Image_07,211109_Image_07,NA,N2,spn4_wt,N2,pigv-1,4-cell,9196,246,3684,0.40060896,14.97560976
1657,pigv-1.csv,211109,Image_10,211109_Image_10,NA,N2,spn4_wt,N2,pigv-1,4-cell,7178,285,3320,0.46252438,11.64912281
1658,pigv-1.csv,211113,Image_02,211113_Image_02,NA,N2,spn4_wt,N2,pigv-1,4-cell,8102,267,3758,0.46383609,14.07490637
1659,pigv-1.csv,211113,Image_03,211113_Image_03,NA,N2,spn4_wt,N2,pigv-1,4-cell,7354,254,2601,0.353685069,10.24015748
1660,pigv-1.csv,211113,Image_08,211113_Image_08,NA,N2,spn4_wt,N2,pigv-1,4-cell,8529,278,3501,0.410481885,12.59352518
1661,pigv-1.csv,211113,Image_09,211113_Image_09,NA,N2,spn4_wt,N2,pigv-1,4-cell,7924,271,2715,0.342629985,10.01845018
1662,pigv-1.csv,211109,Image_07,211109_Image_07,NA,N2,spn4_wt,N2,pigv-1,16-28-cell,3156,49,325,0.102978454,6.632653061
1663,pigv-1.csv,211109,Image_08,211109_Image_08,NA,N2,spn4_wt,N2,pigv-1,16-28-cell,2282,22,150,0.065731814,6.818181818
1664,pigv-1.csv,211109,Image_09,211109_Image_09,NA,N2,spn4_wt,N2,pigv-1,16-28-cell,3813,101,657,0.172305271,6.504950495
1665,pigv-1.csv,211109,Image_11,211109_Image_11,NA,N2,spn4_wt,N2,pigv-1,16-28-cell,1005,4,25,0.024875622,6.25
1666,pigv-1.csv,211113,Image_05,211113_Image_05,NA,N2,spn4_wt,N2,pigv-1,16-28-cell,1235,3,16,0.012955466,5.333333333
1667,pigv-1.csv,211113,Image_06,211113_Image_06,NA,N2,spn4_wt,N2,pigv-1,16-28-cell,595,2,12,0.020168067,6
1668,pigv-1.csv,211113,Image_07,211113_Image_07,NA,N2,spn4_wt,N2,pigv-1,16-28-cell,1131,2,19,0.016799293,9.5
1669,pigv-1.csv,211113,Image_08,211113_Image_08,NA,N2,spn4_wt,N2,pigv-1,16-28-cell,909,5,26,0.02860286,5.2
1670,pigv-1.csv,211109,Image_04,211109_Image_04,NA,N2,spn4_wt,N2,pigv-1,12-15-cell,3897,137,1313,0.33692584,9.583941606
1671,pigv-1.csv,211109,Image_12,211109_Image_12,NA,N2,spn4_wt,N2,pigv-1,12-15-cell,4503,141,1289,0.286253609,9.141843972
1672,pigv-1.csv,211109,Image_15,211109_Image_15,NA,N2,spn4_wt,N2,pigv-1,12-15-cell,4947,165,1307,0.264200526,7.921212121
1673,pigv-1.csv,211109,Image_17,211109_Image_17,NA,N2,spn4_wt,N2,pigv-1,12-15-cell,4871,113,926,0.190104701,8.194690265
1674,pigv-1.csv,211113,Image_01,211113_Image_01,NA,N2,spn4_wt,N2,pigv-1,12-15-cell,5436,171,1648,0.303164091,9.637426901
1675,pigv-1.csv,211113,Image_04,211113_Image_04,NA,N2,spn4_wt,N2,pigv-1,12-15-cell,5467,186,1467,0.268337297,7.887096774
1676,pigv-1.csv,211113,Image_06,211113_Image_06,NA,N2,spn4_wt,N2,pigv-1,12-15-cell,4923,138,1003,0.203737558,7.268115942
1677,pigv-1.csv,211113,Image_07,211113_Image_07,NA,N2,spn4_wt,N2,pigv-1,12-15-cell,5265,159,1277,0.242545109,8.031446541
1678,pigv-1.csv,211109,Image_01,211109_Image_01,NA,N2,spn4_wt,N2,pigv-1,8-11-cell,3732,102,721,0.193193998,7.068627451
1679,pigv-1.csv,211109,Image_18,211109_Image_18,NA,N2,spn4_wt,N2,pigv-1,8-11-cell,4575,105,794,0.173551913,7.561904762
1680,pigv-1.csv,211109,Image_03,211109_Image_03,NA,N2,spn4_wt,N2,pigv-1,8-11-cell,6420,247,2371,0.369314642,9.599190283
1681,pigv-1.csv,211109,Image_19,211109_Image_19,NA,N2,spn4_wt,N2,pigv-1,8-11-cell,6905,266,2469,0.35756698,9.281954887
1682,pigv-1.csv,211113,Image_02,211113_Image_02,NA,N2,spn4_wt,N2,pigv-1,8-11-cell,8017,324,2866,0.357490333,8.845679012
1683,pigv-1.csv,211113,Image_03,211113_Image_03,NA,N2,spn4_wt,N2,pigv-1,8-11-cell,8166,309,3036,0.371785452,9.825242718
1684,pigv-1.csv,211113,Image_04,211113_Image_04,NA,N2,spn4_wt,N2,pigv-1,8-11-cell,7520,282,2724,0.362234043,9.659574468
1685,pigv-1.csv,211113,Image_05,211113_Image_05,NA,N2,spn4_wt,N2,pigv-1,8-11-cell,6535,253,2228,0.340933435,8.806324111
1686,pigv-1.csv,211109,Image_02,211109_Image_02,NA,N2,spn4_wt,N2,pigv-1,2-cell,6707,196,1594,0.237662144,8.132653061
1687,pigv-1.csv,211109,Image_13,211109_Image_13,NA,N2,spn4_wt,N2,pigv-1,2-cell,9210,338,3106,0.337242128,9.189349112
1688,pigv-1.csv,211109,Image_16,211109_Image_16,NA,N2,spn4_wt,N2,pigv-1,2-cell,8364,289,3182,0.380439981,11.01038062
1689,pigv-1.csv,211109,Image_14,211109_Image_14,NA,N2,spn4_wt,N2,pigv-1,2-cell,8043,287,2774,0.344896183,9.665505226
1690,pigv-1.csv,211113,Image_01,211113_Image_01,NA,N2,spn4_wt,N2,pigv-1,2-cell,8194,289,3142,0.383451306,10.87197232
1691,pigv-1.csv,211113,Image_02,211113_Image_02,NA,N2,spn4_wt,N2,pigv-1,2-cell,9731,361,3155,0.32422156,8.739612188
1692,pigv-1.csv,211113,Image_05,211113_Image_05,NA,N2,spn4_wt,N2,pigv-1,2-cell,7703,266,2160,0.28041023,8.120300752
1693,pigv-1.csv,211113,Image_06,211113_Image_06,NA,N2,spn4_wt,N2,pigv-1,2-cell,7842,281,2526,0.322111706,8.989323843
1694,R05.csv,211015,Image_17,211015_Image_17,NA,DG5256_wDMP91,spn4_plus,Balancer_GFP,R05H11.1,8-11-cell,298,2,13,0.043624161,6.5
1695,R05.csv,211015,Image_22,211015_Image_22,NA,DG5256_wDMP91,spn4_plus,Balancer_GFP,R05H11.1,8-11-cell,392,2,13,0.033163265,6.5
1696,R05.csv,211015,Image_25,211015_Image_25,NA,DG5256_wDMP91,spn4_plus,Balancer_GFP,R05H11.1,8-11-cell,149,0,0,0,0
1697,R05.csv,211015,Image_32,211015_Image_32,NA,DG5256_wDMP91,spn4_plus,Balancer_GFP,R05H11.1,8-11-cell,210,2,12,0.057142857,6
1698,R05.csv,211018,Image_01,211018_Image_01,NA,DG5256_wDMP91,spn4_plus,Balancer_GFP,R05H11.1,8-11-cell,182,0,0,0,0
1699,R05.csv,211018,Image_19,211018_Image_19,NA,DG5256_wDMP91,spn4_plus,Balancer_GFP,R05H11.1,8-11-cell,259,2,11,0.042471042,5.5
1700,R05.csv,211018,Image_24,211018_Image_24,NA,DG5256_wDMP91,spn4_plus,Balancer_GFP,R05H11.1,8-11-cell,391,3,19,0.04859335,6.333333333
1701,R05.csv,211015,Image_01,211015_Image_01,NA,DG5256_wDMP91,spn4_plus,Balancer_GFP,R05H11.1,2-cell,578,2,12,0.020761246,6
1702,R05.csv,211015,Image_10,211015_Image_10,NA,DG5256_wDMP91,spn4_plus,Balancer_GFP,R05H11.1,2-cell,540,0,0,0,0
1703,R05.csv,211015,Image_15,211015_Image_15,NA,DG5256_wDMP91,spn4_plus,Balancer_GFP,R05H11.1,2-cell,506,0,0,0,0
1704,R05.csv,211015,Image_26,211015_Image_26,NA,DG5256_wDMP91,spn4_plus,Balancer_GFP,R05H11.1,2-cell,674,1,5,0.007418398,5
1705,R05.csv,211018,Image_02,211018_Image_02,NA,DG5256_wDMP91,spn4_plus,Balancer_GFP,R05H11.1,2-cell,516,0,0,0,0
1706,R05.csv,211018,Image_05,211018_Image_05,NA,DG5256_wDMP91,spn4_plus,Balancer_GFP,R05H11.1,2-cell,588,0,0,0,0
1707,R05.csv,211018,Image_06,211018_Image_06,NA,DG5256_wDMP91,spn4_plus,Balancer_GFP,R05H11.1,2-cell,566,1,6,0.010600707,6
1708,R05.csv,211018,Image_09,211018_Image_09,NA,DG5256_wDMP91,spn4_plus,Balancer_GFP,R05H11.1,2-cell,273,1,7,0.025641026,7
1709,R05.csv,211018,Image_18,211018_Image_18_upper_left,upper,DG5256_wDMP91,spn4_plus,Balancer_GFP,R05H11.1,2-cell,516,1,7,0.013565891,7
1710,R05.csv,211018,Image_18,211018_Image_18_lower_right,lower,DG5256_wDMP91,spn4_plus,Balancer_GFP,R05H11.1,2-cell,847,5,27,0.031877214,5.4
1711,R05.csv,211015,Image_04,211015_Image_04,NA,DG5256_wDMP91,spn4_minus,Balancer_no_GFP,R05H11.1,2-cell,989,2,10,0.010111223,5
1712,R05.csv,211015,Image_12,211015_Image_12,NA,DG5256_wDMP91,spn4_minus,Balancer_no_GFP,R05H11.1,2-cell,873,0,0,0,0
1713,R05.csv,211015,Image_13,211015_Image_13,NA,DG5256_wDMP91,spn4_minus,Balancer_no_GFP,R05H11.1,2-cell,774,1,5,0.006459948,5
1714,R05.csv,211018,Image_08,211018_Image_08,NA,DG5256_wDMP91,spn4_minus,Balancer_no_GFP,R05H11.1,2-cell,499,0,0,0,0
1715,R05.csv,211015,Image_19,211015_Image_19,NA,DG5256_wDMP91,spn4_minus,Balancer_no_GFP,R05H11.1,2-cell,994,3,18,0.018108652,6
1716,R05.csv,211018,Image_18,211018_Image_18,NA,DG5256_wDMP91,spn4_minus,Balancer_no_GFP,R05H11.1,2-cell,639,1,5,0.007824726,5
1717,R05.csv,211018,Image_28,211018_Image_28,NA,DG5256_wDMP91,spn4_minus,Balancer_no_GFP,R05H11.1,2-cell,747,1,5,0.00669344,5
1718,R05.csv,211018,Image_30,211018_Image_30,NA,DG5256_wDMP91,spn4_minus,Balancer_no_GFP,R05H11.1,2-cell,579,0,0,0,0
1719,R05.csv,211015,Image_06,211015_Image_06_top,top,DG5256_wDMP91,spn4_plus,Balancer_GFP,R05H11.1,4-cell,498,0,0,0,0
1720,R05.csv,211015,Image_06,211015_Image_06_bottom,bottom,DG5256_wDMP91,spn4_plus,Balancer_GFP,R05H11.1,4-cell,583,3,26,0.044596913,8.666666667
1721,R05.csv,211015,Image_11,211015_Image_11,NA,DG5256_wDMP91,spn4_plus,Balancer_GFP,R05H11.1,4-cell,559,2,14,0.025044723,7
1722,R05.csv,211015,Image_16,211015_Image_16,NA,DG5256_wDMP91,spn4_plus,Balancer_GFP,R05H11.1,4-cell,563,4,26,0.046181172,6.5
1723,R05.csv,211015,Image_28,211015_Image_28,NA,DG5256_wDMP91,spn4_plus,Balancer_GFP,R05H11.1,4-cell,397,1,5,0.012594458,5
1724,R05.csv,211018,Image_04,211018_Image_04,NA,DG5256_wDMP91,spn4_plus,Balancer_GFP,R05H11.1,4-cell,140,0,0,0,0
1725,R05.csv,211018,Image_06,211018_Image_06,NA,DG5256_wDMP91,spn4_plus,Balancer_GFP,R05H11.1,4-cell,411,3,17,0.04136253,5.666666667
1726,R05.csv,211018,Image_13,211018_Image_13,NA,DG5256_wDMP91,spn4_plus,Balancer_GFP,R05H11.1,4-cell,437,1,6,0.013729977,6
1727,R05.csv,211018,Image_24,211018_Image_24,NA,DG5256_wDMP91,spn4_plus,Balancer_GFP,R05H11.1,4-cell,407,3,27,0.066339066,9
1728,R05.csv,211015,Image_02,211015_Image_02,NA,DG5256_wDMP91,spn4_minus,Balancer_no_GFP,R05H11.1,4-cell,517,0,0,0,0
1729,R05.csv,211015,Image_29,211015_Image_29,NA,DG5256_wDMP91,spn4_minus,Balancer_no_GFP,R05H11.1,4-cell,698,3,15,0.021489971,5
1730,R05.csv,211015,Image_36,211015_Image_36,NA,DG5256_wDMP91,spn4_minus,Balancer_no_GFP,R05H11.1,4-cell,739,0,0,0,0
1731,R05.csv,211018,Image_03,211018_Image_03,NA,DG5256_wDMP91,spn4_minus,Balancer_no_GFP,R05H11.1,4-cell,684,0,0,0,0
1732,R05.csv,211018,Image_10,211018_Image_10,NA,DG5256_wDMP91,spn4_minus,Balancer_no_GFP,R05H11.1,4-cell,719,0,0,0,0
1733,R05.csv,211018,Image_17,211018_Image_17,NA,DG5256_wDMP91,spn4_minus,Balancer_no_GFP,R05H11.1,4-cell,772,0,0,0,0
1734,R05.csv,211018,Image_29,211018_Image_29,NA,DG5256_wDMP91,spn4_minus,Balancer_no_GFP,R05H11.1,4-cell,563,0,0,0,0
1735,R05.csv,211018,Image_31,211018_Image_31,NA,DG5256_wDMP91,spn4_minus,Balancer_no_GFP,R05H11.1,4-cell,331,1,5,0.01510574,5
1736,R05.csv,211015,Image_20,211015_Image_20,NA,DG5256_wDMP91,spn4_minus,Balancer_no_GFP,R05H11.1,8-11-cell,638,0,0,0,0
1737,R05.csv,211015,Image_21,211015_Image_21,NA,DG5256_wDMP91,spn4_minus,Balancer_no_GFP,R05H11.1,8-11-cell,433,0,0,0,0
1738,R05.csv,211015,Image_35,211015_Image_35,NA,DG5256_wDMP91,spn4_minus,Balancer_no_GFP,R05H11.1,8-11-cell,664,0,0,0,0
1739,R05.csv,211018,Image_15,211018_Image_15,NA,DG5256_wDMP91,spn4_minus,Balancer_no_GFP,R05H11.1,8-11-cell,631,1,6,0.009508716,6
1740,R05.csv,211018,Image_27,211018_Image_27,NA,DG5256_wDMP91,spn4_minus,Balancer_no_GFP,R05H11.1,8-11-cell,499,0,0,0,0
1741,R05.csv,211018,Image_32,211018_Image_32,NA,DG5256_wDMP91,spn4_minus,Balancer_no_GFP,R05H11.1,8-11-cell,523,0,0,0,0
1742,R05.csv,211015,Image_03,211015_Image_03,NA,DG5256_wDMP91,spn4_plus,Balancer_GFP,R05H11.1,12-15-cell,251,1,6,0.023904382,6
1743,R05.csv,211015,Image_24,211015_Image_24,NA,DG5256_wDMP91,spn4_plus,Balancer_GFP,R05H11.1,12-15-cell,135,0,0,0,0
1744,R05.csv,211015,Image_28,211015_Image_28,NA,DG5256_wDMP91,spn4_plus,Balancer_GFP,R05H11.1,12-15-cell,182,1,6,0.032967033,6
1745,R05.csv,211015,Image_30,211015_Image_30,NA,DG5256_wDMP91,spn4_plus,Balancer_GFP,R05H11.1,12-15-cell,150,0,0,0,0
1746,R05.csv,211018,Image_07,211018_Image_07,NA,DG5256_wDMP91,spn4_plus,Balancer_GFP,R05H11.1,12-15-cell,149,0,0,0,0
1747,R05.csv,211018,Image_14,211018_Image_14,NA,DG5256_wDMP91,spn4_plus,Balancer_GFP,R05H11.1,12-15-cell,96,0,0,0,0
1748,R05.csv,211018,Image_20,211018_Image_20,NA,DG5256_wDMP91,spn4_plus,Balancer_GFP,R05H11.1,12-15-cell,238,2,16,0.067226891,8
1749,R05.csv,211018,Image_21,211018_Image_21,NA,DG5256_wDMP91,spn4_plus,Balancer_GFP,R05H11.1,12-15-cell,212,1,5,0.023584906,5
1750,R05.csv,211015,Image_15,211015_Image_15,NA,DG5256_wDMP91,spn4_minus,Balancer_no_GFP,R05H11.1,12-15-cell,561,1,6,0.010695187,6
1751,R05.csv,211015,Image_18,211015_Image_18,NA,DG5256_wDMP91,spn4_minus,Balancer_no_GFP,R05H11.1,12-15-cell,329,1,5,0.015197568,5
1752,R05.csv,211015,Image_23,211015_Image_23,NA,DG5256_wDMP91,spn4_minus,Balancer_no_GFP,R05H11.1,12-15-cell,598,0,0,0,0
1753,R05.csv,211015,Image_31,211015_Image_31,NA,DG5256_wDMP91,spn4_minus,Balancer_no_GFP,R05H11.1,12-15-cell,451,0,0,0,0
1754,R05.csv,211015,Image_34,211015_Image_34,NA,DG5256_wDMP91,spn4_minus,Balancer_no_GFP,R05H11.1,12-15-cell,736,1,5,0.006793478,5
1755,R05.csv,211018,Image_09,211018_Image_09,NA,DG5256_wDMP91,spn4_minus,Balancer_no_GFP,R05H11.1,12-15-cell,312,0,0,0,0
1756,R05.csv,211018,Image_22,211018_Image_22,NA,DG5256_wDMP91,spn4_minus,Balancer_no_GFP,R05H11.1,12-15-cell,697,0,0,0,0
1757,R05.csv,211018,Image_23,211018_Image_23,NA,DG5256_wDMP91,spn4_minus,Balancer_no_GFP,R05H11.1,12-15-cell,579,1,5,0.008635579,5
1758,R05.csv,211018,Image_25,211018_Image_25,NA,DG5256_wDMP91,spn4_minus,Balancer_no_GFP,R05H11.1,12-15-cell,556,0,0,0,0
1759,R05.csv,211015,Image_11,211015_Image_11,NA,DG5256_wDMP91,spn4_plus,Balancer_GFP,R05H11.1,16-28-cell,360,3,42,0.116666667,14
1760,R05.csv,211015,Image_14,211015_Image_14_leftr,leftr,DG5256_wDMP91,spn4_plus,Balancer_GFP,R05H11.1,16-28-cell,149,0,0,0,0
1761,R05.csv,211015,Image_14,211015_Image_14_right,right,DG5256_wDMP91,spn4_plus,Balancer_GFP,R05H11.1,16-28-cell,308,0,0,0,0
1762,R05.csv,211018,Image_02,211018_Image_02,NA,DG5256_wDMP91,spn4_plus,Balancer_GFP,R05H11.1,16-28-cell,113,0,0,0,0
1763,R05.csv,211018,Image_14,211018_Image_14,NA,DG5256_wDMP91,spn4_plus,Balancer_GFP,R05H11.1,16-28-cell,102,2,19,0.18627451,9.5
1764,R05.csv,211018,Image_15,211018_Image_15,NA,DG5256_wDMP91,spn4_plus,Balancer_GFP,R05H11.1,16-28-cell,176,0,0,0,0
1765,R05.csv,211015,Image_05,211015_Image_05,NA,DG5256_wDMP91,spn4_plus,Balancer_GFP,R05H11.1,16-28-cell,142,1,11,0.077464789,11
1766,R05.csv,211015,Image_07,211015_Image_07,NA,DG5256_wDMP91,spn4_minus,Balancer_no_GFP,R05H11.1,16-28-cell,643,0,0,0,0
1767,R05.csv,211015,Image_09,211015_Image_09,NA,DG5256_wDMP91,spn4_minus,Balancer_no_GFP,R05H11.1,16-28-cell,449,1,5,0.011135857,5
1768,R05.csv,211015,Image_27,211015_Image_27,NA,DG5256_wDMP91,spn4_minus,Balancer_no_GFP,R05H11.1,16-28-cell,185,0,0,0,0
1769,R05.csv,211015,Image_33,211015_Image_33,NA,DG5256_wDMP91,spn4_minus,Balancer_no_GFP,R05H11.1,16-28-cell,540,0,0,0,0
1770,R05.csv,211018,Image_07,211018_Image_07,NA,DG5256_wDMP91,spn4_minus,Balancer_no_GFP,R05H11.1,16-28-cell,330,1,5,0.015151515,5
1771,R05.csv,211018,Image_09,211018_Image_09,NA,DG5256_wDMP91,spn4_minus,Balancer_no_GFP,R05H11.1,16-28-cell,159,0,0,0,0
1772,R05.csv,211018,Image_12,211018_Image_12,NA,DG5256_wDMP91,spn4_minus,Balancer_no_GFP,R05H11.1,16-28-cell,386,0,0,0,0
1773,R05.csv,211018,Image_13,211018_Image_13,NA,DG5256_wDMP91,spn4_minus,Balancer_no_GFP,R05H11.1,16-28-cell,192,0,0,0,0
1774,R05.csv,211018,Image_16,211018_Image_16,NA,DG5256_wDMP91,spn4_minus,Balancer_no_GFP,R05H11.1,16-28-cell,348,0,0,0,0
1775,R05.csv,211015,Image_03,211015_Image_03,NA,N2,spn4_wt,N2,R05H11.1,2-cell,615,1,10,0.016260163,10
1776,R05.csv,211015,Image_06,211015_Image_06,NA,N2,spn4_wt,N2,R05H11.1,2-cell,437,1,8,0.018306636,8
1777,R05.csv,211015,Image_11,211015_Image_11,NA,N2,spn4_wt,N2,R05H11.1,2-cell,550,1,11,0.02,11
1778,R05.csv,211015,Image_14,211015_Image_14,NA,N2,spn4_wt,N2,R05H11.1,2-cell,488,1,5,0.010245902,5
1779,R05.csv,211015,Image_16,211015_Image_16,NA,N2,spn4_wt,N2,R05H11.1,2-cell,470,2,11,0.023404255,5.5
1780,R05.csv,211018,Image_02,211018_Image_02,NA,N2,spn4_wt,N2,R05H11.1,2-cell,706,6,35,0.049575071,5.833333333
1781,R05.csv,211018,Image_09,211018_Image_09,NA,N2,spn4_wt,N2,R05H11.1,2-cell,684,3,19,0.027777778,6.333333333
1782,R05.csv,211018,Image_10,211018_Image_10,NA,N2,spn4_wt,N2,R05H11.1,2-cell,721,3,22,0.030513176,7.333333333
1783,R05.csv,211018,Image_16,211018_Image_16,NA,N2,spn4_wt,N2,R05H11.1,2-cell,688,3,18,0.026162791,6
1784,R05.csv,211015,Image_08,211015_Image_08,NA,N2,spn4_wt,N2,R05H11.1,4-cell,561,3,16,0.028520499,5.333333333
1785,R05.csv,211015,Image_10,211015_Image_10,NA,N2,spn4_wt,N2,R05H11.1,4-cell,587,2,11,0.018739353,5.5
1786,R05.csv,211015,Image_14,211015_Image_14,NA,N2,spn4_wt,N2,R05H11.1,4-cell,463,3,15,0.032397408,5
1787,R05.csv,211015,Image_17,211015_Image_17,NA,N2,spn4_wt,N2,R05H11.1,4-cell,423,5,38,0.089834515,7.6
1788,R05.csv,211018,Image_01,211018_Image_01,NA,N2,spn4_wt,N2,R05H11.1,4-cell,595,3,22,0.03697479,7.333333333
1789,R05.csv,211018,Image_05,211018_Image_05,NA,N2,spn4_wt,N2,R05H11.1,4-cell,711,5,30,0.042194093,6
1790,R05.csv,211018,Image_08,211018_Image_08,NA,N2,spn4_wt,N2,R05H11.1,4-cell,503,0,0,0,0
1791,R05.csv,211018,Image_13,211018_Image_13,NA,N2,spn4_wt,N2,R05H11.1,4-cell,347,0,0,0,0
1792,R05.csv,211015,Image_01,211015_Image_01_left,left,N2,spn4_wt,N2,R05H11.1,8-11-cell,237,3,15,0.063291139,5
1793,R05.csv,211015,Image_01,211015_Image_01_right,right,N2,spn4_wt,N2,R05H11.1,8-11-cell,336,3,16,0.047619048,5.333333333
1794,R05.csv,211015,Image_07,211015_Image_07,NA,N2,spn4_wt,N2,R05H11.1,8-11-cell,304,4,33,0.108552632,8.25
1795,R05.csv,211015,Image_12,211015_Image_12,NA,N2,spn4_wt,N2,R05H11.1,8-11-cell,276,0,0,0,0
1796,R05.csv,211015,Image_13,211015_Image_13,NA,N2,spn4_wt,N2,R05H11.1,8-11-cell,356,3,15,0.042134831,5
1797,R05.csv,211018,Image_12,211018_Image_12,NA,N2,spn4_wt,N2,R05H11.1,8-11-cell,251,1,5,0.019920319,5
1798,R05.csv,211018,Image_15,211018_Image_15,NA,N2,spn4_wt,N2,R05H11.1,8-11-cell,346,3,18,0.052023121,6
1799,R05.csv,211015,Image_04,211015_Image_04,NA,N2,spn4_wt,N2,R05H11.1,12-15-cell,230,1,7,0.030434783,7
1800,R05.csv,211015,Image_05,211015_Image_05,NA,N2,spn4_wt,N2,R05H11.1,12-15-cell,268,1,5,0.018656716,5
1801,R05.csv,211015,Image_13,211015_Image_13,NA,N2,spn4_wt,N2,R05H11.1,12-15-cell,336,0,0,0,0
1802,R05.csv,211018,Image_03,211018_Image_03,NA,N2,spn4_wt,N2,R05H11.1,12-15-cell,228,1,5,0.021929825,5
1803,R05.csv,211015,Image_02,211015_Image_02,NA,N2,spn4_wt,N2,R05H11.1,12-15-cell,233,0,0,0,0
1804,R05.csv,211018,Image_08,211018_Image_08,NA,N2,spn4_wt,N2,R05H11.1,12-15-cell,212,2,10,0.047169811,5
1805,R05.csv,211018,Image_09,211018_Image_09,NA,N2,spn4_wt,N2,R05H11.1,12-15-cell,187,3,31,0.165775401,10.33333333
1806,R05.csv,211018,Image_11,211018_Image_11,NA,N2,spn4_wt,N2,R05H11.1,12-15-cell,228,0,0,0,0
1807,R05.csv,211018,Image_13,211018_Image_13,NA,N2,spn4_wt,N2,R05H11.1,12-15-cell,185,1,5,0.027027027,5
1808,R05.csv,211015,Image_02,211015_Image_02,NA,N2,spn4_wt,N2,R05H11.1,16-28-cell,238,0,0,0,0
1809,R05.csv,211015,Image_09,211015_Image_09_left,left,N2,spn4_wt,N2,R05H11.1,16-28-cell,338,1,5,0.014792899,5
1810,R05.csv,211015,Image_09,211015_Image_09_right,right,N2,spn4_wt,N2,R05H11.1,16-28-cell,296,1,5,0.016891892,5
1811,R05.csv,211015,Image_15,211015_Image_15,NA,N2,spn4_wt,N2,R05H11.1,16-28-cell,148,1,18,0.121621622,18
1812,R05.csv,211018,Image_04,211018_Image_04,NA,N2,spn4_wt,N2,R05H11.1,16-28-cell,326,2,25,0.076687117,12.5
1813,R05.csv,211018,Image_06,211018_Image_06,NA,N2,spn4_wt,N2,R05H11.1,16-28-cell,192,1,8,0.041666667,8
1814,R05.csv,211018,Image_07,211018_Image_07,NA,N2,spn4_wt,N2,R05H11.1,16-28-cell,267,0,0,0,0
1815,R05.csv,211018,Image_14,211018_Image_14,NA,N2,spn4_wt,N2,R05H11.1,16-28-cell,268,2,18,0.067164179,9
1816,vab-2.csv,211102,Image_08,211102_Image_08,NA,DG5256_wDMP91,spn4_plus,Balancer_GFP,vab-2,2-cell,161,0,0,0,0
1817,vab-2.csv,211102,Image_11,211102_Image_11,NA,DG5256_wDMP91,spn4_plus,Balancer_GFP,vab-2,2-cell,158,0,0,0,0
1818,vab-2.csv,211102,Image_18,211102_Image_18,NA,DG5256_wDMP91,spn4_plus,Balancer_GFP,vab-2,2-cell,156,0,0,0,0
1819,vab-2.csv,211102,Image_19,211102_Image_19,NA,DG5256_wDMP91,spn4_plus,Balancer_GFP,vab-2,2-cell,167,1,6,0.035928144,6
1820,vab-2.csv,211105,Image_11,211105_Image_11,NA,DG5256_wDMP91,spn4_plus,Balancer_GFP,vab-2,2-cell,225,0,0,0,0
1821,vab-2.csv,211105,Image_12,211105_Image_12,NA,DG5256_wDMP91,spn4_plus,Balancer_GFP,vab-2,2-cell,307,0,0,0,0
1822,vab-2.csv,211105,Image_16,211105_Image_16,NA,DG5256_wDMP91,spn4_plus,Balancer_GFP,vab-2,2-cell,244,0,0,0,0
1823,vab-2.csv,211105,Image_19,211105_Image_19,NA,DG5256_wDMP91,spn4_plus,Balancer_GFP,vab-2,2-cell,311,1,33,0.106109325,33
1824,vab-2.csv,211102,Image_04,211102_Image_04,NA,DG5256_wDMP91,spn4_plus,Balancer_GFP,vab-2,16-28-cell,81,0,0,0,0
1825,vab-2.csv,211102,Image_12,211102_Image_12,NA,DG5256_wDMP91,spn4_plus,Balancer_GFP,vab-2,16-28-cell,137,1,5,0.03649635,5
1826,vab-2.csv,211102,Image_29,211102_Image_29,NA,DG5256_wDMP91,spn4_plus,Balancer_GFP,vab-2,16-28-cell,40,0,0,0,0
1827,vab-2.csv,211105,Image_01,211105_Image_01,NA,DG5256_wDMP91,spn4_plus,Balancer_GFP,vab-2,16-28-cell,494,1,7,0.01417004,7
1828,vab-2.csv,211105,Image_06,211105_Image_06,NA,DG5256_wDMP91,spn4_plus,Balancer_GFP,vab-2,16-28-cell,968,3,15,0.015495868,5
1829,vab-2.csv,211105,Image_13,211105_Image_13,NA,DG5256_wDMP91,spn4_plus,Balancer_GFP,vab-2,16-28-cell,127,0,0,0,0
1830,vab-2.csv,211105,Image_14,211105_Image_14,NA,DG5256_wDMP91,spn4_plus,Balancer_GFP,vab-2,16-28-cell,126,1,5,0.03968254,5
1831,vab-2.csv,211105,Image_30,211105_Image_30,NA,DG5256_wDMP91,spn4_plus,Balancer_GFP,vab-2,16-28-cell,60,0,0,0,0
1832,vab-2.csv,211102,Image_06,211102_Image_06,NA,DG5256_wDMP91,spn4_plus,Balancer_GFP,vab-2,4-cell,106,1,5,0.047169811,5
1833,vab-2.csv,211102,Image_07,211102_Image_07,NA,DG5256_wDMP91,spn4_plus,Balancer_GFP,vab-2,4-cell,146,0,0,0,0
1834,vab-2.csv,211102,Image_16,211102_Image_16,NA,DG5256_wDMP91,spn4_plus,Balancer_GFP,vab-2,4-cell,168,0,0,0,0
1835,vab-2.csv,211105,Image_12,211105_Image_12,NA,DG5256_wDMP91,spn4_plus,Balancer_GFP,vab-2,4-cell,212,1,6,0.028301887,6
1836,vab-2.csv,211105,Image_21,211105_Image_21,NA,DG5256_wDMP91,spn4_plus,Balancer_GFP,vab-2,4-cell,224,0,0,0,0
1837,vab-2.csv,211105,Image_26,211105_Image_26,NA,DG5256_wDMP91,spn4_plus,Balancer_GFP,vab-2,4-cell,146,0,0,0,0
1838,vab-2.csv,211105,Image_23,211105_Image_23,NA,DG5256_wDMP91,spn4_plus,Balancer_GFP,vab-2,4-cell,127,0,0,0,0
1839,vab-2.csv,211102,Image_01,211102_Image_01,NA,DG5256_wDMP91,spn4_plus,Balancer_GFP,vab-2,8-11-cell,59,0,0,0,0
1840,vab-2.csv,211102,Image_13,211102_Image_13,NA,DG5256_wDMP91,spn4_plus,Balancer_GFP,vab-2,8-11-cell,45,0,0,0,0
1841,vab-2.csv,211102,Image_15,211102_Image_15,NA,DG5256_wDMP91,spn4_plus,Balancer_GFP,vab-2,8-11-cell,93,0,0,0,0
1842,vab-2.csv,211102,Image_17,211102_Image_17,NA,DG5256_wDMP91,spn4_plus,Balancer_GFP,vab-2,8-11-cell,69,0,0,0,0
1843,vab-2.csv,211102,Image_26,211102_Image_26,NA,DG5256_wDMP91,spn4_plus,Balancer_GFP,vab-2,8-11-cell,111,0,0,0,0
1844,vab-2.csv,211102,Image_32,211102_Image_32,NA,DG5256_wDMP91,spn4_plus,Balancer_GFP,vab-2,8-11-cell,135,1,5,0.037037037,5
1845,vab-2.csv,211105,Image_04,211105_Image_04,NA,DG5256_wDMP91,spn4_plus,Balancer_GFP,vab-2,8-11-cell,182,0,0,0,0
1846,vab-2.csv,211105,Image_05,211105_Image_05,NA,DG5256_wDMP91,spn4_plus,Balancer_GFP,vab-2,8-11-cell,151,0,0,0,0
1847,vab-2.csv,211102,Image_23,211102_Image_23,NA,DG5256_wDMP91,spn4_plus,Balancer_GFP,vab-2,12-15-cell,75,0,0,0,0
1848,vab-2.csv,211102,Image_31,211102_Image_31,NA,DG5256_wDMP91,spn4_plus,Balancer_GFP,vab-2,12-15-cell,46,0,0,0,0
1849,vab-2.csv,211102,Image_32,211102_Image_32,NA,DG5256_wDMP91,spn4_plus,Balancer_GFP,vab-2,12-15-cell,98,0,0,0,0
1850,vab-2.csv,211105,Image_03,211105_Image_03,NA,DG5256_wDMP91,spn4_plus,Balancer_GFP,vab-2,12-15-cell,90,0,0,0,0
1851,vab-2.csv,211102,Image_33,211102_Image_33_top,top,DG5256_wDMP91,spn4_plus,Balancer_GFP,vab-2,12-15-cell,99,0,0,0,0
1852,vab-2.csv,211102,Image_33,211102_Image_33_bottom,bottom,DG5256_wDMP91,spn4_plus,Balancer_GFP,vab-2,12-15-cell,50,0,0,0,0
1853,vab-2.csv,211105,Image_07,211105_Image_07,NA,DG5256_wDMP91,spn4_plus,Balancer_GFP,vab-2,12-15-cell,198,0,0,0,0
1854,vab-2.csv,211105,Image_08,211105_Image_08,NA,DG5256_wDMP91,spn4_plus,Balancer_GFP,vab-2,12-15-cell,89,0,0,0,0
1855,vab-2.csv,211105,Image_09,211105_Image_09,NA,DG5256_wDMP91,spn4_plus,Balancer_GFP,vab-2,12-15-cell,81,0,0,0,0
1856,vab-2.csv,211102,Image_20,211102_Image_20,NA,DG5256_wDMP91,spn4_minus,Balancer_no_GFP,vab-2,2-cell,84,0,0,0,0
1857,vab-2.csv,211102,Image_09,211102_Image_09,NA,DG5256_wDMP91,spn4_minus,Balancer_no_GFP,vab-2,2-cell,269,0,0,0,0
1858,vab-2.csv,211102,Image_03,211102_Image_03,NA,DG5256_wDMP91,spn4_minus,Balancer_no_GFP,vab-2,2-cell,177,0,0,0,0
1859,vab-2.csv,211102,Image_25,211102_Image_25,NA,DG5256_wDMP91,spn4_minus,Balancer_no_GFP,vab-2,2-cell,100,0,0,0,0
1860,vab-2.csv,211102,Image_37,211102_Image_37,NA,DG5256_wDMP91,spn4_minus,Balancer_no_GFP,vab-2,2-cell,156,0,0,0,0
1861,vab-2.csv,211105,Image_17,211105_Image_17,NA,DG5256_wDMP91,spn4_minus,Balancer_no_GFP,vab-2,2-cell,136,0,0,0,0
1862,vab-2.csv,211105,Image_18,211105_Image_18,NA,DG5256_wDMP91,spn4_minus,Balancer_no_GFP,vab-2,2-cell,235,0,0,0,0
1863,vab-2.csv,211105,Image_27,211105_Image_27,NA,DG5256_wDMP91,spn4_minus,Balancer_no_GFP,vab-2,2-cell,177,0,0,0,0
1864,vab-2.csv,211102,Image_18,211102_Image_18,NA,DG5256_wDMP91,spn4_minus,Balancer_no_GFP,vab-2,4-cell,165,0,0,0,0
1865,vab-2.csv,211102,Image_21,211102_Image_21,NA,DG5256_wDMP91,spn4_minus,Balancer_no_GFP,vab-2,4-cell,193,0,0,0,0
1866,vab-2.csv,211102,Image_22,211102_Image_22,NA,DG5256_wDMP91,spn4_minus,Balancer_no_GFP,vab-2,4-cell,191,0,0,0,0
1867,vab-2.csv,211102,Image_23,211102_Image_23,NA,DG5256_wDMP91,spn4_minus,Balancer_no_GFP,vab-2,4-cell,155,0,0,0,0
1868,vab-2.csv,211105,Image_13,211105_Image_13,NA,DG5256_wDMP91,spn4_minus,Balancer_no_GFP,vab-2,4-cell,257,0,0,0,0
1869,vab-2.csv,211105,Image_15,211105_Image_15,NA,DG5256_wDMP91,spn4_minus,Balancer_no_GFP,vab-2,4-cell,251,0,0,0,0
1870,vab-2.csv,211105,Image_22,211105_Image_22,NA,DG5256_wDMP91,spn4_minus,Balancer_no_GFP,vab-2,4-cell,182,1,10,0.054945055,10
1871,vab-2.csv,211105,Image_24,211105_Image_24,NA,DG5256_wDMP91,spn4_minus,Balancer_no_GFP,vab-2,4-cell,209,1,5,0.023923445,5
1872,vab-2.csv,211105,Image_25,211105_Image_25,NA,DG5256_wDMP91,spn4_minus,Balancer_no_GFP,vab-2,4-cell,186,0,0,0,0
1873,vab-2.csv,211102,Image_01,211102_Image_01,NA,DG5256_wDMP91,spn4_minus,Balancer_no_GFP,vab-2,8-11-cell,169,0,0,0,0
1874,vab-2.csv,211102,Image_14,211102_Image_14,NA,DG5256_wDMP91,spn4_minus,Balancer_no_GFP,vab-2,8-11-cell,234,0,0,0,0
1875,vab-2.csv,211102,Image_27,211102_Image_27_top,top,DG5256_wDMP91,spn4_minus,Balancer_no_GFP,vab-2,8-11-cell,65,0,0,0,0
1876,vab-2.csv,211102,Image_27,211102_Image_27_bottom,bottom,DG5256_wDMP91,spn4_minus,Balancer_no_GFP,vab-2,8-11-cell,212,0,0,0,0
1877,vab-2.csv,211102,Image_34,211102_Image_34,NA,DG5256_wDMP91,spn4_minus,Balancer_no_GFP,vab-2,8-11-cell,147,0,0,0,0
1878,vab-2.csv,211105,Image_02,211105_Image_02,NA,DG5256_wDMP91,spn4_minus,Balancer_no_GFP,vab-2,8-11-cell,48,0,0,0,0
1879,vab-2.csv,211105,Image_10,211105_Image_10,NA,DG5256_wDMP91,spn4_minus,Balancer_no_GFP,vab-2,8-11-cell,222,0,0,0,0
1880,vab-2.csv,211105,Image_15,211105_Image_15,NA,DG5256_wDMP91,spn4_minus,Balancer_no_GFP,vab-2,8-11-cell,183,0,0,0,0
1881,vab-2.csv,211102,Image_02,211102_Image_02,NA,DG5256_wDMP91,spn4_minus,Balancer_no_GFP,vab-2,12-15-cell,177,0,0,0,0
1882,vab-2.csv,211102,Image_35,211102_Image_35,NA,DG5256_wDMP91,spn4_minus,Balancer_no_GFP,vab-2,12-15-cell,213,0,0,0,0
1883,vab-2.csv,211102,Image_36,211102_Image_36,NA,DG5256_wDMP91,spn4_minus,Balancer_no_GFP,vab-2,12-15-cell,181,0,0,0,0
1884,vab-2.csv,211102,Image_37,211102_Image_37,NA,DG5256_wDMP91,spn4_minus,Balancer_no_GFP,vab-2,12-15-cell,151,0,0,0,0
1885,vab-2.csv,211105,Image_14,211105_Image_14,NA,DG5256_wDMP91,spn4_minus,Balancer_no_GFP,vab-2,12-15-cell,145,0,0,0,0
1886,vab-2.csv,211105,Image_20,211105_Image_20,NA,DG5256_wDMP91,spn4_minus,Balancer_no_GFP,vab-2,12-15-cell,59,0,0,0,0
1887,vab-2.csv,211105,Image_28,211105_Image_28,NA,DG5256_wDMP91,spn4_minus,Balancer_no_GFP,vab-2,12-15-cell,249,0,0,0,0
1888,vab-2.csv,211105,Image_29,211105_Image_29,NA,DG5256_wDMP91,spn4_minus,Balancer_no_GFP,vab-2,12-15-cell,99,0,0,0,0
1889,vab-2.csv,211102,Image_10,211102_Image_10,NA,DG5256_wDMP91,spn4_minus,Balancer_no_GFP,vab-2,16-28-cell,166,0,0,0,0
1890,vab-2.csv,211102,Image_05,211102_Image_05,NA,DG5256_wDMP91,spn4_minus,Balancer_no_GFP,vab-2,16-28-cell,156,0,0,0,0
1891,vab-2.csv,211102,Image_24,211102_Image_24,NA,DG5256_wDMP91,spn4_minus,Balancer_no_GFP,vab-2,16-28-cell,147,0,0,0,0
1892,vab-2.csv,211102,Image_28,211102_Image_28,NA,DG5256_wDMP91,spn4_minus,Balancer_no_GFP,vab-2,16-28-cell,131,1,6,0.045801527,6
1893,vab-2.csv,211102,Image_30,211102_Image_30_upper_right,upper,DG5256_wDMP91,spn4_minus,Balancer_no_GFP,vab-2,16-28-cell,151,0,0,0,0
1894,vab-2.csv,211105,Image_01,211105_Image_01,NA,DG5256_wDMP91,spn4_minus,Balancer_no_GFP,vab-2,16-28-cell,98,1,5,0.051020408,5
1895,vab-2.csv,211102,Image_30,211102_Image_30_bottom_left,bottom,DG5256_wDMP91,spn4_minus,Balancer_no_GFP,vab-2,16-28-cell,129,0,0,0,0
1896,vab-2.csv,211105,Image_02,211105_Image_02,NA,DG5256_wDMP91,spn4_minus,Balancer_no_GFP,vab-2,16-28-cell,145,1,8,0.055172414,8
1897,vab-2.csv,211102,Image_03,211102_Image_03,NA,N2,spn4_wt,N2,vab-2,2-cell,155,1,5,0.032258065,5
1898,vab-2.csv,211102,Image_04,211102_Image_04,NA,N2,spn4_wt,N2,vab-2,2-cell,227,0,0,0,0
1899,vab-2.csv,211102,Image_05,211102_Image_05,NA,N2,spn4_wt,N2,vab-2,2-cell,180,0,0,0,0
1900,vab-2.csv,211102,Image_09,211102_Image_09,NA,N2,spn4_wt,N2,vab-2,2-cell,109,0,0,0,0
1901,vab-2.csv,211102,Image_10,211102_Image_10,NA,N2,spn4_wt,N2,vab-2,2-cell,203,0,0,0,0
1902,vab-2.csv,211102,Image_13,211102_Image_13,NA,N2,spn4_wt,N2,vab-2,2-cell,24,0,0,0,0
1903,vab-2.csv,211105,Image_04,211105_Image_04,NA,N2,spn4_wt,N2,vab-2,2-cell,199,0,0,0,0
1904,vab-2.csv,211105,Image_07,211105_Image_07,NA,N2,spn4_wt,N2,vab-2,2-cell,188,0,0,0,0
1905,vab-2.csv,211102,Image_02,211102_Image_02,NA,N2,spn4_wt,N2,vab-2,8-11-cell,123,0,0,0,0
1906,vab-2.csv,211102,Image_05,211102_Image_05,NA,N2,spn4_wt,N2,vab-2,8-11-cell,79,0,0,0,0
1907,vab-2.csv,211102,Image_08,211102_Image_08_left,left,N2,spn4_wt,N2,vab-2,8-11-cell,175,0,0,0,0
1908,vab-2.csv,211102,Image_08,211102_Image_08_right,right,N2,spn4_wt,N2,vab-2,8-11-cell,78,0,0,0,0
1909,vab-2.csv,211105,Image_06,211105_Image_06,NA,N2,spn4_wt,N2,vab-2,8-11-cell,158,0,0,0,0
1910,vab-2.csv,211105,Image_08,211105_Image_08,NA,N2,spn4_wt,N2,vab-2,8-11-cell,94,0,0,0,0
1911,vab-2.csv,211105,Image_14,211105_Image_14,NA,N2,spn4_wt,N2,vab-2,8-11-cell,90,0,0,0,0
1912,vab-2.csv,211105,Image_17,211105_Image_17,NA,N2,spn4_wt,N2,vab-2,8-11-cell,135,0,0,0,0
1913,vab-2.csv,211102,Image_01,211102_Image_01,NA,N2,spn4_wt,N2,vab-2,4-cell,116,0,0,0,0
1914,vab-2.csv,211102,Image_11,211102_Image_11,NA,N2,spn4_wt,N2,vab-2,4-cell,110,0,0,0,0
1915,vab-2.csv,211102,Image_13,211102_Image_13,NA,N2,spn4_wt,N2,vab-2,4-cell,240,0,0,0,0
1916,vab-2.csv,211102,Image_14,211102_Image_14,NA,N2,spn4_wt,N2,vab-2,4-cell,221,0,0,0,0
1917,vab-2.csv,211105,Image_05,211105_Image_05,NA,N2,spn4_wt,N2,vab-2,4-cell,209,0,0,0,0
1918,vab-2.csv,211105,Image_06,211105_Image_06,NA,N2,spn4_wt,N2,vab-2,4-cell,161,0,0,0,0
1919,vab-2.csv,211105,Image_10,211105_Image_10,NA,N2,spn4_wt,N2,vab-2,4-cell,53,0,0,0,0
1920,vab-2.csv,211105,Image_11,211105_Image_11,NA,N2,spn4_wt,N2,vab-2,4-cell,143,0,0,0,0
1921,vab-2.csv,211105,Image_15,211105_Image_15,NA,N2,spn4_wt,N2,vab-2,4-cell,118,0,0,0,0
1922,vab-2.csv,211102,Image_09,211102_Image_09,NA,N2,spn4_wt,N2,vab-2,12-15-cell,92,0,0,0,0
1923,vab-2.csv,211102,Image_10,211102_Image_10,NA,N2,spn4_wt,N2,vab-2,12-15-cell,89,0,0,0,0
1924,vab-2.csv,211102,Image_12,211102_Image_12,NA,N2,spn4_wt,N2,vab-2,12-15-cell,127,0,0,0,0
1925,vab-2.csv,211102,Image_15,211102_Image_15,NA,N2,spn4_wt,N2,vab-2,12-15-cell,97,2,10,0.103092784,5
1926,vab-2.csv,211105,Image_01,211105_Image_01,NA,N2,spn4_wt,N2,vab-2,12-15-cell,82,0,0,0,0
1927,vab-2.csv,211105,Image_03,211105_Image_03,NA,N2,spn4_wt,N2,vab-2,12-15-cell,129,0,0,0,0
1928,vab-2.csv,211105,Image_12,211105_Image_12,NA,N2,spn4_wt,N2,vab-2,12-15-cell,89,0,0,0,0
1929,vab-2.csv,211105,Image_13,211105_Image_13,NA,N2,spn4_wt,N2,vab-2,12-15-cell,116,0,0,0,0
1930,vab-2.csv,211105,Image_16,211105_Image_16,NA,N2,spn4_wt,N2,vab-2,12-15-cell,111,1,5,0.045045045,5
1931,vab-2.csv,211102,Image_01,211102_Image_01,NA,N2,spn4_wt,N2,vab-2,16-28-cell,100,0,0,0,0
1932,vab-2.csv,211102,Image_06,211102_Image_06,NA,N2,spn4_wt,N2,vab-2,16-28-cell,114,0,0,0,0
1933,vab-2.csv,211102,Image_07,211102_Image_07_bottom,bottom,N2,spn4_wt,N2,vab-2,16-28-cell,291,2,14,0.048109966,7
1934,vab-2.csv,211102,Image_07,211102_Image_07_top,top,N2,spn4_wt,N2,vab-2,16-28-cell,187,0,0,0,0
1935,vab-2.csv,211105,Image_02,211105_Image_02,NA,N2,spn4_wt,N2,vab-2,16-28-cell,90,0,0,0,0
1936,vab-2.csv,211105,Image_09,211105_Image_09,NA,N2,spn4_wt,N2,vab-2,16-28-cell,413,6,36,0.08716707,6
1937,vab-2.csv,211105,Image_15,211105_Image_15,NA,N2,spn4_wt,N2,vab-2,16-28-cell,149,0,0,0,0
1938,vab-2.csv,211105,Image_18,211105_Image_18,NA,N2,spn4_wt,N2,vab-2,16-28-cell,811,7,46,0.056720099,6.571428571
1939,Y19.csv,211108,Image_05,211108_Image_05,NA,N2,spn4_wt,N2,Y19D2B.2,2-cell,3,0,0,0,0
1940,Y19.csv,211018,Image_10,211018_Image_10,NA,N2,spn4_wt,N2,Y19D2B.2,2-cell,14,0,0,0,0
1941,Y19.csv,211018,Image_14,211018_Image_14,NA,N2,spn4_wt,N2,Y19D2B.2,2-cell,6,0,0,0,0
1942,Y19.csv,211018,Image_15,211018_Image_15,NA,N2,spn4_wt,N2,Y19D2B.2,2-cell,11,0,0,0,0
1943,Y19.csv,211018,Image_17,211018_Image_17,NA,N2,spn4_wt,N2,Y19D2B.2,2-cell,10,0,0,0,0
1944,Y19.csv,211028,Image_01,211028_Image_01_bottom,bottom,N2,spn4_wt,N2,Y19D2B.2,2-cell,9,0,0,0,0
1945,Y19.csv,211028,Image_01,211028_Image_01_top,top,N2,spn4_wt,N2,Y19D2B.2,2-cell,16,1,5,0.3125,5
1946,Y19.csv,211028,Image_05,211028_Image_05,NA,N2,spn4_wt,N2,Y19D2B.2,2-cell,22,0,0,0,0
1947,Y19.csv,211018,Image_01,211018_Image_01_left,left,N2,spn4_wt,N2,Y19D2B.2,4-cell,9,0,0,0,0
1948,Y19.csv,211018,Image_01,211018_Image_01_right,right,N2,spn4_wt,N2,Y19D2B.2,4-cell,17,0,0,0,0
1949,Y19.csv,211018,Image_17,211018_Image_17,NA,N2,spn4_wt,N2,Y19D2B.2,4-cell,35,0,0,0,0
1950,Y19.csv,211028,Image_02,211028_Image_02,NA,N2,spn4_wt,N2,Y19D2B.2,4-cell,11,0,0,0,0
1951,Y19.csv,211028,Image_07,211028_Image_07,NA,N2,spn4_wt,N2,Y19D2B.2,4-cell,11,0,0,0,0
1952,Y19.csv,211028,Image_10,211028_Image_10,NA,N2,spn4_wt,N2,Y19D2B.2,4-cell,4,0,0,0,0
1953,Y19.csv,211028,Image_11,211028_Image_11,NA,N2,spn4_wt,N2,Y19D2B.2,4-cell,14,1,6,0.428571429,6
1954,Y19.csv,211028,Image_15,211028_Image_15,NA,N2,spn4_wt,N2,Y19D2B.2,4-cell,19,0,0,0,0
1955,Y19.csv,211018,Image_03,211018_Image_03,NA,N2,spn4_wt,N2,Y19D2B.2,8-11-cell,58,0,0,0,0
1956,Y19.csv,211018,Image_05,211018_Image_05,NA,N2,spn4_wt,N2,Y19D2B.2,8-11-cell,103,0,0,0,0
1957,Y19.csv,211018,Image_09,211018_Image_09,NA,N2,spn4_wt,N2,Y19D2B.2,8-11-cell,205,6,40,0.195121951,6.666666667
1958,Y19.csv,211018,Image_12,211018_Image_12,NA,N2,spn4_wt,N2,Y19D2B.2,8-11-cell,13,0,0,0,0
1959,Y19.csv,211018,Image_17,211018_Image_17,NA,N2,spn4_wt,N2,Y19D2B.2,8-11-cell,25,0,0,0,0
1960,Y19.csv,211028,Image_03,211028_Image_03,NA,N2,spn4_wt,N2,Y19D2B.2,8-11-cell,283,2,12,0.042402827,6
1961,Y19.csv,211028,Image_04,211028_Image_04,NA,N2,spn4_wt,N2,Y19D2B.2,8-11-cell,29,0,0,0,0
1962,Y19.csv,211028,Image_10,211028_Image_10,NA,N2,spn4_wt,N2,Y19D2B.2,8-11-cell,15,0,0,0,0
1963,Y19.csv,211018,Image_02,211018_Image_02,NA,N2,spn4_wt,N2,Y19D2B.2,12-15-cell,326,1,7,0.021472393,7
1964,Y19.csv,211018,Image_06,211018_Image_06,NA,N2,spn4_wt,N2,Y19D2B.2,12-15-cell,1233,11,117,0.094890511,10.63636364
1965,Y19.csv,211018,Image_07,211018_Image_07,NA,N2,spn4_wt,N2,Y19D2B.2,12-15-cell,318,1,5,0.01572327,5
1966,Y19.csv,211018,Image_16,211018_Image_16,NA,N2,spn4_wt,N2,Y19D2B.2,12-15-cell,844,17,102,0.120853081,6
1967,Y19.csv,211028,Image_09,211028_Image_09,NA,N2,spn4_wt,N2,Y19D2B.2,12-15-cell,452,1,6,0.013274336,6
1968,Y19.csv,211028,Image_14,211028_Image_14,NA,N2,spn4_wt,N2,Y19D2B.2,12-15-cell,771,0,0,0,0
1969,Y19.csv,211028,Image_16,211028_Image_16,NA,N2,spn4_wt,N2,Y19D2B.2,12-15-cell,603,2,10,0.016583748,5
1970,Y19.csv,211028,Image_17,211028_Image_17,NA,N2,spn4_wt,N2,Y19D2B.2,12-15-cell,658,7,63,0.095744681,9
1971,Y19.csv,211018,Image_04,211018_Image_04,NA,N2,spn4_wt,N2,Y19D2B.2,16-28-cell,738,2,15,0.020325203,7.5
1972,Y19.csv,211018,Image_08,211018_Image_08,NA,N2,spn4_wt,N2,Y19D2B.2,16-28-cell,1371,7,40,0.029175784,5.714285714
1973,Y19.csv,211018,Image_11,211018_Image_11,NA,N2,spn4_wt,N2,Y19D2B.2,16-28-cell,840,1,12,0.014285714,12
1974,Y19.csv,211018,Image_13,211018_Image_13,NA,N2,spn4_wt,N2,Y19D2B.2,16-28-cell,560,1,6,0.010714286,6
1975,Y19.csv,211028,Image_08,211028_Image_08,NA,N2,spn4_wt,N2,Y19D2B.2,16-28-cell,764,1,6,0.007853403,6
1976,Y19.csv,211028,Image_06,211028_Image_06,NA,N2,spn4_wt,N2,Y19D2B.2,16-28-cell,1860,7,50,0.02688172,7.142857143
1977,Y19.csv,211028,Image_12,211028_Image_12,NA,N2,spn4_wt,N2,Y19D2B.2,16-28-cell,945,8,61,0.064550265,7.625
1978,Y19.csv,211028,Image_13,211028_Image_13,NA,N2,spn4_wt,N2,Y19D2B.2,16-28-cell,996,2,11,0.011044177,5.5
1979,Y19.csv,211018,Image_09,211018_Image_09,NA,DG5256_wDMP91,spn4_plus,Balancer_GFP,Y19D2B.2,2-cell,17,0,0,0,0
1980,Y19.csv,211018,Image_14,211018_Image_14,NA,DG5256_wDMP91,spn4_plus,Balancer_GFP,Y19D2B.2,2-cell,23,0,0,0,0
1981,Y19.csv,211018,Image_18,211018_Image_18,NA,DG5256_wDMP91,spn4_plus,Balancer_GFP,Y19D2B.2,2-cell,19,0,0,0,0
1982,Y19.csv,211018,Image_19,211018_Image_19,NA,DG5256_wDMP91,spn4_plus,Balancer_GFP,Y19D2B.2,2-cell,20,0,0,0,0
1983,Y19.csv,211018,Image_29,211018_Image_29,NA,DG5256_wDMP91,spn4_plus,Balancer_GFP,Y19D2B.2,2-cell,9,0,0,0,0
1984,Y19.csv,211028,Image_03,211028_Image_03,NA,DG5256_wDMP91,spn4_plus,Balancer_GFP,Y19D2B.2,2-cell,12,0,0,0,0
1985,Y19.csv,211028,Image_02,211028_Image_02,NA,DG5256_wDMP91,spn4_plus,Balancer_GFP,Y19D2B.2,2-cell,40,0,0,0,0
1986,Y19.csv,211028,Image_12,211028_Image_12,NA,DG5256_wDMP91,spn4_plus,Balancer_GFP,Y19D2B.2,2-cell,4,0,0,0,0
1987,Y19.csv,211018,Image_17,211018_Image_17,NA,DG5256_wDMP91,spn4_minus,Balancer_no_GFP,Y19D2B.2,2-cell,12,0,0,0,0
1988,Y19.csv,211018,Image_22,211018_Image_22,NA,DG5256_wDMP91,spn4_minus,Balancer_no_GFP,Y19D2B.2,2-cell,8,0,0,0,0
1989,Y19.csv,211018,Image_24,211018_Image_24,NA,DG5256_wDMP91,spn4_minus,Balancer_no_GFP,Y19D2B.2,2-cell,19,0,0,0,0
1990,Y19.csv,211018,Image_25,211018_Image_25,NA,DG5256_wDMP91,spn4_minus,Balancer_no_GFP,Y19D2B.2,2-cell,17,0,0,0,0
1991,Y19.csv,211028,Image_17,211028_Image_17,NA,DG5256_wDMP91,spn4_minus,Balancer_no_GFP,Y19D2B.2,2-cell,7,0,0,0,0
1992,Y19.csv,211028,Image_32,211028_Image_32,NA,DG5256_wDMP91,spn4_minus,Balancer_no_GFP,Y19D2B.2,2-cell,24,0,0,0,0
1993,Y19.csv,211028,Image_34,211028_Image_34,NA,DG5256_wDMP91,spn4_minus,Balancer_no_GFP,Y19D2B.2,2-cell,37,0,0,0,0
1994,Y19.csv,211018,Image_01,211018_Image_01,NA,DG5256_wDMP91,spn4_plus,Balancer_GFP,Y19D2B.2,4-cell,29,1,7,0.24137931,7
1995,Y19.csv,211018,Image_08,211018_Image_08,NA,DG5256_wDMP91,spn4_plus,Balancer_GFP,Y19D2B.2,4-cell,8,0,0,0,0
1996,Y19.csv,211018,Image_16,211018_Image_16,NA,DG5256_wDMP91,spn4_plus,Balancer_GFP,Y19D2B.2,4-cell,14,0,0,0,0
1997,Y19.csv,211018,Image_20,211018_Image_20,NA,DG5256_wDMP91,spn4_plus,Balancer_GFP,Y19D2B.2,4-cell,25,0,0,0,0
1998,Y19.csv,211028,Image_10,211028_Image_10,NA,DG5256_wDMP91,spn4_plus,Balancer_GFP,Y19D2B.2,4-cell,6,0,0,0,0
1999,Y19.csv,211028,Image_25,211028_Image_25_right,right,DG5256_wDMP91,spn4_plus,Balancer_GFP,Y19D2B.2,4-cell,3,0,0,0,0
2000,Y19.csv,211028,Image_25,211028_Image_25_left,left,DG5256_wDMP91,spn4_plus,Balancer_GFP,Y19D2B.2,4-cell,9,0,0,0,0
2001,Y19.csv,211028,Image_27,211028_Image_27,NA,DG5256_wDMP91,spn4_plus,Balancer_GFP,Y19D2B.2,4-cell,20,0,0,0,0
2002,Y19.csv,211018,Image_21,211018_Image_21,NA,DG5256_wDMP91,spn4_minus,Balancer_no_GFP,Y19D2B.2,4-cell,10,0,0,0,0
2003,Y19.csv,211018,Image_23,211018_Image_23,NA,DG5256_wDMP91,spn4_minus,Balancer_no_GFP,Y19D2B.2,4-cell,12,0,0,0,0
2004,Y19.csv,211018,Image_27,211018_Image_27,NA,DG5256_wDMP91,spn4_minus,Balancer_no_GFP,Y19D2B.2,4-cell,12,0,0,0,0
2005,Y19.csv,211028,Image_09,211028_Image_09,NA,DG5256_wDMP91,spn4_minus,Balancer_no_GFP,Y19D2B.2,4-cell,12,0,0,0,0
2006,Y19.csv,211028,Image_19,211028_Image_19,NA,DG5256_wDMP91,spn4_minus,Balancer_no_GFP,Y19D2B.2,4-cell,9,0,0,0,0
2007,Y19.csv,211028,Image_26,211028_Image_26,NA,DG5256_wDMP91,spn4_minus,Balancer_no_GFP,Y19D2B.2,4-cell,5,0,0,0,0
2008,Y19.csv,211028,Image_30,211028_Image_30,NA,DG5256_wDMP91,spn4_minus,Balancer_no_GFP,Y19D2B.2,4-cell,21,0,0,0,0
2009,Y19.csv,211018,Image_04,211018_Image_04,NA,DG5256_wDMP91,spn4_plus,Balancer_GFP,Y19D2B.2,8-11-cell,128,5,40,0.3125,8
2010,Y19.csv,211018,Image_26,211018_Image_26,NA,DG5256_wDMP91,spn4_plus,Balancer_GFP,Y19D2B.2,8-11-cell,152,1,9,0.059210526,9
2011,Y19.csv,211018,Image_28,211018_Image_28,NA,DG5256_wDMP91,spn4_plus,Balancer_GFP,Y19D2B.2,8-11-cell,222,5,45,0.202702703,9
2012,Y19.csv,211018,Image_29,211018_Image_29,NA,DG5256_wDMP91,spn4_plus,Balancer_GFP,Y19D2B.2,8-11-cell,136,3,17,0.125,5.666666667
2013,Y19.csv,211028,Image_14,211028_Image_14,NA,DG5256_wDMP91,spn4_plus,Balancer_GFP,Y19D2B.2,8-11-cell,152,0,0,0,0
2014,Y19.csv,211028,Image_31,211028_Image_31,NA,DG5256_wDMP91,spn4_plus,Balancer_GFP,Y19D2B.2,8-11-cell,41,0,0,0,0
2015,Y19.csv,211028,Image_33,211028_Image_33,NA,DG5256_wDMP91,spn4_plus,Balancer_GFP,Y19D2B.2,8-11-cell,20,0,0,0,0
2016,Y19.csv,211018,Image_06,211018_Image_06,NA,DG5256_wDMP91,spn4_minus,Balancer_no_GFP,Y19D2B.2,8-11-cell,18,0,0,0,0
2017,Y19.csv,211018,Image_07,211018_Image_07,NA,DG5256_wDMP91,spn4_minus,Balancer_no_GFP,Y19D2B.2,8-11-cell,52,0,0,0,0
2018,Y19.csv,211018,Image_28,211018_Image_28,NA,DG5256_wDMP91,spn4_minus,Balancer_no_GFP,Y19D2B.2,8-11-cell,18,0,0,0,0
2019,Y19.csv,211028,Image_04,211028_Image_04,NA,DG5256_wDMP91,spn4_minus,Balancer_no_GFP,Y19D2B.2,8-11-cell,33,0,0,0,0
2020,Y19.csv,211028,Image_05,211028_Image_05,NA,DG5256_wDMP91,spn4_minus,Balancer_no_GFP,Y19D2B.2,8-11-cell,8,0,0,0,0
2021,Y19.csv,211028,Image_06,211028_Image_06,NA,DG5256_wDMP91,spn4_minus,Balancer_no_GFP,Y19D2B.2,8-11-cell,8,0,0,0,0
2022,Y19.csv,211028,Image_12,211028_Image_12,NA,DG5256_wDMP91,spn4_minus,Balancer_no_GFP,Y19D2B.2,8-11-cell,16,0,0,0,0
2023,Y19.csv,211028,Image_22,211028_Image_22,NA,DG5256_wDMP91,spn4_minus,Balancer_no_GFP,Y19D2B.2,8-11-cell,13,0,0,0,0
2024,Y19.csv,211018,Image_12,211018_Image_12,NA,DG5256_wDMP91,spn4_plus,Balancer_GFP,Y19D2B.2,12-15-cell,728,5,30,0.041208791,6
2025,Y19.csv,211018,Image_13,211018_Image_13_left,left,DG5256_wDMP91,spn4_plus,Balancer_GFP,Y19D2B.2,12-15-cell,968,4,25,0.025826446,6.25
2026,Y19.csv,211018,Image_13,211018_Image_13_right,right,DG5256_wDMP91,spn4_plus,Balancer_GFP,Y19D2B.2,12-15-cell,680,4,27,0.039705882,6.75
2027,Y19.csv,211018,Image_15,211018_Image_15,NA,DG5256_wDMP91,spn4_plus,Balancer_GFP,Y19D2B.2,12-15-cell,560,3,19,0.033928571,6.333333333
2028,Y19.csv,211018,Image_29,211018_Image_29,NA,DG5256_wDMP91,spn4_plus,Balancer_GFP,Y19D2B.2,12-15-cell,228,1,5,0.021929825,5
2029,Y19.csv,211028,Image_07,211028_Image_07,NA,DG5256_wDMP91,spn4_plus,Balancer_GFP,Y19D2B.2,12-15-cell,255,0,0,0,0
2030,Y19.csv,211028,Image_08,211028_Image_08,NA,DG5256_wDMP91,spn4_plus,Balancer_GFP,Y19D2B.2,12-15-cell,1402,12,87,0.062054208,7.25
2031,Y19.csv,211028,Image_21,211028_Image_21,NA,DG5256_wDMP91,spn4_plus,Balancer_GFP,Y19D2B.2,12-15-cell,648,5,31,0.047839506,6.2
2032,Y19.csv,211018,Image_05,211018_Image_05,NA,DG5256_wDMP91,spn4_minus,Balancer_no_GFP,Y19D2B.2,12-15-cell,78,0,0,0,0
2033,Y19.csv,211018,Image_10,211018_Image_10,NA,DG5256_wDMP91,spn4_minus,Balancer_no_GFP,Y19D2B.2,12-15-cell,6,0,0,0,0
2034,Y19.csv,211018,Image_11,211018_Image_11,NA,DG5256_wDMP91,spn4_minus,Balancer_no_GFP,Y19D2B.2,12-15-cell,56,0,0,0,0
2035,Y19.csv,211018,Image_23,211018_Image_23,NA,DG5256_wDMP91,spn4_minus,Balancer_no_GFP,Y19D2B.2,12-15-cell,31,0,0,0,0
2036,Y19.csv,211028,Image_18,211028_Image_18,NA,DG5256_wDMP91,spn4_minus,Balancer_no_GFP,Y19D2B.2,12-15-cell,29,0,0,0,0
2037,Y19.csv,211028,Image_15,211028_Image_15,NA,DG5256_wDMP91,spn4_minus,Balancer_no_GFP,Y19D2B.2,12-15-cell,168,0,0,0,0
2038,Y19.csv,211028,Image_20,211028_Image_20,NA,DG5256_wDMP91,spn4_minus,Balancer_no_GFP,Y19D2B.2,12-15-cell,399,0,0,0,0
2039,Y19.csv,211028,Image_24,211028_Image_24,NA,DG5256_wDMP91,spn4_minus,Balancer_no_GFP,Y19D2B.2,12-15-cell,128,0,0,0,0
2040,Y19.csv,211018,Image_02,211018_Image_02,NA,DG5256_wDMP91,spn4_plus,Balancer_GFP,Y19D2B.2,16-28-cell,1639,9,57,0.034777303,6.333333333
2041,Y19.csv,211018,Image_03,211018_Image_03,NA,DG5256_wDMP91,spn4_plus,Balancer_GFP,Y19D2B.2,16-28-cell,1076,7,48,0.044609665,6.857142857
2042,Y19.csv,211018,Image_12,211018_Image_12,NA,DG5256_wDMP91,spn4_plus,Balancer_GFP,Y19D2B.2,16-28-cell,1095,4,22,0.020091324,5.5
2043,Y19.csv,211028,Image_13,211028_Image_13,NA,DG5256_wDMP91,spn4_plus,Balancer_GFP,Y19D2B.2,16-28-cell,1459,5,26,0.017820425,5.2
2044,Y19.csv,211028,Image_23,211028_Image_23,NA,DG5256_wDMP91,spn4_plus,Balancer_GFP,Y19D2B.2,16-28-cell,1664,8,42,0.025240385,5.25
2045,Y19.csv,211028,Image_28,211028_Image_28,NA,DG5256_wDMP91,spn4_plus,Balancer_GFP,Y19D2B.2,16-28-cell,1112,2,11,0.009892086,5.5
2046,Y19.csv,211028,Image_29,211028_Image_29,NA,DG5256_wDMP91,spn4_plus,Balancer_GFP,Y19D2B.2,16-28-cell,793,6,49,0.061790668,8.166666667
2047,Y19.csv,211028,Image_30,211028_Image_30,NA,DG5256_wDMP91,spn4_plus,Balancer_GFP,Y19D2B.2,16-28-cell,715,1,5,0.006993007,5
2048,Y19.csv,211018,Image_03,211018_Image_03,NA,DG5256_wDMP91,spn4_minus,Balancer_no_GFP,Y19D2B.2,16-28-cell,221,2,14,0.063348416,7
2049,Y19.csv,211018,Image_04,211018_Image_04,NA,DG5256_wDMP91,spn4_minus,Balancer_no_GFP,Y19D2B.2,16-28-cell,31,0,0,0,0
2050,Y19.csv,211018,Image_08,211018_Image_08,NA,DG5256_wDMP91,spn4_minus,Balancer_no_GFP,Y19D2B.2,16-28-cell,477,0,0,0,0
2051,Y19.csv,211018,Image_11,211018_Image_11,NA,DG5256_wDMP91,spn4_minus,Balancer_no_GFP,Y19D2B.2,16-28-cell,298,0,0,0,0
2052,Y19.csv,211018,Image_18,211018_Image_18,NA,DG5256_wDMP91,spn4_minus,Balancer_no_GFP,Y19D2B.2,16-28-cell,699,4,22,0.031473534,5.5
2053,Y19.csv,211028,Image_11,211028_Image_11,NA,DG5256_wDMP91,spn4_minus,Balancer_no_GFP,Y19D2B.2,16-28-cell,885,11,72,0.081355932,6.545454545
2054,Y19.csv,211028,Image_16,211028_Image_16,NA,DG5256_wDMP91,spn4_minus,Balancer_no_GFP,Y19D2B.2,16-28-cell,116,0,0,0,0
2055,Y19.csv,211028,Image_01,211028_Image_01,NA,DG5256_wDMP91,spn4_minus,Balancer_no_GFP,Y19D2B.2,16-28-cell,566,1,6,0.010600707,6
2056,Y37.csv,211015,Image_18,211015_Image_18,NA,DG5256_wDMP91,spn4_plus,Balancer_GFP,Y37H2A.12,2-cell,294,0,0,0,0
2057,Y37.csv,211015,Image_20,211015_Image_20_bottom_left,bottom,DG5256_wDMP91,spn4_plus,Balancer_GFP,Y37H2A.12,2-cell,227,0,0,0,0
2058,Y37.csv,211015,Image_20,211015_Image_20_upper_right,upper,DG5256_wDMP91,spn4_plus,Balancer_GFP,Y37H2A.12,2-cell,229,1,6,0.026200873,6
2059,Y37.csv,211018,Image_04,211018_Image_04,NA,DG5256_wDMP91,spn4_plus,Balancer_GFP,Y37H2A.12,2-cell,303,0,0,0,0
2060,Y37.csv,211018,Image_09,211018_Image_09,NA,DG5256_wDMP91,spn4_plus,Balancer_GFP,Y37H2A.12,2-cell,80,0,0,0,0
2061,Y37.csv,211018,Image_11,211018_Image_11,NA,DG5256_wDMP91,spn4_plus,Balancer_GFP,Y37H2A.12,2-cell,348,0,0,0,0
2062,Y37.csv,211018,Image_12,211018_Image_12,NA,DG5256_wDMP91,spn4_plus,Balancer_GFP,Y37H2A.12,2-cell,325,0,0,0,0
2063,Y37.csv,211018,Image_29,211018_Image_29,NA,DG5256_wDMP91,spn4_plus,Balancer_GFP,Y37H2A.12,2-cell,340,0,0,0,0
2064,Y37.csv,211015,Image_10,211015_Image_10,NA,DG5256_wDMP91,spn4_minus,Balancer_no_GFP,Y37H2A.12,2-cell,366,0,0,0,0
2065,Y37.csv,211015,Image_12,211015_Image_12,NA,DG5256_wDMP91,spn4_minus,Balancer_no_GFP,Y37H2A.12,2-cell,492,1,5,0.010162602,5
2066,Y37.csv,211015,Image_15,211015_Image_15,NA,DG5256_wDMP91,spn4_minus,Balancer_no_GFP,Y37H2A.12,2-cell,373,0,0,0,0
2067,Y37.csv,211015,Image_25,211015_Image_25_left,left,DG5256_wDMP91,spn4_minus,Balancer_no_GFP,Y37H2A.12,2-cell,298,0,0,0,0
2068,Y37.csv,211015,Image_25,211015_Image_25_right,right,DG5256_wDMP91,spn4_minus,Balancer_no_GFP,Y37H2A.12,2-cell,377,0,0,0,0
2069,Y37.csv,211018,Image_01,211018_Image_01,NA,DG5256_wDMP91,spn4_minus,Balancer_no_GFP,Y37H2A.12,2-cell,527,0,0,0,0
2070,Y37.csv,211018,Image_30,211018_Image_30,NA,DG5256_wDMP91,spn4_minus,Balancer_no_GFP,Y37H2A.12,2-cell,358,0,0,0,0
2071,Y37.csv,211018,Image_31,211018_Image_31,NA,DG5256_wDMP91,spn4_minus,Balancer_no_GFP,Y37H2A.12,2-cell,318,0,0,0,0
2072,Y37.csv,211018,Image_38,211018_Image_38,NA,DG5256_wDMP91,spn4_minus,Balancer_no_GFP,Y37H2A.12,2-cell,410,0,0,0,0
2073,Y37.csv,211015,Image_21,211015_Image_21,NA,DG5256_wDMP91,spn4_minus,Balancer_no_GFP,Y37H2A.12,4-cell,402,0,0,0,0
2074,Y37.csv,211015,Image_22,211015_Image_22,NA,DG5256_wDMP91,spn4_minus,Balancer_no_GFP,Y37H2A.12,4-cell,246,0,0,0,0
2075,Y37.csv,211015,Image_23,211015_Image_23,NA,DG5256_wDMP91,spn4_minus,Balancer_no_GFP,Y37H2A.12,4-cell,250,0,0,0,0
2076,Y37.csv,211018,Image_33,211018_Image_33,NA,DG5256_wDMP91,spn4_minus,Balancer_no_GFP,Y37H2A.12,4-cell,151,0,0,0,0
2077,Y37.csv,211018,Image_37,211018_Image_37,NA,DG5256_wDMP91,spn4_minus,Balancer_no_GFP,Y37H2A.12,4-cell,186,0,0,0,0
2078,Y37.csv,211018,Image_39,211018_Image_39,NA,DG5256_wDMP91,spn4_minus,Balancer_no_GFP,Y37H2A.12,4-cell,328,0,0,0,0
2079,Y37.csv,211018,Image_40,211018_Image_40,NA,DG5256_wDMP91,spn4_minus,Balancer_no_GFP,Y37H2A.12,4-cell,117,0,0,0,0
2080,Y37.csv,211018,Image_41,211018_Image_41,NA,DG5256_wDMP91,spn4_minus,Balancer_no_GFP,Y37H2A.12,4-cell,357,0,0,0,0
2081,Y37.csv,211015,Image_04,211015_Image_04,NA,DG5256_wDMP91,spn4_plus,Balancer_GFP,Y37H2A.12,4-cell,350,0,0,0,0
2082,Y37.csv,211015,Image_05,211015_Image_05,NA,DG5256_wDMP91,spn4_plus,Balancer_GFP,Y37H2A.12,4-cell,160,0,0,0,0
2083,Y37.csv,211015,Image_11,211015_Image_11,NA,DG5256_wDMP91,spn4_plus,Balancer_GFP,Y37H2A.12,4-cell,246,0,0,0,0
2084,Y37.csv,211015,Image_13,211015_Image_13,NA,DG5256_wDMP91,spn4_plus,Balancer_GFP,Y37H2A.12,4-cell,310,0,0,0,0
2085,Y37.csv,211015,Image_24,211015_Image_24,NA,DG5256_wDMP91,spn4_plus,Balancer_GFP,Y37H2A.12,4-cell,265,0,0,0,0
2086,Y37.csv,211018,Image_15,211018_Image_15,NA,DG5256_wDMP91,spn4_plus,Balancer_GFP,Y37H2A.12,4-cell,246,0,0,0,0
2087,Y37.csv,211018,Image_19,211018_Image_19,NA,DG5256_wDMP91,spn4_plus,Balancer_GFP,Y37H2A.12,4-cell,169,0,0,0,0
2088,Y37.csv,211018,Image_27,211018_Image_27,NA,DG5256_wDMP91,spn4_plus,Balancer_GFP,Y37H2A.12,4-cell,316,0,0,0,0
2089,Y37.csv,211015,Image_02,211015_Image_02,NA,DG5256_wDMP91,spn4_plus,Balancer_GFP,Y37H2A.12,8-11-cell,268,0,0,0,0
2090,Y37.csv,211015,Image_03,211015_Image_03,NA,DG5256_wDMP91,spn4_plus,Balancer_GFP,Y37H2A.12,8-11-cell,214,0,0,0,0
2091,Y37.csv,211015,Image_05,211015_Image_05,NA,DG5256_wDMP91,spn4_plus,Balancer_GFP,Y37H2A.12,8-11-cell,262,1,5,0.019083969,5
2092,Y37.csv,211015,Image_17,211015_Image_17,NA,DG5256_wDMP91,spn4_plus,Balancer_GFP,Y37H2A.12,8-11-cell,256,0,0,0,0
2093,Y37.csv,211015,Image_21,211015_Image_21,NA,DG5256_wDMP91,spn4_plus,Balancer_GFP,Y37H2A.12,8-11-cell,161,0,0,0,0
2094,Y37.csv,211018,Image_10,211018_Image_10,NA,DG5256_wDMP91,spn4_plus,Balancer_GFP,Y37H2A.12,8-11-cell,173,0,0,0,0
2095,Y37.csv,211018,Image_18,211018_Image_18,NA,DG5256_wDMP91,spn4_plus,Balancer_GFP,Y37H2A.12,8-11-cell,93,0,0,0,0
2096,Y37.csv,211018,Image_23,211018_Image_23,NA,DG5256_wDMP91,spn4_plus,Balancer_GFP,Y37H2A.12,8-11-cell,141,0,0,0,0
2097,Y37.csv,211018,Image_26,211018_Image_26,NA,DG5256_wDMP91,spn4_plus,Balancer_GFP,Y37H2A.12,8-11-cell,226,0,0,0,0
2098,Y37.csv,211015,Image_08,211015_Image_08,NA,DG5256_wDMP91,spn4_plus,Balancer_GFP,Y37H2A.12,16-28-cell,49,0,0,0,0
2099,Y37.csv,211015,Image_09,211015_Image_09,NA,DG5256_wDMP91,spn4_plus,Balancer_GFP,Y37H2A.12,16-28-cell,35,0,0,0,0
2100,Y37.csv,211015,Image_11,211015_Image_11,NA,DG5256_wDMP91,spn4_plus,Balancer_GFP,Y37H2A.12,16-28-cell,21,0,0,0,0
2101,Y37.csv,211018,Image_02,211018_Image_02,NA,DG5256_wDMP91,spn4_plus,Balancer_GFP,Y37H2A.12,16-28-cell,16,1,5,0.3125,5
2102,Y37.csv,211018,Image_05,211018_Image_05,NA,DG5256_wDMP91,spn4_plus,Balancer_GFP,Y37H2A.12,16-28-cell,22,0,0,0,0
2103,Y37.csv,211018,Image_13,211018_Image_13,NA,DG5256_wDMP91,spn4_plus,Balancer_GFP,Y37H2A.12,16-28-cell,21,0,0,0,0
2104,Y37.csv,211018,Image_16,211018_Image_16,NA,DG5256_wDMP91,spn4_plus,Balancer_GFP,Y37H2A.12,16-28-cell,14,0,0,0,0
2105,Y37.csv,211018,Image_21,211018_Image_21,NA,DG5256_wDMP91,spn4_plus,Balancer_GFP,Y37H2A.12,16-28-cell,25,0,0,0,0
2106,Y37.csv,211015,Image_03,211015_Image_03,NA,DG5256_wDMP91,spn4_minus,Balancer_no_GFP,Y37H2A.12,8-11-cell,87,0,0,0,0
2107,Y37.csv,211015,Image_12,211015_Image_12,NA,DG5256_wDMP91,spn4_minus,Balancer_no_GFP,Y37H2A.12,8-11-cell,107,0,0,0,0
2108,Y37.csv,211015,Image_15,211015_Image_15,NA,DG5256_wDMP91,spn4_minus,Balancer_no_GFP,Y37H2A.12,8-11-cell,155,1,6,0.038709677,6
2109,Y37.csv,211015,Image_23,211015_Image_23,NA,DG5256_wDMP91,spn4_minus,Balancer_no_GFP,Y37H2A.12,8-11-cell,293,0,0,0,0
2110,Y37.csv,211018,Image_03,211018_Image_03,NA,DG5256_wDMP91,spn4_minus,Balancer_no_GFP,Y37H2A.12,8-11-cell,443,0,0,0,0
2111,Y37.csv,211018,Image_24,211018_Image_24,NA,DG5256_wDMP91,spn4_minus,Balancer_no_GFP,Y37H2A.12,8-11-cell,275,0,0,0,0
2112,Y37.csv,211018,Image_25,211018_Image_25,NA,DG5256_wDMP91,spn4_minus,Balancer_no_GFP,Y37H2A.12,8-11-cell,412,0,0,0,0
2113,Y37.csv,211018,Image_34,211018_Image_34,NA,DG5256_wDMP91,spn4_minus,Balancer_no_GFP,Y37H2A.12,8-11-cell,178,0,0,0,0
2114,Y37.csv,211015,Image_01,211015_Image_01,NA,DG5256_wDMP91,spn4_minus,Balancer_no_GFP,Y37H2A.12,12-15-cell,320,1,5,0.015625,5
2115,Y37.csv,211015,Image_06,211015_Image_06,NA,DG5256_wDMP91,spn4_minus,Balancer_no_GFP,Y37H2A.12,12-15-cell,218,0,0,0,0
2116,Y37.csv,211015,Image_16,211015_Image_16,NA,DG5256_wDMP91,spn4_minus,Balancer_no_GFP,Y37H2A.12,12-15-cell,311,0,0,0,0
2117,Y37.csv,211018,Image_07,211018_Image_07,NA,DG5256_wDMP91,spn4_minus,Balancer_no_GFP,Y37H2A.12,12-15-cell,165,0,0,0,0
2118,Y37.csv,211018,Image_22,211018_Image_22,NA,DG5256_wDMP91,spn4_minus,Balancer_no_GFP,Y37H2A.12,12-15-cell,215,0,0,0,0
2119,Y37.csv,211018,Image_32,211018_Image_32,NA,DG5256_wDMP91,spn4_minus,Balancer_no_GFP,Y37H2A.12,12-15-cell,158,0,0,0,0
2120,Y37.csv,211018,Image_35,211018_Image_35,NA,DG5256_wDMP91,spn4_minus,Balancer_no_GFP,Y37H2A.12,12-15-cell,290,0,0,0,0
2121,Y37.csv,211018,Image_36,211018_Image_36,NA,DG5256_wDMP91,spn4_minus,Balancer_no_GFP,Y37H2A.12,12-15-cell,106,0,0,0,0
2122,Y37.csv,211015,Image_07,211015_Image_07,NA,DG5256_wDMP91,spn4_plus,Balancer_GFP,Y37H2A.12,12-15-cell,72,0,0,0,0
2123,Y37.csv,211015,Image_09,211015_Image_09,NA,DG5256_wDMP91,spn4_plus,Balancer_GFP,Y37H2A.12,12-15-cell,201,1,7,0.034825871,7
2124,Y37.csv,211015,Image_14,211015_Image_14,NA,DG5256_wDMP91,spn4_plus,Balancer_GFP,Y37H2A.12,12-15-cell,85,0,0,0,0
2125,Y37.csv,211015,Image_19,211015_Image_19,NA,DG5256_wDMP91,spn4_plus,Balancer_GFP,Y37H2A.12,12-15-cell,89,0,0,0,0
2126,Y37.csv,211015,Image_22,211015_Image_22,NA,DG5256_wDMP91,spn4_plus,Balancer_GFP,Y37H2A.12,12-15-cell,88,0,0,0,0
2127,Y37.csv,211018,Image_06,211018_Image_06,NA,DG5256_wDMP91,spn4_plus,Balancer_GFP,Y37H2A.12,12-15-cell,64,0,0,0,0
2128,Y37.csv,211018,Image_08,211018_Image_08,NA,DG5256_wDMP91,spn4_plus,Balancer_GFP,Y37H2A.12,12-15-cell,75,1,6,0.08,6
2129,Y37.csv,211018,Image_14,211018_Image_14,NA,DG5256_wDMP91,spn4_plus,Balancer_GFP,Y37H2A.12,12-15-cell,32,0,0,0,0
2130,Y37.csv,211018,Image_23,211018_Image_23,NA,DG5256_wDMP91,spn4_plus,Balancer_GFP,Y37H2A.12,12-15-cell,87,0,0,0,0
2131,Y37.csv,211015,Image_08,211015_Image_08,NA,DG5256_wDMP91,spn4_minus,Balancer_no_GFP,Y37H2A.12,16-28-cell,45,0,0,0,0
2132,Y37.csv,211015,Image_10,211015_Image_10,NA,DG5256_wDMP91,spn4_minus,Balancer_no_GFP,Y37H2A.12,16-28-cell,61,0,0,0,0
2133,Y37.csv,211015,Image_19,211015_Image_19,NA,DG5256_wDMP91,spn4_minus,Balancer_no_GFP,Y37H2A.12,16-28-cell,162,0,0,0,0
2134,Y37.csv,211015,Image_24,211015_Image_24,NA,DG5256_wDMP91,spn4_minus,Balancer_no_GFP,Y37H2A.12,16-28-cell,146,1,5,0.034246575,5
2135,Y37.csv,211018,Image_17,211018_Image_17,NA,DG5256_wDMP91,spn4_minus,Balancer_no_GFP,Y37H2A.12,16-28-cell,163,0,0,0,0
2136,Y37.csv,211018,Image_20,211018_Image_20,NA,DG5256_wDMP91,spn4_minus,Balancer_no_GFP,Y37H2A.12,16-28-cell,23,0,0,0,0
2137,Y37.csv,211018,Image_28,211018_Image_28,NA,DG5256_wDMP91,spn4_minus,Balancer_no_GFP,Y37H2A.12,16-28-cell,17,0,0,0,0
2138,Y37.csv,211018,Image_30,211018_Image_30,NA,DG5256_wDMP91,spn4_minus,Balancer_no_GFP,Y37H2A.12,16-28-cell,21,0,0,0,0
2139,Y37.csv,211015,Image_06,211015_Image_06,NA,N2,spn4_wt,N2,Y37H2A.12,2-cell,58,0,0,0,0
2140,Y37.csv,211015,Image_09,211015_Image_09,NA,N2,spn4_wt,N2,Y37H2A.12,2-cell,229,0,0,0,0
2141,Y37.csv,211015,Image_11,211015_Image_11,NA,N2,spn4_wt,N2,Y37H2A.12,2-cell,224,1,8,0.035714286,8
2142,Y37.csv,211018,Image_02,211018_Image_02,NA,N2,spn4_wt,N2,Y37H2A.12,2-cell,179,0,0,0,0
2143,Y37.csv,211018,Image_03,211018_Image_03,NA,N2,spn4_wt,N2,Y37H2A.12,2-cell,230,0,0,0,0
2144,Y37.csv,211018,Image_07,211018_Image_07,NA,N2,spn4_wt,N2,Y37H2A.12,2-cell,211,0,0,0,0
2145,Y37.csv,211018,Image_10,211018_Image_10,NA,N2,spn4_wt,N2,Y37H2A.12,2-cell,483,0,0,0,0
2146,Y37.csv,211015,Image_02,211015_Image_02,NA,N2,spn4_wt,N2,Y37H2A.12,4-cell,239,0,0,0,0
2147,Y37.csv,211015,Image_04,211015_Image_04,NA,N2,spn4_wt,N2,Y37H2A.12,4-cell,118,0,0,0,0
2148,Y37.csv,211015,Image_06,211015_Image_06,NA,N2,spn4_wt,N2,Y37H2A.12,4-cell,147,0,0,0,0
2149,Y37.csv,211015,Image_15,211015_Image_15,NA,N2,spn4_wt,N2,Y37H2A.12,4-cell,94,0,0,0,0
2150,Y37.csv,211018,Image_04,211018_Image_04,NA,N2,spn4_wt,N2,Y37H2A.12,4-cell,44,0,0,0,0
2151,Y37.csv,211018,Image_05,211018_Image_05,NA,N2,spn4_wt,N2,Y37H2A.12,4-cell,144,0,0,0,0
2152,Y37.csv,211018,Image_06,211018_Image_06,NA,N2,spn4_wt,N2,Y37H2A.12,4-cell,137,1,8,0.058394161,8
2153,Y37.csv,211018,Image_09,211018_Image_09,NA,N2,spn4_wt,N2,Y37H2A.12,4-cell,108,0,0,0,0
2154,Y37.csv,211018,Image_13,211018_Image_13,NA,N2,spn4_wt,N2,Y37H2A.12,4-cell,128,0,0,0,0
2155,Y37.csv,211018,Image_14,211018_Image_14_left,left,N2,spn4_wt,N2,Y37H2A.12,4-cell,176,0,0,0,0
2156,Y37.csv,211018,Image_14,211018_Image_14_bottom,bottom,N2,spn4_wt,N2,Y37H2A.12,4-cell,110,0,0,0,0
2157,Y37.csv,211015,Image_03,211015_Image_03,NA,N2,spn4_wt,N2,Y37H2A.12,8-11-cell,94,0,0,0,0
2158,Y37.csv,211015,Image_08,211015_Image_08,NA,N2,spn4_wt,N2,Y37H2A.12,8-11-cell,91,0,0,0,0
2159,Y37.csv,211015,Image_10,211015_Image_10,NA,N2,spn4_wt,N2,Y37H2A.12,8-11-cell,152,0,0,0,0
2160,Y37.csv,211015,Image_13,211015_Image_13,NA,N2,spn4_wt,N2,Y37H2A.12,8-11-cell,132,1,5,0.037878788,5
2161,Y37.csv,211018,Image_01,211018_Image_01,NA,N2,spn4_wt,N2,Y37H2A.12,8-11-cell,66,0,0,0,0
2162,Y37.csv,211018,Image_12,211018_Image_12,NA,N2,spn4_wt,N2,Y37H2A.12,8-11-cell,96,0,0,0,0
2163,Y37.csv,211018,Image_16,211018_Image_16,NA,N2,spn4_wt,N2,Y37H2A.12,8-11-cell,48,0,0,0,0
2164,Y37.csv,211015,Image_05,211015_Image_05,NA,N2,spn4_wt,N2,Y37H2A.12,12-15-cell,76,0,0,0,0
2165,Y37.csv,211015,Image_12,211015_Image_12,NA,N2,spn4_wt,N2,Y37H2A.12,12-15-cell,20,0,0,0,0
2166,Y37.csv,211015,Image_13,211015_Image_13,NA,N2,spn4_wt,N2,Y37H2A.12,12-15-cell,49,0,0,0,0
2167,Y37.csv,211015,Image_14,211015_Image_14,NA,N2,spn4_wt,N2,Y37H2A.12,12-15-cell,55,0,0,0,0
2168,Y37.csv,211018,Image_04,211018_Image_04,NA,N2,spn4_wt,N2,Y37H2A.12,12-15-cell,34,0,0,0,0
2169,Y37.csv,211018,Image_08,211018_Image_08,NA,N2,spn4_wt,N2,Y37H2A.12,12-15-cell,29,0,0,0,0
2170,Y37.csv,211018,Image_11,211018_Image_11,NA,N2,spn4_wt,N2,Y37H2A.12,12-15-cell,21,0,0,0,0
2171,Y37.csv,211018,Image_12,211018_Image_12,NA,N2,spn4_wt,N2,Y37H2A.12,12-15-cell,21,0,0,0,0
2172,Y37.csv,211015,Image_01,211015_Image_01_left,left,N2,spn4_wt,N2,Y37H2A.12,16-28-cell,37,0,0,0,0
2173,Y37.csv,211015,Image_01,211015_Image_01_right,right,N2,spn4_wt,N2,Y37H2A.12,16-28-cell,13,0,0,0,0
2174,Y37.csv,211015,Image_07,211015_Image_07,NA,N2,spn4_wt,N2,Y37H2A.12,16-28-cell,29,0,0,0,0
2175,Y37.csv,211015,Image_08,211015_Image_08,NA,N2,spn4_wt,N2,Y37H2A.12,16-28-cell,15,0,0,0,0
2176,Y37.csv,211018,Image_01,211018_Image_01,NA,N2,spn4_wt,N2,Y37H2A.12,16-28-cell,13,1,7,0.538461538,7
2177,Y37.csv,211018,Image_15,211018_Image_15,NA,N2,spn4_wt,N2,Y37H2A.12,16-28-cell,4,0,0,0,0
2178,Y37.csv,211018,Image_17,211018_Image_17,NA,N2,spn4_wt,N2,Y37H2A.12,16-28-cell,13,0,0,0,0
2179,ZK666.csv,211015,Image_18,211015_Image_18,NA,DG5256_wDMP91,spn4_plus,Balancer_GFP,ZK666.4,2-cell,336,0,0,0,0
2180,ZK666.csv,211015,Image_20,211015_Image_20_bottom_left,bottom,DG5256_wDMP91,spn4_plus,Balancer_GFP,ZK666.4,2-cell,443,0,0,0,0
2181,ZK666.csv,211015,Image_20,211015_Image_20_upper_right,upper,DG5256_wDMP91,spn4_plus,Balancer_GFP,ZK666.4,2-cell,116,1,8,0.068965517,8
2182,ZK666.csv,211018,Image_04,211018_Image_04,NA,DG5256_wDMP91,spn4_plus,Balancer_GFP,ZK666.4,2-cell,395,0,0,0,0
2183,ZK666.csv,211018,Image_09,211018_Image_09,NA,DG5256_wDMP91,spn4_plus,Balancer_GFP,ZK666.4,2-cell,147,0,0,0,0
2184,ZK666.csv,211018,Image_11,211018_Image_11,NA,DG5256_wDMP91,spn4_plus,Balancer_GFP,ZK666.4,2-cell,623,0,0,0,0
2185,ZK666.csv,211018,Image_12,211018_Image_12,NA,DG5256_wDMP91,spn4_plus,Balancer_GFP,ZK666.4,2-cell,340,0,0,0,0
2186,ZK666.csv,211018,Image_29,211018_Image_29,NA,DG5256_wDMP91,spn4_plus,Balancer_GFP,ZK666.4,2-cell,565,0,0,0,0
2187,ZK666.csv,211015,Image_10,211015_Image_10,NA,DG5256_wDMP91,spn4_minus,Balancer_no_GFP,ZK666.4,2-cell,407,0,0,0,0
2188,ZK666.csv,211015,Image_12,211015_Image_12,NA,DG5256_wDMP91,spn4_minus,Balancer_no_GFP,ZK666.4,2-cell,500,0,0,0,0
2189,ZK666.csv,211015,Image_15,211015_Image_15,NA,DG5256_wDMP91,spn4_minus,Balancer_no_GFP,ZK666.4,2-cell,431,1,5,0.011600928,5
2190,ZK666.csv,211015,Image_25,211015_Image_25_left,left,DG5256_wDMP91,spn4_minus,Balancer_no_GFP,ZK666.4,2-cell,331,0,0,0,0
2191,ZK666.csv,211015,Image_25,211015_Image_25_right,right,DG5256_wDMP91,spn4_minus,Balancer_no_GFP,ZK666.4,2-cell,594,0,0,0,0
2192,ZK666.csv,211018,Image_01,211018_Image_01,NA,DG5256_wDMP91,spn4_minus,Balancer_no_GFP,ZK666.4,2-cell,79,0,0,0,0
2193,ZK666.csv,211018,Image_30,211018_Image_30,NA,DG5256_wDMP91,spn4_minus,Balancer_no_GFP,ZK666.4,2-cell,755,1,5,0.006622517,5
2194,ZK666.csv,211018,Image_31,211018_Image_31,NA,DG5256_wDMP91,spn4_minus,Balancer_no_GFP,ZK666.4,2-cell,425,0,0,0,0
2195,ZK666.csv,211018,Image_38,211018_Image_38,NA,DG5256_wDMP91,spn4_minus,Balancer_no_GFP,ZK666.4,2-cell,436,0,0,0,0
2196,ZK666.csv,211015,Image_21,211015_Image_21,NA,DG5256_wDMP91,spn4_minus,Balancer_no_GFP,ZK666.4,4-cell,387,0,0,0,0
2197,ZK666.csv,211015,Image_22,211015_Image_22,NA,DG5256_wDMP91,spn4_minus,Balancer_no_GFP,ZK666.4,4-cell,329,0,0,0,0
2198,ZK666.csv,211015,Image_23,211015_Image_23,NA,DG5256_wDMP91,spn4_minus,Balancer_no_GFP,ZK666.4,4-cell,1281,10,65,0.050741608,6.5
2199,ZK666.csv,211018,Image_33,211018_Image_33,NA,DG5256_wDMP91,spn4_minus,Balancer_no_GFP,ZK666.4,4-cell,276,0,0,0,0
2200,ZK666.csv,211018,Image_37,211018_Image_37,NA,DG5256_wDMP91,spn4_minus,Balancer_no_GFP,ZK666.4,4-cell,464,0,0,0,0
2201,ZK666.csv,211018,Image_39,211018_Image_39,NA,DG5256_wDMP91,spn4_minus,Balancer_no_GFP,ZK666.4,4-cell,751,2,18,0.023968043,9
2202,ZK666.csv,211018,Image_40,211018_Image_40,NA,DG5256_wDMP91,spn4_minus,Balancer_no_GFP,ZK666.4,4-cell,645,0,0,0,0
2203,ZK666.csv,211018,Image_41,211018_Image_41,NA,DG5256_wDMP91,spn4_minus,Balancer_no_GFP,ZK666.4,4-cell,538,0,0,0,0
2204,ZK666.csv,211015,Image_04,211015_Image_04,NA,DG5256_wDMP91,spn4_plus,Balancer_GFP,ZK666.4,4-cell,1398,11,81,0.057939914,7.363636364
2205,ZK666.csv,211015,Image_05,211015_Image_05,NA,DG5256_wDMP91,spn4_plus,Balancer_GFP,ZK666.4,4-cell,270,0,0,0,0
2206,ZK666.csv,211015,Image_11,211015_Image_11,NA,DG5256_wDMP91,spn4_plus,Balancer_GFP,ZK666.4,4-cell,1136,12,79,0.069542254,6.583333333
2207,ZK666.csv,211015,Image_13,211015_Image_13,NA,DG5256_wDMP91,spn4_plus,Balancer_GFP,ZK666.4,4-cell,1528,13,75,0.04908377,5.769230769
2208,ZK666.csv,211015,Image_24,211015_Image_24,NA,DG5256_wDMP91,spn4_plus,Balancer_GFP,ZK666.4,4-cell,542,0,0,0,0
2209,ZK666.csv,211018,Image_15,211018_Image_15,NA,DG5256_wDMP91,spn4_plus,Balancer_GFP,ZK666.4,4-cell,375,0,0,0,0
2210,ZK666.csv,211018,Image_19,211018_Image_19,NA,DG5256_wDMP91,spn4_plus,Balancer_GFP,ZK666.4,4-cell,476,0,0,0,0
2211,ZK666.csv,211018,Image_27,211018_Image_27,NA,DG5256_wDMP91,spn4_plus,Balancer_GFP,ZK666.4,4-cell,1530,11,183,0.119607843,16.63636364
2212,ZK666.csv,211015,Image_02,211015_Image_02,NA,DG5256_wDMP91,spn4_plus,Balancer_GFP,ZK666.4,8-11-cell,5798,93,783,0.135046568,8.419354839
2213,ZK666.csv,211015,Image_03,211015_Image_03,NA,DG5256_wDMP91,spn4_plus,Balancer_GFP,ZK666.4,8-11-cell,5010,75,1102,0.21996008,14.69333333
2214,ZK666.csv,211015,Image_05,211015_Image_05,NA,DG5256_wDMP91,spn4_plus,Balancer_GFP,ZK666.4,8-11-cell,2864,22,1211,0.422835196,55.04545455
2215,ZK666.csv,211015,Image_17,211015_Image_17,NA,DG5256_wDMP91,spn4_plus,Balancer_GFP,ZK666.4,8-11-cell,4750,66,488,0.102736842,7.393939394
2216,ZK666.csv,211015,Image_21,211015_Image_21,NA,DG5256_wDMP91,spn4_plus,Balancer_GFP,ZK666.4,8-11-cell,1755,14,128,0.072934473,9.142857143
2217,ZK666.csv,211018,Image_10,211018_Image_10,NA,DG5256_wDMP91,spn4_plus,Balancer_GFP,ZK666.4,8-11-cell,3547,37,342,0.096419509,9.243243243
2218,ZK666.csv,211018,Image_18,211018_Image_18,NA,DG5256_wDMP91,spn4_plus,Balancer_GFP,ZK666.4,8-11-cell,5210,70,475,0.091170825,6.785714286
2219,ZK666.csv,211018,Image_23,211018_Image_23,NA,DG5256_wDMP91,spn4_plus,Balancer_GFP,ZK666.4,8-11-cell,5720,93,637,0.111363636,6.849462366
2220,ZK666.csv,211018,Image_26,211018_Image_26,NA,DG5256_wDMP91,spn4_plus,Balancer_GFP,ZK666.4,8-11-cell,4424,67,486,0.109855335,7.253731343
2221,ZK666.csv,211015,Image_08,211015_Image_08,NA,DG5256_wDMP91,spn4_plus,Balancer_GFP,ZK666.4,16-28-cell,3578,92,667,0.186416993,7.25
2222,ZK666.csv,211015,Image_09,211015_Image_09,NA,DG5256_wDMP91,spn4_plus,Balancer_GFP,ZK666.4,16-28-cell,1536,48,542,0.352864583,11.29166667
2223,ZK666.csv,211015,Image_11,211015_Image_11,NA,DG5256_wDMP91,spn4_plus,Balancer_GFP,ZK666.4,16-28-cell,1066,12,112,0.105065666,9.333333333
2224,ZK666.csv,211018,Image_02,211018_Image_02,NA,DG5256_wDMP91,spn4_plus,Balancer_GFP,ZK666.4,16-28-cell,397,5,44,0.110831234,8.8
2225,ZK666.csv,211018,Image_05,211018_Image_05,NA,DG5256_wDMP91,spn4_plus,Balancer_GFP,ZK666.4,16-28-cell,1125,10,57,0.050666667,5.7
2226,ZK666.csv,211018,Image_13,211018_Image_13,NA,DG5256_wDMP91,spn4_plus,Balancer_GFP,ZK666.4,16-28-cell,679,10,140,0.206185567,14
2227,ZK666.csv,211018,Image_16,211018_Image_16,NA,DG5256_wDMP91,spn4_plus,Balancer_GFP,ZK666.4,16-28-cell,751,12,115,0.153129161,9.583333333
2228,ZK666.csv,211018,Image_21,211018_Image_21,NA,DG5256_wDMP91,spn4_plus,Balancer_GFP,ZK666.4,16-28-cell,325,1,5,0.015384615,5
2229,ZK666.csv,211015,Image_03,211015_Image_03,NA,DG5256_wDMP91,spn4_minus,Balancer_no_GFP,ZK666.4,8-11-cell,793,13,87,0.109709962,6.692307692
2230,ZK666.csv,211015,Image_12,211015_Image_12,NA,DG5256_wDMP91,spn4_minus,Balancer_no_GFP,ZK666.4,8-11-cell,1092,7,45,0.041208791,6.428571429
2231,ZK666.csv,211015,Image_15,211015_Image_15,NA,DG5256_wDMP91,spn4_minus,Balancer_no_GFP,ZK666.4,8-11-cell,270,1,12,0.044444444,12
2232,ZK666.csv,211015,Image_23,211015_Image_23,NA,DG5256_wDMP91,spn4_minus,Balancer_no_GFP,ZK666.4,8-11-cell,639,1,5,0.007824726,5
2233,ZK666.csv,211018,Image_03,211018_Image_03,NA,DG5256_wDMP91,spn4_minus,Balancer_no_GFP,ZK666.4,8-11-cell,1141,0,0,0,0
2234,ZK666.csv,211018,Image_24,211018_Image_24,NA,DG5256_wDMP91,spn4_minus,Balancer_no_GFP,ZK666.4,8-11-cell,1036,6,42,0.040540541,7
2235,ZK666.csv,211018,Image_25,211018_Image_25,NA,DG5256_wDMP91,spn4_minus,Balancer_no_GFP,ZK666.4,8-11-cell,888,1,7,0.007882883,7
2236,ZK666.csv,211018,Image_34,211018_Image_34,NA,DG5256_wDMP91,spn4_minus,Balancer_no_GFP,ZK666.4,8-11-cell,711,7,54,0.075949367,7.714285714
2237,ZK666.csv,211015,Image_01,211015_Image_01,NA,DG5256_wDMP91,spn4_minus,Balancer_no_GFP,ZK666.4,12-15-cell,752,2,14,0.018617021,7
2238,ZK666.csv,211015,Image_06,211015_Image_06,NA,DG5256_wDMP91,spn4_minus,Balancer_no_GFP,ZK666.4,12-15-cell,2091,10,57,0.027259684,5.7
2239,ZK666.csv,211015,Image_16,211015_Image_16,NA,DG5256_wDMP91,spn4_minus,Balancer_no_GFP,ZK666.4,12-15-cell,557,0,0,0,0
2240,ZK666.csv,211018,Image_07,211018_Image_07,NA,DG5256_wDMP91,spn4_minus,Balancer_no_GFP,ZK666.4,12-15-cell,2242,15,97,0.043264942,6.466666667
2241,ZK666.csv,211018,Image_22,211018_Image_22,NA,DG5256_wDMP91,spn4_minus,Balancer_no_GFP,ZK666.4,12-15-cell,3906,67,486,0.124423963,7.253731343
2242,ZK666.csv,211018,Image_32,211018_Image_32,NA,DG5256_wDMP91,spn4_minus,Balancer_no_GFP,ZK666.4,12-15-cell,3660,64,557,0.152185792,8.703125
2243,ZK666.csv,211018,Image_35,211018_Image_35,NA,DG5256_wDMP91,spn4_minus,Balancer_no_GFP,ZK666.4,12-15-cell,2643,47,390,0.147559591,8.29787234
2244,ZK666.csv,211018,Image_36,211018_Image_36,NA,DG5256_wDMP91,spn4_minus,Balancer_no_GFP,ZK666.4,12-15-cell,1565,10,59,0.037699681,5.9
2245,ZK666.csv,211015,Image_07,211015_Image_07,NA,DG5256_wDMP91,spn4_plus,Balancer_GFP,ZK666.4,12-15-cell,4738,56,335,0.070704939,5.982142857
2246,ZK666.csv,211015,Image_09,211015_Image_09,NA,DG5256_wDMP91,spn4_plus,Balancer_GFP,ZK666.4,12-15-cell,7443,154,1206,0.162031439,7.831168831
2247,ZK666.csv,211015,Image_14,211015_Image_14,NA,DG5256_wDMP91,spn4_plus,Balancer_GFP,ZK666.4,12-15-cell,5672,90,595,0.104901269,6.611111111
2248,ZK666.csv,211015,Image_19,211015_Image_19,NA,DG5256_wDMP91,spn4_plus,Balancer_GFP,ZK666.4,12-15-cell,6694,98,671,0.10023902,6.846938776
2249,ZK666.csv,211015,Image_22,211015_Image_22,NA,DG5256_wDMP91,spn4_plus,Balancer_GFP,ZK666.4,12-15-cell,5866,130,951,0.162120696,7.315384615
2250,ZK666.csv,211018,Image_06,211018_Image_06,NA,DG5256_wDMP91,spn4_plus,Balancer_GFP,ZK666.4,12-15-cell,3389,49,324,0.095603423,6.612244898
2251,ZK666.csv,211018,Image_08,211018_Image_08,NA,DG5256_wDMP91,spn4_plus,Balancer_GFP,ZK666.4,12-15-cell,3252,46,280,0.086100861,6.086956522
2252,ZK666.csv,211018,Image_14,211018_Image_14,NA,DG5256_wDMP91,spn4_plus,Balancer_GFP,ZK666.4,12-15-cell,2887,21,130,0.045029442,6.19047619
2253,ZK666.csv,211018,Image_23,211018_Image_23,NA,DG5256_wDMP91,spn4_plus,Balancer_GFP,ZK666.4,12-15-cell,4694,78,527,0.112270984,6.756410256
2254,ZK666.csv,211015,Image_08,211015_Image_08,NA,DG5256_wDMP91,spn4_minus,Balancer_no_GFP,ZK666.4,16-28-cell,3113,61,496,0.159331834,8.131147541
2255,ZK666.csv,211015,Image_10,211015_Image_10,NA,DG5256_wDMP91,spn4_minus,Balancer_no_GFP,ZK666.4,16-28-cell,3366,71,541,0.160724896,7.61971831
2256,ZK666.csv,211015,Image_19,211015_Image_19,NA,DG5256_wDMP91,spn4_minus,Balancer_no_GFP,ZK666.4,16-28-cell,2251,33,278,0.123500666,8.424242424
2257,ZK666.csv,211015,Image_24,211015_Image_24,NA,DG5256_wDMP91,spn4_minus,Balancer_no_GFP,ZK666.4,16-28-cell,4121,112,1060,0.257219122,9.464285714
2258,ZK666.csv,211018,Image_17,211018_Image_17,NA,DG5256_wDMP91,spn4_minus,Balancer_no_GFP,ZK666.4,16-28-cell,4460,80,662,0.148430493,8.275
2259,ZK666.csv,211018,Image_20,211018_Image_20,NA,DG5256_wDMP91,spn4_minus,Balancer_no_GFP,ZK666.4,16-28-cell,1275,29,378,0.296470588,13.03448276
2260,ZK666.csv,211018,Image_28,211018_Image_28,NA,DG5256_wDMP91,spn4_minus,Balancer_no_GFP,ZK666.4,16-28-cell,65,0,0,0,0
2261,ZK666.csv,211018,Image_30,211018_Image_30,NA,DG5256_wDMP91,spn4_minus,Balancer_no_GFP,ZK666.4,16-28-cell,102,2,20,0.196078431,10
2262,ZK666.csv,211015,Image_06,211015_Image_06,NA,N2,spn4_wt,N2,ZK666.4,2-cell,117,0,0,0,0
2263,ZK666.csv,211015,Image_09,211015_Image_09,NA,N2,spn4_wt,N2,ZK666.4,2-cell,375,1,5,0.013333333,5
2264,ZK666.csv,211015,Image_11,211015_Image_11,NA,N2,spn4_wt,N2,ZK666.4,2-cell,379,0,0,0,0
2265,ZK666.csv,211018,Image_02,211018_Image_02,NA,N2,spn4_wt,N2,ZK666.4,2-cell,133,0,0,0,0
2266,ZK666.csv,211018,Image_03,211018_Image_03,NA,N2,spn4_wt,N2,ZK666.4,2-cell,209,0,0,0,0
2267,ZK666.csv,211018,Image_07,211018_Image_07,NA,N2,spn4_wt,N2,ZK666.4,2-cell,273,0,0,0,0
2268,ZK666.csv,211018,Image_10,211018_Image_10,NA,N2,spn4_wt,N2,ZK666.4,2-cell,445,0,0,0,0
2269,ZK666.csv,211015,Image_02,211015_Image_02,NA,N2,spn4_wt,N2,ZK666.4,4-cell,1416,11,66,0.046610169,6
2270,ZK666.csv,211015,Image_04,211015_Image_04,NA,N2,spn4_wt,N2,ZK666.4,4-cell,589,8,63,0.106960951,7.875
2271,ZK666.csv,211015,Image_06,211015_Image_06,NA,N2,spn4_wt,N2,ZK666.4,4-cell,640,0,0,0,0
2272,ZK666.csv,211015,Image_15,211015_Image_15,NA,N2,spn4_wt,N2,ZK666.4,4-cell,443,1,5,0.011286682,5
2273,ZK666.csv,211018,Image_04,211018_Image_04,NA,N2,spn4_wt,N2,ZK666.4,4-cell,1302,9,57,0.043778802,6.333333333
2274,ZK666.csv,211018,Image_05,211018_Image_05,NA,N2,spn4_wt,N2,ZK666.4,4-cell,420,0,0,0,0
2275,ZK666.csv,211018,Image_06,211018_Image_06,NA,N2,spn4_wt,N2,ZK666.4,4-cell,423,0,0,0,0
2276,ZK666.csv,211018,Image_09,211018_Image_09,NA,N2,spn4_wt,N2,ZK666.4,4-cell,73,0,0,0,0
2277,ZK666.csv,211018,Image_13,211018_Image_13,NA,N2,spn4_wt,N2,ZK666.4,4-cell,91,0,0,0,0
2278,ZK666.csv,211018,Image_14,211018_Image_14_left,left,N2,spn4_wt,N2,ZK666.4,4-cell,77,0,0,0,0
2279,ZK666.csv,211018,Image_14,211018_Image_14_bottom,bottom,N2,spn4_wt,N2,ZK666.4,4-cell,111,0,0,0,0
2280,ZK666.csv,211015,Image_03,211015_Image_03,NA,N2,spn4_wt,N2,ZK666.4,8-11-cell,2169,35,242,0.111572153,6.914285714
2281,ZK666.csv,211015,Image_08,211015_Image_08,NA,N2,spn4_wt,N2,ZK666.4,8-11-cell,2688,22,130,0.048363095,5.909090909
2282,ZK666.csv,211015,Image_10,211015_Image_10,NA,N2,spn4_wt,N2,ZK666.4,8-11-cell,5112,61,429,0.083920188,7.032786885
2283,ZK666.csv,211015,Image_13,211015_Image_13,NA,N2,spn4_wt,N2,ZK666.4,8-11-cell,756,0,0,0,0
2284,ZK666.csv,211018,Image_01,211018_Image_01,NA,N2,spn4_wt,N2,ZK666.4,8-11-cell,747,3,25,0.033467202,8.333333333
2285,ZK666.csv,211018,Image_12,211018_Image_12,NA,N2,spn4_wt,N2,ZK666.4,8-11-cell,2414,31,206,0.085335543,6.64516129
2286,ZK666.csv,211018,Image_16,211018_Image_16,NA,N2,spn4_wt,N2,ZK666.4,8-11-cell,2732,50,362,0.13250366,7.24
2287,ZK666.csv,211015,Image_05,211015_Image_05,NA,N2,spn4_wt,N2,ZK666.4,12-15-cell,4476,54,337,0.075290438,6.240740741
2288,ZK666.csv,211015,Image_12,211015_Image_12,NA,N2,spn4_wt,N2,ZK666.4,12-15-cell,618,3,16,0.025889968,5.333333333
2289,ZK666.csv,211015,Image_13,211015_Image_13,NA,N2,spn4_wt,N2,ZK666.4,12-15-cell,2271,9,45,0.019815059,5
2290,ZK666.csv,211015,Image_14,211015_Image_14,NA,N2,spn4_wt,N2,ZK666.4,12-15-cell,2021,13,79,0.03908956,6.076923077
2291,ZK666.csv,211018,Image_04,211018_Image_04,NA,N2,spn4_wt,N2,ZK666.4,12-15-cell,683,1,5,0.007320644,5
2292,ZK666.csv,211018,Image_08,211018_Image_08,NA,N2,spn4_wt,N2,ZK666.4,12-15-cell,2229,32,221,0.0991476,6.90625
2293,ZK666.csv,211018,Image_11,211018_Image_11,NA,N2,spn4_wt,N2,ZK666.4,12-15-cell,2591,28,169,0.065225782,6.035714286
2294,ZK666.csv,211018,Image_12,211018_Image_12,NA,N2,spn4_wt,N2,ZK666.4,12-15-cell,1010,3,19,0.018811881,6.333333333
2295,ZK666.csv,211015,Image_01,211015_Image_01_left,left,N2,spn4_wt,N2,ZK666.4,16-28-cell,810,8,47,0.058024691,5.875
2296,ZK666.csv,211015,Image_01,211015_Image_01_right,right,N2,spn4_wt,N2,ZK666.4,16-28-cell,309,1,6,0.019417476,6
2297,ZK666.csv,211015,Image_07,211015_Image_07,NA,N2,spn4_wt,N2,ZK666.4,16-28-cell,1722,6,34,0.019744483,5.666666667
2298,ZK666.csv,211015,Image_08,211015_Image_08,NA,N2,spn4_wt,N2,ZK666.4,16-28-cell,735,4,25,0.034013605,6.25
2299,ZK666.csv,211018,Image_01,211018_Image_01,NA,N2,spn4_wt,N2,ZK666.4,16-28-cell,269,0,0,0,0
2300,ZK666.csv,211018,Image_15,211018_Image_15,NA,N2,spn4_wt,N2,ZK666.4,16-28-cell,125,0,0,0,0
2301,ZK666.csv,211018,Image_17,211018_Image_17,NA,N2,spn4_wt,N2,ZK666.4,16-28-cell,410,3,15,0.036585366,5